field_1,序號,縣市別代碼,機關代碼,市話,傳真,年,月,日,時,分,縣市,區,死亡數量,受傷數量,2-30,天候,道路照明設備,道路類別,道路速限,道路型態,事故位置,路面鋪裝,路面狀態,路面缺陷,障礙物,視距,號誌種類,號誌動作,分向設施,快車道或一般車道間,快慢車道間,路面邊線,事故類型及型態,受傷程度,主要傷處,保護裝備,行動電話或功能裝置,當事者區分(類別),車輛用途,當事者行動狀態,駕照狀態,駕照種類,飲酒情形,車輛撞擊部位最初,車輛撞擊部位其他,肇事因素個別,肇事因素主要,肇事逃逸,職業,共享經濟或外送平台,GPS座標X,GPS座標Y,事故類別,﻿序號
"10172","10173.0","66000",387130000C,(04)23274275,(04)23288582,"2025","8","27","9","57",臺中市,西屯區,"0","1","0","7.0","2.0","6.0","40.0","13.0","11.0","1.0","5.0","4.0","6.0","6.0","4.0","4.0","1.0","3.0","4.0","1.0","17.0","2.0","9.0","4.0","4.0",F02,"7.0","9.0","7.0","21.0","2.0","16.0",,"85.0","85.0","1.0","12.0","4.0",215913.719146447,2674745.65482254,"2.0",
"10327","10328.0","66000",387130000C,(04)23274275,(04)23288582,"2025","8","27","16","54",臺中市,后里區,"0","2","0","7.0","2.0","6.0","50.0","4.0","1.0","1.0","5.0","4.0","6.0","6.0","3.0","1.0","10.0","5.0","5.0","2.0","12.0","2.0","7.0","1.0","1.0",F01,"7.0","6.0","7.0","21.0","2.0","14.0",,"11.0","11.0","1.0","4.0","4.0",222179.182515873,2689292.45730786,"2.0",
"10329","10330.0","66000",387130000C,(04)23274275,(04)23288582,"2025","8","27","16","58",臺中市,大甲區,"0","1","0","7.0","3.0","6.0","50.0","3.0","1.0","1.0","5.0","4.0","6.0","6.0","4.0","4.0","10.0","5.0","5.0","2.0","18.0","2.0","9.0","5.0","4.0",F01,"7.0","1.0","7.0","21.0","8.0","15.0",,"84.0","84.0","1.0","12.0","4.0",211692.466718102,2693270.1557351,"2.0",
"10560","10561.0","66000",387130000C,(04)23274275,(04)23288582,"2025","8","28","10","49",臺中市,沙鹿區,"0","2","0","7.0","3.0","6.0","50.0","4.0","1.0","1.0","5.0","4.0","6.0","6.0","1.0","1.0","10.0","5.0","5.0","2.0","17.0","2.0","7.0","6.0","1.0",F01,"7.0","11.0","7.0","21.0","2.0","13.0",,"39.0","39.0","1.0","3.0","4.0",206183.022766319,2679979.16277918,"2.0",
"10574","10575.0","66000",387130000C,(04)23274275,(04)23288582,"2025","8","28","11","16",臺中市,霧峰區,"0","1","0","7.0","2.0","6.0","50.0","11.0","9.0","1.0","5.0","4.0","6.0","6.0","4.0","4.0","5.0","5.0","4.0","2.0","18.0","2.0","9.0","2.0","1.0",F01,"7.0","9.0","7.0","21.0","2.0","14.0",,"84.0","84.0","1.0","6.0","4.0",221153.147495883,2663135.0633146,"2.0",
"10628","10629.0","66000",387130000C,(04)23274275,(04)23288582,"2025","8","28","13","37",臺中市,東區,"0","1","0","7.0","1.0","6.0","50.0","13.0","8.0","1.0","5.0","4.0","6.0","6.0","4.0","4.0","9.0","4.0","5.0","2.0","18.0","2.0","9.0","1.0","1.0",F01,"7.0","8.0","7.0","21.0","2.0","14.0","12.0","84.0","84.0","1.0","12.0","1.0",218419.327795752,2670569.86703318,"2.0",
"10656","10657.0","66000",387130000C,(04)23274275,(04)23288582,"2025","8","28","14","42",臺中市,神岡區,"0","1","0","7.0","1.0","6.0","50.0","13.0","9.0","1.0","5.0","4.0","6.0","6.0","3.0","1.0","5.0","5.0","5.0","1.0","13.0","2.0","9.0","1.0","4.0",F01,"7.0","9.0","7.0","21.0","2.0","11.0",,"7.0","7.0","1.0","12.0","4.0",220774.483177509,2683562.18228235,"2.0",
"10673","10674.0","66000",387130000C,(04)23274275,(04)23288582,"2025","8","28","15","30",臺中市,后里區,"0","1","0","7.0","2.0","8.0","30.0","13.0","13.0","2.0","5.0","4.0","6.0","6.0","4.0","4.0","5.0","5.0","5.0","2.0","18.0","2.0","9.0","1.0","1.0",F02,"7.0","9.0","7.0","21.0","2.0","11.0",,"59.0","59.0","1.0","12.0","4.0",222857.499299698,2688026.56271883,"2.0",
"10680","10681.0","66000",387130000C,(04)23274275,(04)23288582,"2025","8","28","15","51",臺中市,潭子區,"0","2","0","7.0","3.0","6.0","50.0","13.0","7.0","1.0","5.0","4.0","3.0","3.0","4.0","4.0","5.0","5.0","4.0","2.0","16.0","2.0","1.0","4.0","1.0",F01,"7.0","11.0","7.0","21.0","2.0","11.0",,"46.0","46.0","1.0","13.0","4.0",219656.326757617,2678104.12683781,"2.0",
"10689","10690.0","66000",387130000C,(04)23274275,(04)23288582,"2025","8","28","16","10",臺中市,神岡區,"0","0","0","7.0",,,"60.0",,,,,,,,,,,,,,"12.0",,,,,F01,,,"1.0",,"2.0",,,"7.0","7.0","1.0","13.0","4.0",120.710503,24.26105,"3.0",
"10730","10731.0","66000",387130000C,(04)23274275,(04)23288582,"2025","8","28","17","26",臺中市,西區,"0","1","0","7.0","2.0","6.0","50.0","3.0","1.0","1.0","5.0","4.0","6.0","6.0","4.0","4.0","10.0","5.0","5.0","2.0","30.0","2.0","9.0","6.0","1.0",F01,"7.0","15.0","7.0","21.0","2.0","12.0",,"84.0","84.0","1.0","12.0","4.0",216606.73149875,2670623.61922769,"2.0",
"10760","10761.0","66000",387130000C,(04)23274275,(04)23288582,"2025","8","28","18","20",臺中市,潭子區,"0","0","0","7.0",,,"50.0",,,,,,,,,,,,,,,,,,,F01,,,"7.0",,"2.0",,,"59.0","59.0","1.0","13.0","4.0",120.69642,24.195703,"3.0",
"10900","10901.0","66000",387130000C,(04)23274275,(04)23288582,"2025","8","29","8","20",臺中市,清水區,"0","1","0","7.0","3.0","6.0","50.0","3.0","2.0","1.0","5.0","4.0","6.0","6.0","4.0","4.0","5.0","5.0","5.0","1.0","12.0","3.0","10.0","6.0","1.0",F01,"7.0","6.0","7.0","21.0","2.0","14.0",,"48.0","48.0","1.0","12.0","4.0",120.570327,24.269314,"2.0",
"11063","11064.0","66000",387130000C,(04)23274275,(04)23288582,"2025","8","29","14","8",臺中市,霧峰區,"0","0","0","7.0",,,"50.0",,,,,,,,,,,,,,"17.0",,,,,F01,,,"7.0",,"1.0",,,"42.0","42.0","1.0","13.0","4.0",120.699533,24.069011,"3.0",
"11113","11114.0","66000",387130000C,(04)23274275,(04)23288582,"2025","8","29","16","0",臺中市,神岡區,"0","2","0","7.0","1.0","6.0","50.0","3.0","1.0","1.0","5.0","4.0","6.0","6.0","4.0","4.0","10.0","5.0","4.0","2.0","16.0","2.0","9.0","1.0","1.0",F01,"7.0","6.0","7.0","21.0","2.0","11.0",,"48.0","48.0","1.0","12.0","4.0",215322.063241498,2683546.57536494,"2.0",
"11154","11155.0","66000",387130000C,(04)23274275,(04)23288582,"2025","8","29","17","10",臺中市,太平區,"0","2","0","7.0","3.0","6.0","40.0","4.0","1.0","1.0","5.0","4.0","6.0","6.0","1.0","1.0","10.0","5.0","5.0","2.0","16.0","2.0","9.0","4.0","1.0",F01,"7.0","6.0","7.0","21.0","2.0","12.0",,"48.0","48.0","1.0","3.0","4.0",221945.94861391,2667355.70815731,"2.0",
"11179","11180.0","66000",387130000C,(04)23274275,(04)23288582,"2025","8","29","17","42",臺中市,北屯區,"0","2","0","7.0","2.0","6.0","50.0","4.0","1.0","1.0","5.0","4.0","6.0","6.0","1.0","1.0","10.0","5.0","5.0","2.0","16.0","2.0","9.0","6.0","1.0",F01,"7.0","6.0","7.0","21.0","2.0","14.0",,"48.0","48.0","1.0","12.0","4.0",219233.901151815,2673149.46540338,"2.0",
"11226","11227.0","66000",387130000C,(04)23274275,(04)23288582,"2025","8","29","18","49",臺中市,大里區,"0","2","0","7.0","3.0","6.0","50.0","3.0","2.0","1.0","5.0","4.0","6.0","6.0","4.0","4.0","5.0","4.0","4.0","1.0","16.0","2.0","9.0","5.0","4.0",F01,"7.0","6.0","7.0","21.0","2.0","11.0",,"20.0","20.0","1.0","13.0","4.0",217958.018340829,2666954.33627987,"2.0",
"11340","11341.0","66000",387130000C,(04)23274275,(04)23288582,"2025","8","30","5","28",臺中市,烏日區,"0","1","0","7.0","2.0","6.0","50.0","4.0","1.0","1.0","5.0","4.0","6.0","6.0","4.0","4.0","10.0","5.0","5.0","2.0","17.0","2.0","9.0","6.0","2.0",F01,"7.0","9.0","7.0","21.0","2.0","11.0","12.0","84.0","84.0","1.0","5.0","4.0",209224.210225044,2667248.08742153,"2.0",
"11358","11359.0","66000",387130000C,(04)23274275,(04)23288582,"2025","8","30","8","1",臺中市,新社區,"0","1","0","7.0","3.0","6.0","50.0","12.0","9.0","1.0","5.0","4.0","6.0","6.0","4.0","4.0","9.0","5.0","5.0","1.0","18.0","2.0","9.0","5.0","4.0",F01,"7.0","9.0","7.0","21.0","2.0","16.0",,"84.0","84.0","1.0","12.0","4.0",230992.442166165,2674377.8203047,"2.0",
"11406","11407.0","66000",387130000C,(04)23274275,(04)23288582,"2025","8","30","10","40",臺中市,北屯區,"0","1","0","7.0","2.0","6.0","50.0","13.0","8.0","1.0","5.0","4.0","6.0","6.0","4.0","4.0","5.0","5.0","4.0","2.0","17.0","2.0","9.0","1.0","1.0",F01,"7.0","9.0","7.0","21.0","1.0","12.0",,"59.0","59.0","1.0","12.0","4.0",220418.589207913,2674306.84751626,"2.0",
"11477","11478.0","66000",387130000C,(04)23274275,(04)23288582,"2025","8","30","13","55",臺中市,大里區,"0","0","0","7.0",,,"50.0",,,,,,,,,,,,,,"15.0",,,,,F01,,,"7.0",,"2.0",,,"21.0","21.0","1.0","13.0","4.0",120.682537,24.10037,"3.0",
"11693","11694.0","66000",387130000C,(04)23274275,(04)23288582,"2025","8","31","8","16",臺中市,新社區,"0","2","0","7.0","2.0","6.0","30.0","4.0","1.0","1.0","5.0","4.0","6.0","6.0","4.0","4.0","10.0","5.0","5.0","2.0","15.0","2.0","9.0","6.0","4.0",F01,"7.0","9.0","7.0","21.0","2.0","11.0",,"12.0","12.0","1.0","12.0","4.0",230931.743265938,2676920.95310411,"2.0",
"11702","11703.0","66000",387130000C,(04)23274275,(04)23288582,"2025","8","31","8","53",臺中市,太平區,"0","1","0","7.0","2.0","6.0","50.0","13.0","9.0","1.0","5.0","4.0","6.0","6.0","4.0","4.0","5.0","4.0","5.0","1.0","16.0","3.0","10.0","6.0","1.0",F01,"7.0","11.0","7.0","21.0","2.0","11.0",,"45.0","45.0","1.0","13.0","4.0",120.721191,24.120033,"2.0",
"11846","11847.0","66000",387130000C,(04)23274275,(04)23288582,"2025","8","31","16","50",臺中市,龍井區,"0","0","0","7.0",,,"50.0",,,,,,,,,,,,,,,,,,,F01,,,"7.0",,"2.0",,,"85.0","85.0","1.0","6.0","4.0",120.59085,24.181081,"3.0",
"11919","11920.0","66000",387130000C,(04)23274275,(04)23288582,"2025","8","31","20","0",臺中市,太平區,"0","1","0","6.0","1.0","6.0","50.0","4.0","1.0","1.0","5.0","4.0","6.0","6.0","2.0","1.0","5.0","5.0","5.0","1.0","15.0","3.0","10.0","4.0","1.0",F02,"7.0","1.0","7.0","21.0","2.0","11.0",,"51.0","51.0","1.0","6.0","4.0",120.715596,24.135995,"2.0",
"11937","11938.0","66000",387130000C,(04)23274275,(04)23288582,"2025","8","31","21","38",臺中市,南屯區,"0","0","0","7.0",,,"50.0",,,,,,,,,,,,,,"13.0",,,,,F02,,,"7.0",,"2.0",,,"59.0","59.0","1.0","4.0","4.0",120.612582,24.152919,"3.0",
"104",,"66000",387130000C,(04)23274275,(04)23288582,"2025","9","1","9","31",臺中市,西屯區,"0","0","0","7.0",,,"30",,,,,,,,,,,,,,,,,,,F01,,,"7.0",,"1.0",,,"14.0","14.0","1.0","13.0","4.0",120.644194,24.171901,"4.0","105.0"
"238",,"66000",387130000C,(04)23274275,(04)23288582,"2025","9","1","16","16",臺中市,西區,"0","2","0","7.0","2.0","6.0","25","4.0","1.0","1.0","5.0","4.0","6.0","6.0","1.0","1.0","10.0","5.0","5.0","2.0","16.0","2.0","9.0","6.0","1.0",F01,"7.0","6.0","7.0","21.0","1.0","11.0",,"84.0","84.0","1.0","12.0","4.0",215578.486449199,2672670.7576433,"2.0","239.0"
"266",,"66000",387130000C,(04)23274275,(04)23288582,"2025","9","1","17","11",臺中市,潭子區,"0","2","0","6.0","3.0","6.0","40","4.0","1.0","1.0","5.0","4.0","6.0","6.0","4.0","4.0","5.0","4.0","4.0","2.0","17.0","2.0","9.0","6.0","1.0",F01,"7.0","6.0","7.0","21.0","9.0","14.0",,"14.0","14.0","1.0","13.0","4.0",220360.899077638,2677969.07158921,"2.0","267.0"
"307",,"66000",387130000C,(04)23274275,(04)23288582,"2025","9","1","18","12",臺中市,梧棲區,"0","0","0","7.0",,,"50",,,,,,,,,,,,,,"13.0",,,,,F01,,,"7.0",,"2.0",,,"59.0","59.0","1.0","2.0","1.0",120.541111,24.256894,"3.0","308.0"
"629",,"66000",387130000C,(04)23274275,(04)23288582,"2025","9","2","16","47",臺中市,大雅區,"0","0","0","7.0",,,"50",,,,,,,,,,,,,,,,,,,F01,,,"7.0",,"1.0",,,"48.0","48.0","1.0","13.0","4.0",120.652164,24.227425,"3.0","630.0"
"725",,"66000",387130000C,(04)23274275,(04)23288582,"2025","9","2","20","7",臺中市,大雅區,"0","1","0","7.0","1.0","6.0","50","4.0","1.0","1.0","5.0","4.0","6.0","6.0","1.0","1.0","10.0","5.0","5.0","2.0","16.0","2.0","9.0","2.0","1.0",F01,"7.0","11.0","7.0","21.0","2.0","12.0",,"45.0","45.0","1.0","2.0","4.0",214103.147934166,2679727.53581737,"2.0","726.0"
"1046",,"66000",387130000C,(04)23274275,(04)23288582,"2025","9","3","16","15",臺中市,龍井區,"0","1","0","7.0","2.0","6.0","50","13.0","9.0","1.0","5.0","4.0","6.0","6.0","4.0","4.0","4.0","4.0","5.0","1.0","18.0","2.0","9.0","5.0","4.0",F01,"7.0","9.0","7.0","21.0","2.0","15.0",,"87.0","87.0","1.0","5.0","4.0",204567.058418068,2678225.03617518,"2.0","1047.0"
"1058",,"66000",387130000C,(04)23274275,(04)23288582,"2025","9","3","16","34",臺中市,太平區,"0","1","0","7.0","2.0","6.0","50","3.0","1.0","1.0","5.0","4.0","6.0","6.0","2.0","1.0","5.0","5.0","4.0","1.0","16.0","2.0","6.0","4.0","1.0",F01,"7.0","9.0","7.0","21.0","2.0","14.0",,"84.0","84.0","1.0","12.0","1.0",220909.49526626,2671050.97815488,"2.0","1059.0"
"1194",,"66000",387130000C,(04)23274275,(04)23288582,"2025","9","4","6","30",臺中市,北屯區,"0","1","0","7.0","3.0","6.0","50","13.0","13.0","1.0","5.0","4.0","6.0","6.0","4.0","4.0","1.0","4.0","5.0","2.0","18.0","2.0","9.0","2.0","1.0",F01,"7.0","9.0","7.0","21.0","1.0","12.0",,"54.0","54.0","1.0","12.0","4.0",215454.660072738,2675282.46918168,"2.0","1195.0"
"1204",,"66000",387130000C,(04)23274275,(04)23288582,"2025","9","4","7","8",臺中市,北屯區,"0","1","0","7.0","2.0","6.0","30","3.0","1.0","1.0","5.0","4.0","6.0","6.0","4.0","4.0","10.0","5.0","5.0","2.0","15.0","2.0","7.0","4.0","1.0",F01,"7.0","9.0","7.0","21.0","1.0","11.0",,"20.0","20.0","1.0","12.0","4.0",219468.556001414,2673824.98435286,"2.0","1205.0"
"1215",,"66000",387130000C,(04)23274275,(04)23288582,"2025","9","4","7","30",臺中市,豐原區,"0","1","0","7.0","2.0","6.0","50","3.0","1.0","1.0","5.0","4.0","6.0","6.0","1.0","1.0","10.0","5.0","5.0","2.0","13.0","2.0","9.0","6.0","1.0",F01,"7.0","9.0","7.0","21.0","2.0","11.0",,"59.0","59.0","1.0","12.0","4.0",222543.635933218,2682478.58757075,"2.0","1216.0"
"1464",,"66000",387130000C,(04)23274275,(04)23288582,"2025","9","4","17","22",臺中市,大安區,"0","2","0","7.0","3.0","6.0","50","4.0","1.0","1.0","5.0","4.0","6.0","6.0","1.0","1.0","10.0","5.0","5.0","2.0","17.0","2.0","9.0","1.0","1.0",F01,"7.0","6.0","7.0","21.0","2.0","13.0",,"11.0","11.0","1.0","3.0","4.0",208100.32701046,2693351.3643922,"2.0","1465.0"
"1533",,"66000",387130000C,(04)23274275,(04)23288582,"2025","9","4","20","1",臺中市,神岡區,"0","1","0","7.0","1.0","6.0","50","13.0","14.0","1.0","5.0","4.0","6.0","6.0","4.0","4.0","9.0","5.0","5.0","1.0","13.0","2.0","9.0","1.0","1.0",F01,"7.0","9.0","7.0","21.0","6.0","11.0",,"53.0","53.0","1.0","12.0","4.0",217589.974895963,2681777.359081,"2.0","1534.0"
"1598",,"66000",387130000C,(04)23274275,(04)23288582,"2025","9","5","7","18",臺中市,大里區,"0","0","0","7.0",,,"50",,,,,,,,,,,,,,,,,,,F01,,,"1.0",,"2.0",,,"21.0","21.0","1.0","12.0","4.0",120.681149,24.115178,"3.0","1599.0"
"1671",,"66000",387130000C,(04)23274275,(04)23288582,"2025","9","5","9","41",臺中市,西屯區,"0","1","0","7.0","2.0","6.0","50","4.0","1.0","1.0","5.0","4.0","6.0","6.0","1.0","1.0","10.0","5.0","5.0","2.0","17.0","3.0","10.0","6.0","4.0",F01,"7.0","6.0","7.0","21.0","1.0","14.0",,"48.0","48.0","1.0","13.0","4.0",120.652407,24.159681,"2.0","1672.0"
"1746",,"66000",387130000C,(04)23274275,(04)23288582,"2025","9","5","12","53",臺中市,北屯區,"0","1","0","7.0","2.0","6.0","50","3.0","1.0","1.0","5.0","4.0","6.0","6.0","4.0","4.0","10.0","5.0","5.0","2.0","17.0","2.0","9.0","6.0","1.0",F01,"7.0","1.0","7.0","21.0","2.0","11.0",,"51.0","51.0","1.0","2.0","4.0",222574.967707204,2673517.41117285,"2.0","1747.0"
"1923",,"66000",387130000C,(04)23274275,(04)23288582,"2025","9","5","18","10",臺中市,北屯區,"0","3","0","7.0","2.0","6.0","50","13.0","7.0","1.0","5.0","4.0","6.0","6.0","4.0","4.0","5.0","5.0","4.0","2.0","16.0","2.0","9.0","6.0","1.0",F01,"7.0","11.0","7.0","21.0","2.0","14.0",,"34.0","34.0","1.0","2.0","1.0",219152.157532814,2675001.51314193,"2.0","1924.0"
"2112",,"66000",387130000C,(04)23274275,(04)23288582,"2025","9","6","10","51",臺中市,西屯區,"0","1","0","7.0","2.0","6.0","30","3.0","1.0","1.0","5.0","4.0","6.0","6.0","4.0","4.0","10.0","5.0","5.0","1.0","9.0","3.0","10.0","6.0","1.0",F01,"7.0","6.0","7.0","21.0","2.0","16.0",,"48.0","48.0","1.0","12.0","4.0",120.668576,24.176909,"2.0","2113.0"
"2131",,"66000",387130000C,(04)23274275,(04)23288582,"2025","9","6","11","23",臺中市,大里區,"0","1","0","7.0","2.0","6.0","50","13.0","9.0","1.0","5.0","4.0","6.0","6.0","4.0","4.0","9.0","4.0","5.0","2.0","12.0","2.0","9.0","4.0","1.0",F01,"7.0","8.0","7.0","21.0","2.0","14.0",,"40.0","40.0","1.0","12.0","4.0",217710.190784555,2667814.20814016,"2.0","2132.0"
"2154",,"66000",387130000C,(04)23274275,(04)23288582,"2025","9","6","11","59",臺中市,清水區,"0","2","0","7.0","3.0","6.0","50","4.0","1.0","1.0","5.0","4.0","6.0","6.0","4.0","4.0","5.0","4.0","5.0","2.0","17.0","2.0","8.0","5.0","1.0",F02,"7.0","6.0","7.0","21.0","2.0","11.0",,"20.0","20.0","1.0","12.0","4.0",206823.229914891,2685120.27351879,"2.0","2155.0"
"2289",,"66000",387130000C,(04)23274275,(04)23288582,"2025","9","6","18","11",臺中市,大里區,"0","1","0","7.0","1.0","6.0","50","12.0","9.0","1.0","5.0","4.0","6.0","6.0","4.0","4.0","5.0","5.0","5.0","1.0","20.0","2.0","9.0","6.0","1.0",F02,"7.0","9.0","7.0","21.0","2.0","11.0",,"84.0","84.0","1.0","12.0","4.0",217403.181257695,2663444.70139714,"2.0","2290.0"
"2351",,"66000",387130000C,(04)23274275,(04)23288582,"2025","9","6","21","27",臺中市,龍井區,"0","1","0","7.0","3.0","6.0","30","3.0","1.0","1.0","5.0","4.0","6.0","6.0","4.0","4.0","10.0","4.0","5.0","2.0","17.0","2.0","8.0","6.0","1.0",F01,"7.0","1.0","7.0","21.0","2.0","13.0",,"51.0","51.0","1.0","12.0","4.0",201479.48271778,2677705.63031906,"2.0","2352.0"
"2394",,"66000",387130000C,(04)23274275,(04)23288582,"2025","9","7","7","26",臺中市,后里區,"0","1","0","7.0","2.0","6.0","50","13.0","9.0","1.0","5.0","4.0","6.0","6.0","4.0","4.0","5.0","4.0","4.0","1.0","17.0","2.0","9.0","1.0","1.0",F01,"7.0","9.0","7.0","21.0","3.0","15.0",,"59.0","59.0","1.0","6.0","4.0",222802.520966482,2692893.9305244,"2.0","2395.0"
"2408",,"66000",387130000C,(04)23274275,(04)23288582,"2025","9","7","9","10",臺中市,南屯區,"0","3","0","7.0","3.0","6.0","50","4.0","1.0","1.0","5.0","4.0","6.0","6.0","1.0","1.0","5.0","5.0","5.0","2.0","15.0","2.0","9.0","1.0","1.0",F02,"7.0","9.0","7.0","21.0","2.0","14.0",,"21.0","21.0","1.0","12.0","4.0",214892.673870585,2670201.79350223,"2.0","2409.0"
"2429",,"66000",387130000C,(04)23274275,(04)23288582,"2025","9","7","10","10",臺中市,大甲區,"0","1","0","7.0","2.0","6.0","60","3.0","1.0","1.0","5.0","4.0","6.0","6.0","1.0","1.0","10.0","5.0","5.0","2.0","19.0","2.0","9.0","1.0","1.0",F01,"7.0","9.0","7.0","21.0","2.0","11.0",,"59.0","59.0","1.0","3.0","4.0",218358.757357294,2695163.79683077,"2.0","2430.0"
"2533",,"66000",387130000C,(04)23274275,(04)23288582,"2025","9","7","16","17",臺中市,梧棲區,"0","0","0","5.0",,,"50",,,,,,,,,,,,,,"12.0",,,,,F01,,,"7.0",,"1.0",,,"8.0","8.0","1.0","3.0","4.0",120.539621,24.252401,"3.0","2534.0"
"2608",,"66000",387130000C,(04)23274275,(04)23288582,"2025","9","7","18","27",臺中市,東區,"0","0","0","5.0","1.0","6.0","50","13.0","7.0","1.0","4.0","4.0","6.0","6.0","4.0","4.0","5.0","4.0","5.0","2.0","17.0","3.0","10.0","6.0","1.0",F01,"7.0","9.0","7.0","21.0","1.0","12.0",,"84.0","84.0","1.0","12.0","4.0",120.70397,24.130925,"3.0","2609.0"
"2749",,"66000",387130000C,(04)23274275,(04)23288582,"2025","9","8","7","30",臺中市,西區,"0","1","0","7.0","3.0","6.0","50","4.0","1.0","1.0","5.0","4.0","6.0","6.0","1.0","1.0","10.0","5.0","5.0","2.0","17.0","2.0","9.0","6.0","1.0",F01,"7.0","9.0","7.0","21.0","2.0","11.0",,"39.0","39.0","1.0","12.0","1.0",216278.407670572,2669443.23401266,"2.0","2750.0"
"2829",,"66000",387130000C,(04)23274275,(04)23288582,"2025","9","8","9","28",臺中市,霧峰區,"0","1","0","7.0","2.0","6.0","50","3.0","1.0","1.0","5.0","4.0","6.0","6.0","4.0","4.0","5.0","5.0","5.0","1.0","16.0","2.0","9.0","4.0","1.0",F01,"7.0","5.0","7.0","21.0","2.0","15.0",,"14.0","14.0","1.0","13.0","4.0",219654.776300948,2662543.77464071,"2.0","2830.0"
"2883",,"66000",387130000C,(04)23274275,(04)23288582,"2025","9","8","11","19",臺中市,太平區,"0","0","0","7.0",,,"50",,,,,,,,,,,,,,"17.0",,,,,F01,,,"7.0",,"2.0",,,"8.0","8.0","1.0","12.0","4.0",120.720385,24.120843,"3.0","2884.0"
"3028",,"66000",387130000C,(04)23274275,(04)23288582,"2025","9","8","16","46",臺中市,南屯區,"0","1","0","7.0","3.0","6.0","40","13.0","9.0","1.0","5.0","4.0","6.0","6.0","4.0","4.0","10.0","5.0","5.0","2.0","17.0","2.0","9.0","6.0","4.0",F01,"7.0","11.0","7.0","21.0","1.0","14.0",,"45.0","45.0","1.0","2.0","1.0",212817.460843051,2672375.79726118,"2.0","3029.0"
"3047",,"66000",387130000C,(04)23274275,(04)23288582,"2025","9","8","17","8",臺中市,大里區,"0","1","0","7.0","3.0","6.0","50","13.0","9.0","1.0","5.0","4.0","6.0","6.0","4.0","4.0","5.0","4.0","5.0","1.0","12.0","2.0","9.0","1.0","1.0",F01,"7.0","8.0","7.0","21.0","2.0","14.0",,"40.0","40.0","1.0","12.0","4.0",218198.223184725,2665944.86343143,"2.0","3048.0"
"3095",,"66000",387130000C,(04)23274275,(04)23288582,"2025","9","8","18","5",臺中市,龍井區,"0","2","0","7.0","2.0","6.0","50","3.0","1.0","1.0","5.0","4.0","6.0","6.0","1.0","1.0","10.0","5.0","5.0","2.0","16.0","2.0","9.0","2.0","1.0",F01,"7.0","6.0","7.0","21.0","2.0","11.0",,"11.0","11.0","1.0","3.0","4.0",203580.691820304,2676415.08099815,"2.0","3096.0"
"3168",,"66000",387130000C,(04)23274275,(04)23288582,"2025","9","9","6","5",臺中市,西屯區,"0","2","0","7.0","2.0","6.0","50","3.0","9.0","1.0","5.0","4.0","6.0","6.0","4.0","4.0","3.0","4.0","5.0","2.0","17.0","2.0","9.0","5.0","4.0",F01,"7.0","5.0","7.0","21.0","2.0","14.0",,"59.0","59.0","1.0","12.0","4.0",211133.057377374,2675259.74220866,"2.0","3169.0"
"3174",,"66000",387130000C,(04)23274275,(04)23288582,"2025","9","9","7","2",臺中市,清水區,"0","1","0","7.0","3.0","6.0","40","4.0","1.0","1.0","5.0","4.0","6.0","6.0","1.0","1.0","1.0","4.0","4.0","1.0","16.0","2.0","1.0","6.0","1.0",F01,"7.0","9.0","7.0","21.0","8.0","14.0",,"21.0","21.0","1.0","12.0","4.0",204109.259777685,2685820.14436771,"2.0","3175.0"
"3189",,"66000",387130000C,(04)23274275,(04)23288582,"2025","9","9","7","25",臺中市,烏日區,"0","1","0","7.0","2.0","6.0","50","4.0","1.0","1.0","5.0","4.0","6.0","6.0","1.0","1.0","10.0","5.0","5.0","2.0","17.0","3.0","10.0","6.0","1.0",F01,"7.0","6.0","7.0","21.0","2.0","12.0",,"84.0","84.0","1.0","6.0","4.0",120.607644,24.112108,"2.0","3190.0"
"3315",,"66000",387130000C,(04)23274275,(04)23288582,"2025","9","9","11","39",臺中市,南區,"0","0","0","7.0",,,"50",,,,,,,,,,,,,,"18.0",,,,,F01,,,"7.0",,"2.0",,,"82.0","82.0","1.0","13.0","4.0",120.6616,24.119693,"4.0","3316.0"
"3449",,"66000",387130000C,(04)23274275,(04)23288582,"2025","9","9","17","7",臺中市,大肚區,"0","1","0","7.0","2.0","6.0","50","13.0","9.0","1.0","5.0","4.0","6.0","6.0","4.0","4.0","5.0","5.0","5.0","1.0","12.0","2.0","9.0","4.0","1.0",F01,"7.0","9.0","7.0","21.0","2.0","12.0",,"59.0","59.0","1.0","2.0","4.0",203351.272032966,2671979.94497489,"2.0","3450.0"
"3476",,"66000",387130000C,(04)23274275,(04)23288582,"2025","9","9","17","40",臺中市,大里區,"0","2","0","7.0","1.0","6.0","50","13.0","7.0","1.0","5.0","4.0","6.0","6.0","4.0","4.0","5.0","4.0","4.0","2.0","17.0","2.0","9.0","1.0","1.0",F02,"7.0","11.0","7.0","21.0","7.0","12.0",,"32.0","32.0","1.0","13.0","4.0",221203.077160601,2666311.04433441,"2.0","3477.0"
"3488",,"66000",387130000C,(04)23274275,(04)23288582,"2025","9","9","17","58",臺中市,西屯區,"0","1","0","7.0","2.0","6.0","50","3.0","1.0","1.0","5.0","4.0","6.0","6.0","2.0","1.0","1.0","4.0","5.0","2.0","16.0","2.0","9.0","1.0","1.0",F01,"7.0","9.0","7.0","21.0","2.0","12.0",,"21.0","21.0","1.0","5.0","4.0",209849.897313065,2675852.73440817,"2.0","3489.0"