field_1,序號,縣市別代碼,機關代碼,市話,傳真,年,月,日,時,分,縣市,區,死亡數量,受傷數量,2-30,天候,道路照明設備,道路類別,道路速限,道路型態,事故位置,路面鋪裝,路面狀態,路面缺陷,障礙物,視距,號誌種類,號誌動作,分向設施,快車道或一般車道間,快慢車道間,路面邊線,事故類型及型態,受傷程度,主要傷處,保護裝備,行動電話或功能裝置,當事者區分(類別),車輛用途,當事者行動狀態,駕照狀態,駕照種類,飲酒情形,車輛撞擊部位最初,車輛撞擊部位其他,肇事因素個別,肇事因素主要,肇事逃逸,職業,共享經濟或外送平台,GPS座標X,GPS座標Y,事故類別,﻿序號
"3500",,"66000",387130000C,(04)23274275,(04)23288582,"2025","9","9","18","14",臺中市,西屯區,"0","2","0","7.0","1.0","6.0","30","4.0","1.0","1.0","5.0","4.0","6.0","6.0","4.0","4.0","10.0","5.0","5.0","2.0","9.0","3.0","10.0","5.0","4.0",F01,"7.0","9.0","7.0","21.0","2.0","11.0",,"10.0","10.0","1.0","13.0","4.0",120.620158,24.178572,"2.0","3501.0"
"3536",,"66000",387130000C,(04)23274275,(04)23288582,"2025","9","9","19","59",臺中市,大甲區,"0","1","0","7.0","1.0","6.0","70","13.0","8.0","1.0","5.0","4.0","6.0","6.0","4.0","4.0","1.0","4.0","4.0","1.0","18.0","2.0","1.0","4.0","1.0",F01,"7.0","9.0","7.0","21.0","2.0","11.0",,"59.0","59.0","1.0","6.0","4.0",210372.191359837,2691378.23860099,"2.0","3537.0"
"3550",,"66000",387130000C,(04)23274275,(04)23288582,"2025","9","9","21","30",臺中市,南屯區,"0","0","0","7.0",,,"50",,,,,,,,,,,,,,,,,,,F01,,,"7.0",,"2.0",,,"11.0","11.0","1.0","5.0","4.0",120.609883,24.140483,"4.0","3551.0"
"3590",,"66000",387130000C,(04)23274275,(04)23288582,"2025","9","10","6","54",臺中市,梧棲區,"0","1","0","7.0","3.0","6.0","50","13.0","14.0","1.0","5.0","4.0","6.0","6.0","4.0","4.0","1.0","4.0","5.0","1.0","13.0","2.0","9.0","4.0","3.0",F01,"7.0","9.0","7.0","21.0","9.0","11.0",,"59.0","59.0","1.0","3.0","4.0",203917.673866563,2682854.76262217,"2.0","3591.0"
"3598",,"66000",387130000C,(04)23274275,(04)23288582,"2025","9","10","7","19",臺中市,太平區,"0","2","0","7.0","3.0","6.0","30","3.0","1.0","1.0","5.0","4.0","6.0","6.0","4.0","4.0","10.0","5.0","5.0","2.0","16.0","2.0","9.0","6.0","1.0",F01,"7.0","6.0","7.0","21.0","2.0","14.0",,"14.0","14.0","1.0","12.0","4.0",222314.228516538,2671478.44260523,"2.0","3599.0"
"3849",,"66000",387130000C,(04)23274275,(04)23288582,"2025","9","10","16","33",臺中市,豐原區,"0","2","0","5.0","2.0","6.0","50","4.0","1.0","1.0","4.0","4.0","6.0","6.0","2.0","1.0","5.0","4.0","4.0","2.0","17.0","2.0","6.0","6.0","1.0",F01,"7.0","6.0","7.0","21.0","2.0","14.0",,"48.0","48.0","1.0","12.0","4.0",221801.70955371,2682568.97878324,"2.0","3850.0"
"3903",,"66000",387130000C,(04)23274275,(04)23288582,"2025","9","10","17","30",臺中市,南屯區,"0","2","0","7.0","3.0","6.0","50","13.0","9.0","1.0","5.0","4.0","6.0","6.0","1.0","1.0","5.0","5.0","4.0","2.0","12.0","2.0","9.0","1.0","1.0",F01,"7.0","6.0","7.0","21.0","2.0","14.0",,"48.0","48.0","1.0","12.0","4.0",210640.232480083,2670462.32483526,"2.0","3904.0"
"3943",,"66000",387130000C,(04)23274275,(04)23288582,"2025","9","10","18","30",臺中市,龍井區,"0","3","0","7.0","1.0","6.0","30","3.0","2.0","1.0","5.0","4.0","6.0","6.0","4.0","4.0","10.0","5.0","5.0","2.0","8.0","2.0","8.0","6.0","1.0",F02,"7.0","6.0","7.0","21.0","2.0","11.0",,"59.0","59.0","1.0","6.0","4.0",208308.945721048,2674972.36997415,"2.0","3944.0"
"4063",,"66000",387130000C,(04)23274275,(04)23288582,"2025","9","11","7","12",臺中市,北區,"0","1","0","7.0","2.0","6.0","40","13.0","8.0","1.0","5.0","4.0","6.0","6.0","4.0","4.0","5.0","5.0","4.0","2.0","18.0","2.0","9.0","6.0","1.0",F01,"7.0","9.0","7.0","21.0","2.0","16.0",,"84.0","84.0","1.0","13.0","4.0",216135.6869551,2672725.68198647,"2.0","4064.0"
"4075",,"66000",387130000C,(04)23274275,(04)23288582,"2025","9","11","7","29",臺中市,神岡區,"0","1","0","7.0","2.0","6.0","50","13.0","9.0","1.0","5.0","4.0","6.0","6.0","4.0","4.0","5.0","5.0","5.0","1.0","17.0","2.0","9.0","5.0","4.0",F02,"7.0","9.0","7.0","21.0","2.0","11.0",,"82.0","82.0","1.0","12.0","4.0",215434.87125896,2683420.48434812,"2.0","4076.0"
"4137",,"66000",387130000C,(04)23274275,(04)23288582,"2025","9","11","8","44",臺中市,北區,"0","2","0","7.0","2.0","6.0","40","3.0","1.0","1.0","5.0","4.0","6.0","6.0","4.0","4.0","5.0","4.0","4.0","2.0","17.0","2.0","9.0","5.0","1.0",F02,"7.0","6.0","7.0","21.0","2.0","13.0",,"48.0","48.0","1.0","13.0","4.0",216645.253264583,2673919.37444159,"2.0","4138.0"
"4227",,"66000",387130000C,(04)23274275,(04)23288582,"2025","9","11","11","31",臺中市,北屯區,"0","2","0","7.0","3.0","6.0","40","5.0","1.0","1.0","5.0","4.0","6.0","6.0","1.0","1.0","10.0","5.0","5.0","2.0","12.0","2.0","9.0","6.0","1.0",F01,"7.0","9.0","7.0","21.0","2.0","14.0",,"85.0","85.0","1.0","6.0","4.0",217614.20489813,2674592.38550254,"2.0","4228.0"
"4245",,"66000",387130000C,(04)23274275,(04)23288582,"2025","9","11","12","27",臺中市,北屯區,"0","0","0","7.0",,,"50",,,,,,,,,,,,,,"17.0",,,,,F01,,,"7.0",,"8.0",,,"59.0","59.0","1.0","12.0","4.0",120.719208,24.175849,"4.0","4246.0"
"4328",,"66000",387130000C,(04)23274275,(04)23288582,"2025","9","11","16","11",臺中市,太平區,"0","1","0","7.0","2.0","6.0","50","4.0","1.0","1.0","5.0","4.0","6.0","6.0","2.0","1.0","10.0","5.0","5.0","2.0","18.0","2.0","9.0","5.0","4.0",F01,"7.0","9.0","7.0","21.0","2.0","12.0",,"84.0","84.0","1.0","12.0","4.0",221378.416990556,2672519.13531484,"2.0","4329.0"
"4338",,"66000",387130000C,(04)23274275,(04)23288582,"2025","9","11","16","30",臺中市,西區,"0","1","0","7.0","1.0","6.0","50","18.0","24.0","5.0","5.0","4.0","6.0","6.0","4.0","4.0","10.0","5.0","5.0","2.0","18.0","2.0","9.0","5.0","4.0",F01,"7.0","9.0","7.0","21.0","2.0","15.0",,"84.0","84.0","1.0","12.0","4.0",215165.862969451,2670032.4486986,"2.0","4339.0"
"4366",,"66000",387130000C,(04)23274275,(04)23288582,"2025","9","11","17","7",臺中市,東區,"0","1","0","7.0","1.0","6.0","50","4.0","1.0","1.0","5.0","4.0","6.0","6.0","1.0","1.0","9.0","4.0","5.0","2.0","11.0","2.0","9.0","1.0","1.0",F01,"7.0","6.0","7.0","21.0","2.0","12.0",,"20.0","20.0","1.0","12.0","4.0",219448.817306047,2670025.93931977,"2.0","4367.0"
"4369",,"66000",387130000C,(04)23274275,(04)23288582,"2025","9","11","17","10",臺中市,大里區,"0","1","0","7.0","2.0","6.0","50","3.0","2.0","1.0","5.0","4.0","6.0","6.0","4.0","4.0","4.0","5.0","5.0","1.0","9.0","2.0","8.0","6.0","1.0",F01,"7.0","9.0","7.0","21.0","1.0","11.0",,"84.0","84.0","1.0","4.0","4.0",220355.04368968,2664175.75126206,"2.0","4370.0"
"4374",,"66000",387130000C,(04)23274275,(04)23288582,"2025","9","11","17","15",臺中市,后里區,"0","2","0","7.0","2.0","6.0","50","4.0","9.0","1.0","5.0","4.0","6.0","6.0","4.0","4.0","5.0","5.0","5.0","1.0","13.0","2.0","9.0","6.0","1.0",F01,"7.0","11.0","7.0","21.0","2.0","13.0",,"45.0","45.0","1.0","4.0","4.0",220635.03088166,2688873.83526327,"2.0","4375.0"
"4405",,"66000",387130000C,(04)23274275,(04)23288582,"2025","9","11","17","54",臺中市,沙鹿區,"0","1","0","7.0","2.0","6.0","40","13.0","8.0","1.0","5.0","4.0","6.0","6.0","4.0","4.0","3.0","4.0","4.0","2.0","18.0","2.0","9.0","5.0","1.0",F01,"7.0","9.0","7.0","21.0","2.0","12.0",,"82.0","82.0","1.0","13.0","4.0",206607.366492936,2678417.34279725,"2.0","4406.0"
"4457",,"66000",387130000C,(04)23274275,(04)23288582,"2025","9","11","19","15",臺中市,東勢區,"0","1","0","5.0","1.0","6.0","40","13.0","14.0","1.0","4.0","4.0","6.0","6.0","4.0","4.0","5.0","5.0","5.0","1.0","17.0","2.0","9.0","6.0","1.0",F01,"7.0","9.0","7.0","21.0","1.0","11.0",,"59.0","59.0","1.0","3.0","4.0",233440.70870132,2682829.02120983,"2.0","4458.0"
"4490",,"66000",387130000C,(04)23274275,(04)23288582,"2025","9","11","21","40",臺中市,豐原區,"0","1","0","7.0","1.0","6.0","30","3.0","1.0","1.0","5.0","4.0","6.0","6.0","4.0","4.0","10.0","5.0","5.0","2.0","16.0","2.0","7.0","1.0","1.0",F01,"7.0","9.0","7.0","21.0","2.0","11.0",,"41.0","41.0","1.0","12.0","4.0",222429.38317865,2681950.41191504,"2.0","4491.0"
"4560",,"66000",387130000C,(04)23274275,(04)23288582,"2025","9","12","7","57",臺中市,潭子區,"0","2","0","7.0","3.0","6.0","50","13.0","9.0","1.0","5.0","4.0","6.0","6.0","4.0","4.0","5.0","4.0","5.0","1.0","17.0","2.0","9.0","6.0","1.0",F01,"7.0","6.0","7.0","21.0","2.0","13.0",,"84.0","84.0","1.0","12.0","4.0",220536.651787924,2678859.37024743,"2.0","4561.0"
"4597",,"66000",387130000C,(04)23274275,(04)23288582,"2025","9","12","8","35",臺中市,大雅區,"0","2","0","7.0","2.0","6.0","50","3.0","9.0","1.0","5.0","4.0","6.0","6.0","4.0","4.0","5.0","4.0","5.0","1.0","17.0","2.0","9.0","1.0","1.0",F01,"7.0","6.0","7.0","21.0","2.0","12.0",,"14.0","14.0","1.0","12.0","4.0",214815.502006805,2679506.01807249,"2.0","4598.0"
"4662",,"66000",387130000C,(04)23274275,(04)23288582,"2025","9","12","11","16",臺中市,潭子區,"0","1","0","7.0","2.0","6.0","50","5.0","1.0","1.0","5.0","4.0","6.0","6.0","3.0","1.0","5.0","5.0","5.0","1.0","17.0","2.0","9.0","5.0","1.0",F01,"7.0","6.0","7.0","21.0","2.0","14.0",,"84.0","84.0","1.0","13.0","2.0",219497.15516119,2676781.31866584,"2.0","4663.0"
"4701",,"66000",387130000C,(04)23274275,(04)23288582,"2025","9","12","12","42",臺中市,大里區,"0","1","0","7.0","2.0","6.0","30","11.0","9.0","1.0","5.0","4.0","6.0","6.0","4.0","4.0","10.0","5.0","5.0","2.0","17.0","2.0","9.0","4.0","1.0",F01,"7.0","5.0","7.0","21.0","2.0","14.0",,"84.0","84.0","1.0","12.0","4.0",217482.024691103,2667967.00881561,"2.0","4702.0"
"4796",,"66000",387130000C,(04)23274275,(04)23288582,"2025","9","12","16","49",臺中市,龍井區,"0","1","0","7.0","3.0","6.0","40","13.0","9.0","1.0","5.0","4.0","6.0","6.0","4.0","4.0","5.0","5.0","5.0","1.0","18.0","2.0","9.0","5.0","4.0",F01,"7.0","15.0","7.0","21.0","2.0","14.0",,"6.0","6.0","1.0","13.0","4.0",205092.060663368,2675699.2972004,"2.0","4797.0"
"4818",,"66000",387130000C,(04)23274275,(04)23288582,"2025","9","12","17","16",臺中市,大肚區,"0","2","0","7.0","2.0","6.0","30","4.0","1.0","1.0","5.0","4.0","6.0","6.0","4.0","4.0","10.0","5.0","5.0","2.0","15.0","2.0","9.0","1.0","1.0",F01,"7.0","9.0","7.0","21.0","2.0","12.0",,"15.0","15.0","1.0","2.0","4.0",202749.726068889,2672491.39370149,"2.0","4819.0"
"4823",,"66000",387130000C,(04)23274275,(04)23288582,"2025","9","12","17","19",臺中市,東勢區,"0","0","0","7.0",,,"30",,,,,,,,,,,,,,,,,,,F01,,,"7.0",,"1.0",,,"84.0","84.0","1.0","12.0","4.0",120.830847,24.254956,"3.0","4824.0"
"4831",,"66000",387130000C,(04)23274275,(04)23288582,"2025","9","12","17","30",臺中市,南區,"0","1","0","7.0","2.0","6.0","40","13.0","8.0","1.0","5.0","3.0","6.0","6.0","4.0","4.0","5.0","5.0","4.0","2.0","18.0","2.0","9.0","4.0","1.0",F01,"7.0","9.0","7.0","21.0","1.0","16.0",,"84.0","84.0","1.0","3.0","1.0",217500.517812874,2669969.00691288,"2.0","4832.0"
"4915",,"66000",387130000C,(04)23274275,(04)23288582,"2025","9","12","20","32",臺中市,西區,"0","2","0","7.0","1.0","6.0","50","4.0","1.0","1.0","5.0","4.0","6.0","6.0","1.0","1.0","10.0","5.0","5.0","2.0","17.0","2.0","9.0","6.0","1.0",F01,"7.0","6.0","7.0","21.0","2.0","14.0",,"84.0","84.0","1.0","12.0","1.0",215329.127045897,2671048.63499031,"2.0","4916.0"
"4961",,"66000",387130000C,(04)23274275,(04)23288582,"2025","9","13","0","2",臺中市,北區,"0","0","0","7.0",,,"50",,,,,,,,,,,,,,"17.0",,,,,F01,,,"7.0",,"2.0",,,"84.0","84.0","1.0","12.0","4.0",120.685922,24.152485,"3.0","4962.0"
"5004",,"66000",387130000C,(04)23274275,(04)23288582,"2025","9","13","9","7",臺中市,西屯區,"0","1","0","7.0","2.0","6.0","50","4.0","1.0","1.0","5.0","4.0","6.0","6.0","2.0","1.0","10.0","5.0","5.0","2.0","13.0","2.0","9.0","6.0","1.0",F01,"7.0","9.0","7.0","21.0","2.0","11.0",,"7.0","7.0","1.0","13.0","4.0",214765.747887312,2672876.97318282,"2.0","5005.0"
"5012",,"66000",387130000C,(04)23274275,(04)23288582,"2025","9","13","9","33",臺中市,外埔區,"0","1","0","7.0","2.0","6.0","50","13.0","9.0","1.0","5.0","4.0","6.0","6.0","4.0","4.0","5.0","5.0","5.0","1.0","24.0","2.0","9.0","1.0","1.0",F02,"7.0","9.0","7.0","21.0","2.0","12.0",,"59.0","59.0","1.0","12.0","4.0",214785.404006699,2691567.00248212,"2.0","5013.0"
"5183",,"66000",387130000C,(04)23274275,(04)23288582,"2025","9","13","16","15",臺中市,豐原區,"0","2","0","7.0","3.0","6.0","50","4.0","1.0","1.0","5.0","4.0","6.0","6.0","2.0","1.0","5.0","5.0","4.0","2.0","15.0","2.0","9.0","1.0","1.0",F01,"7.0","9.0","7.0","21.0","2.0","11.0",,"84.0","84.0","1.0","12.0","4.0",221063.979865796,2682422.72312418,"2.0","5184.0"
"5212",,"66000",387130000C,(04)23274275,(04)23288582,"2025","9","13","17","15",臺中市,霧峰區,"0","2","0","7.0","2.0","6.0","40","3.0","2.0","1.0","5.0","4.0","6.0","6.0","3.0","1.0","1.0","5.0","4.0","1.0","16.0","2.0","5.0","6.0","1.0",F01,"7.0","6.0","7.0","21.0","2.0","13.0",,"48.0","48.0","1.0","12.0","4.0",215838.89465,2663493.54362322,"2.0","5213.0"
"5242",,"66000",387130000C,(04)23274275,(04)23288582,"2025","9","13","18","10",臺中市,東勢區,"0","2","0","7.0","1.0","6.0","50","4.0","1.0","1.0","5.0","4.0","6.0","6.0","1.0","1.0","10.0","5.0","5.0","1.0","12.0","2.0","9.0","5.0","4.0",F01,"7.0","6.0","7.0","21.0","2.0","14.0",,"11.0","11.0","1.0","13.0","4.0",233114.708635564,2682791.52914195,"2.0","5243.0"
"5275",,"66000",387130000C,(04)23274275,(04)23288582,"2025","9","13","19","30",臺中市,沙鹿區,"0","2","0","7.0","1.0","6.0","40","3.0","2.0","1.0","5.0","4.0","6.0","6.0","4.0","4.0","10.0","5.0","5.0","2.0","18.0","2.0","9.0","6.0","1.0",F02,"7.0","9.0","7.0","21.0","2.0","14.0",,"82.0","82.0","1.0","3.0","4.0",206791.834801318,2678384.77225873,"2.0","5276.0"
"5290",,"66000",387130000C,(04)23274275,(04)23288582,"2025","9","13","21","33",臺中市,沙鹿區,"0","1","0","7.0","1.0","6.0","50","5.0","1.0","1.0","5.0","4.0","6.0","6.0","4.0","4.0","10.0","5.0","5.0","2.0","18.0","2.0","9.0","6.0","1.0",F02,"7.0","9.0","7.0","21.0","11.0","14.0",,"82.0","82.0","1.0","13.0","4.0",207131.660306881,2678870.7236825,"2.0","5291.0"
"5308",,"66000",387130000C,(04)23274275,(04)23288582,"2025","9","13","23","35",臺中市,太平區,"0","1","0","7.0","1.0","6.0","50","13.0","14.0","1.0","5.0","4.0","6.0","6.0","4.0","4.0","5.0","2.0","5.0","1.0","17.0","2.0","9.0","1.0","1.0",F02,"7.0","9.0","7.0","21.0","8.0","11.0",,"58.0","58.0","1.0","6.0","4.0",220223.837815456,2668003.76712971,"2.0","5309.0"
"5339",,"66000",387130000C,(04)23274275,(04)23288582,"2025","9","14","7","21",臺中市,大里區,"0","2","0","7.0","3.0","6.0","50","4.0","1.0","1.0","5.0","4.0","6.0","6.0","1.0","1.0","10.0","5.0","5.0","2.0","12.0","2.0","9.0","6.0","1.0",F01,"7.0","6.0","7.0","21.0","2.0","14.0",,"42.0","42.0","1.0","12.0","4.0",217506.801609427,2666126.50149619,"2.0","5340.0"
"5342",,"66000",387130000C,(04)23274275,(04)23288582,"2025","9","14","7","37",臺中市,梧棲區,"0","1","0","7.0","3.0","6.0","50","13.0","14.0","1.0","5.0","4.0","6.0","6.0","4.0","4.0","1.0","4.0","1.0","1.0","17.0","2.0","9.0","4.0","1.0",F01,"7.0","9.0","7.0","21.0","2.0","12.0",,"59.0","59.0","1.0","6.0","4.0",203312.886514001,2684032.95519006,"2.0","5343.0"
"5347",,"66000",387130000C,(04)23274275,(04)23288582,"2025","9","14","8","23",臺中市,豐原區,"0","2","0","7.0","3.0","6.0","30","13.0","13.0","1.0","5.0","4.0","6.0","6.0","4.0","4.0","10.0","5.0","5.0","2.0","2.0","2.0","9.0","1.0","1.0",F01,"7.0","9.0","7.0","21.0","9.0","11.0",,"85.0","85.0","1.0","13.0","4.0",221181.660428887,2682166.64596603,"2.0","5348.0"
"5385",,"66000",387130000C,(04)23274275,(04)23288582,"2025","9","14","10","44",臺中市,清水區,"0","2","0","7.0","3.0","6.0","30","13.0","9.0","1.0","5.0","4.0","6.0","6.0","4.0","4.0","10.0","5.0","5.0","1.0","17.0","2.0","8.0","4.0","1.0",F01,"7.0","1.0","7.0","21.0","1.0","14.0",,"51.0","51.0","1.0","3.0","4.0",209552.377462752,2684737.97300407,"2.0","5386.0"
"5427",,"66000",387130000C,(04)23274275,(04)23288582,"2025","9","14","13","22",臺中市,神岡區,"0","1","0","7.0","2.0","6.0","30","11.0","9.0","1.0","5.0","4.0","6.0","6.0","4.0","4.0","10.0","5.0","5.0","2.0","11.0","2.0","9.0","5.0","4.0",F01,"7.0","9.0","7.0","21.0","2.0","11.0",,"59.0","59.0","1.0","12.0","4.0",216247.233498736,2683136.43769012,"2.0","5428.0"
"5434",,"66000",387130000C,(04)23274275,(04)23288582,"2025","9","14","13","42",臺中市,清水區,"0","2","0","7.0","3.0","6.0","50","13.0","8.0","1.0","5.0","4.0","6.0","6.0","4.0","4.0","1.0","4.0","4.0","2.0","7.0","2.0","7.0","1.0","1.0",F01,"7.0","9.0","7.0","21.0","2.0","12.0",,"58.0","58.0","1.0","3.0","4.0",207231.925892521,2685838.0482783,"2.0","5435.0"
"5442",,"66000",387130000C,(04)23274275,(04)23288582,"2025","9","14","14","6",臺中市,北屯區,"0","1","0","7.0","3.0","6.0","50","5.0","2.0","1.0","5.0","4.0","6.0","6.0","4.0","4.0","5.0","5.0","5.0","2.0","18.0","2.0","9.0","4.0","1.0",F01,"7.0","9.0","7.0","21.0","1.0","12.0",,"84.0","84.0","1.0","3.0","4.0",218454.718108468,2675024.6406376,"2.0","5443.0"
"5472",,"66000",387130000C,(04)23274275,(04)23288582,"2025","9","14","15","30",臺中市,神岡區,"0","0","0","7.0","2.0","6.0","50","3.0","1.0","1.0","5.0","4.0","6.0","6.0","1.0","1.0","10.0","5.0","5.0","2.0","16.0",,,,,F02,,,"1.0",,"2.0",,,"21.0","21.0","1.0","12.0","4.0",120.674878,24.251891,"3.0","5473.0"
"5483",,"66000",387130000C,(04)23274275,(04)23288582,"2025","9","14","16","7",臺中市,西區,"0","1","0","7.0","2.0","6.0","50","4.0","1.0","1.0","5.0","4.0","6.0","6.0","1.0","1.0","10.0","5.0","5.0","2.0","15.0","2.0","1.0","6.0","1.0",F01,"7.0","11.0","7.0","21.0","2.0","12.0",,"4.0","4.0","1.0","12.0","4.0",215476.396892594,2671052.15336224,"2.0","5484.0"
"5492",,"66000",387130000C,(04)23274275,(04)23288582,"2025","9","14","16","25",臺中市,后里區,"0","2","0","7.0","3.0","6.0","40","11.0","13.0","1.0","5.0","4.0","6.0","6.0","4.0","4.0","5.0","5.0","5.0","1.0","18.0","2.0","9.0","6.0","1.0",F02,"7.0","9.0","7.0","21.0","1.0","16.0",,"94.0","94.0","1.0","6.0","4.0",222871.7874215,2687273.30669168,"2.0","5493.0"
"5570",,"66000",387130000C,(04)23274275,(04)23288582,"2025","9","14","20","10",臺中市,北屯區,"0","0","0","7.0",,,"30",,,,,,,,,,,,,,"17.0",,,,,F01,,,"7.0",,"1.0",,,"59.0","59.0","1.0","13.0","4.0",120.719711,24.17249,"3.0","5571.0"
"5587",,"66000",387130000C,(04)23274275,(04)23288582,"2025","9","14","21","2",臺中市,北屯區,"0","2","0","7.0","1.0","6.0","30","3.0","1.0","1.0","5.0","4.0","6.0","6.0","4.0","4.0","10.0","5.0","5.0","2.0","16.0","2.0","9.0","4.0","1.0",F02,"7.0","6.0","7.0","21.0","2.0","14.0",,"84.0","84.0","1.0","3.0","4.0",221311.877071384,2674594.18769883,"2.0","5588.0"
"5589",,"66000",387130000C,(04)23274275,(04)23288582,"2025","9","14","21","10",臺中市,北屯區,"0","1","0","7.0","1.0","6.0","40","13.0","8.0","1.0","5.0","4.0","6.0","6.0","4.0","4.0","9.0","5.0","4.0","2.0","17.0","2.0","9.0","6.0","1.0",F01,"7.0","7.0","7.0","21.0","1.0","11.0",,"56.0","56.0","1.0","2.0","4.0",215418.668113698,2676148.41435447,"2.0","5590.0"
"5872",,"66000",387130000C,(04)23274275,(04)23288582,"2025","9","15","16","26",臺中市,豐原區,"0","2","0","6.0","2.0","9.0","15","18.0","24.0","2.0","5.0","4.0","6.0","6.0","4.0","4.0","10.0","5.0","5.0","2.0","17.0","2.0","9.0","4.0","1.0",F01,"7.0","9.0","7.0","21.0","2.0","11.0",,"7.0","7.0","1.0","12.0","4.0",222165.266920426,2681287.19216445,"2.0","5873.0"
"5894",,"66000",387130000C,(04)23274275,(04)23288582,"2025","9","15","17","13",臺中市,豐原區,"0","2","0","7.0","3.0","6.0","40","4.0","1.0","1.0","5.0","4.0","6.0","6.0","2.0","1.0","5.0","5.0","4.0","2.0","17.0","2.0","5.0","4.0","1.0",F01,"7.0","6.0","7.0","21.0","2.0","14.0",,"48.0","48.0","1.0","12.0","4.0",221182.730561373,2681544.32821155,"2.0","5895.0"
"5907",,"66000",387130000C,(04)23274275,(04)23288582,"2025","9","15","17","28",臺中市,大肚區,"0","1","0","7.0","3.0","6.0","50","12.0","9.0","1.0","5.0","4.0","6.0","6.0","4.0","4.0","4.0","5.0","5.0","2.0","18.0","2.0","9.0","6.0","1.0",F01,"7.0","9.0","7.0","21.0","2.0","12.0",,"82.0","82.0","1.0","4.0","4.0",204450.437004012,2671914.36259004,"2.0","5908.0"
"5908",,"66000",387130000C,(04)23274275,(04)23288582,"2025","9","15","17","28",臺中市,大肚區,"0","1","0","7.0","3.0","6.0","50","13.0","9.0","1.0","5.0","4.0","6.0","6.0","4.0","4.0","4.0","5.0","5.0","2.0","18.0","2.0","9.0","2.0","1.0",F01,"7.0","9.0","7.0","21.0","2.0","14.0",,"59.0","59.0","1.0","4.0","4.0",204450.437004012,2671914.36259004,"2.0","5909.0"
"5933",,"66000",387130000C,(04)23274275,(04)23288582,"2025","9","15","17","46",臺中市,太平區,"0","2","0","7.0","2.0","6.0","50","13.0","9.0","1.0","5.0","4.0","6.0","6.0","4.0","4.0","9.0","5.0","5.0","2.0","16.0","2.0","9.0","1.0","1.0",F01,"7.0","1.0","7.0","21.0","2.0","14.0",,"51.0","51.0","1.0","2.0","4.0",221482.93478067,2672393.9985759,"2.0","5934.0"
"6028",,"66000",387130000C,(04)23274275,(04)23288582,"2025","9","16","6","25",臺中市,大里區,"0","1","0","7.0","2.0","6.0","50","11.0","9.0","1.0","5.0","4.0","6.0","6.0","4.0","4.0","5.0","5.0","5.0","1.0","18.0","2.0","1.0","6.0","1.0",F01,"7.0","9.0","7.0","21.0","2.0","14.0",,"84.0","84.0","1.0","13.0","4.0",220775.964347758,2664560.18185844,"2.0","6029.0"
"6034",,"66000",387130000C,(04)23274275,(04)23288582,"2025","9","16","7","2",臺中市,北屯區,"0","1","0","7.0","1.0","6.0","50","4.0","2.0","1.0","5.0","4.0","6.0","6.0","4.0","4.0","5.0","4.0","5.0","2.0","12.0","2.0","9.0","5.0","1.0",F01,"7.0","9.0","7.0","21.0","2.0","12.0",,"1.0","1.0","1.0","13.0","4.0",219630.958591122,2675551.35889602,"2.0","6035.0"
"6114",,"66000",387130000C,(04)23274275,(04)23288582,"2025","9","16","9","26",臺中市,西區,"0","1","0","7.0","2.0","6.0","50","5.0","1.0","1.0","5.0","4.0","6.0","6.0","1.0","1.0","10.0","5.0","5.0","2.0","15.0","3.0","10.0","4.0","1.0",F01,"7.0","9.0","7.0","21.0","2.0","13.0",,"21.0","21.0","1.0","12.0","4.0",120.680119,24.13497,"2.0","6115.0"
"6174",,"66000",387130000C,(04)23274275,(04)23288582,"2025","9","16","12","36",臺中市,南區,"0","2","0","7.0","2.0","6.0","50","4.0","9.0","1.0","5.0","4.0","6.0","6.0","1.0","1.0","10.0","5.0","5.0","2.0","16.0","2.0","9.0","4.0","1.0",F01,"7.0","6.0","7.0","21.0","2.0","12.0",,"23.0","23.0","1.0","12.0","4.0",216128.169440024,2668582.7241171,"2.0","6175.0"
"6186",,"66000",387130000C,(04)23274275,(04)23288582,"2025","9","16","13","9",臺中市,南屯區,"0","1","0","7.0","3.0","6.0","50","3.0","1.0","1.0","5.0","4.0","6.0","6.0","4.0","4.0","8.0","3.0","4.0","2.0","11.0","2.0","9.0","6.0","4.0",F01,"7.0","6.0","7.0","21.0","2.0","11.0",,"26.0","26.0","1.0","13.0","4.0",210341.10566449,2670200.89476682,"2.0","6187.0"
"6393",,"66000",387130000C,(04)23274275,(04)23288582,"2025","9","16","22","20",臺中市,沙鹿區,"0","1","0","7.0","1.0","6.0","0","13.0","14.0","1.0","5.0","4.0","6.0","6.0","4.0","4.0","1.0","4.0","4.0","1.0","17.0","2.0","1.0","6.0","4.0",F02,"7.0","9.0","7.0","21.0","2.0","11.0",,"59.0","59.0","1.0","6.0","4.0",206822.942674514,2682495.40536416,"2.0","6394.0"