field_1,序號,縣市別代碼,機關代碼,市話,傳真,年,月,日,時,分,縣市,區,死亡數量,受傷數量,2-30,天候,道路照明設備,道路類別,道路速限,道路型態,事故位置,路面鋪裝,路面狀態,路面缺陷,障礙物,視距,號誌種類,號誌動作,分向設施,快車道或一般車道間,快慢車道間,路面邊線,事故類型及型態,受傷程度,主要傷處,保護裝備,行動電話或功能裝置,當事者區分(類別),車輛用途,當事者行動狀態,駕照狀態,駕照種類,飲酒情形,車輛撞擊部位最初,車輛撞擊部位其他,肇事因素個別,肇事因素主要,肇事逃逸,職業,共享經濟或外送平台,GPS座標X,GPS座標Y,事故類別,﻿序號
"6409",,"66000",387130000C,(04)23274275,(04)23288582,"2025","9","17","6","54",臺中市,大里區,"0","2","0","7.0","2.0","6.0","50","13.0","9.0","1.0","5.0","4.0","6.0","6.0","4.0","4.0","5.0","5.0","5.0","1.0","16.0","2.0","9.0","1.0","1.0",F01,"7.0","6.0","7.0","21.0","2.0","14.0","11.0","34.0","34.0","1.0","3.0","4.0",219803.665749731,2667356.65113521,"2.0","6410.0"
"6410",,"66000",387130000C,(04)23274275,(04)23288582,"2025","9","17","6","58",臺中市,太平區,"0","1","0","7.0","3.0","6.0","50","4.0","1.0","1.0","5.0","4.0","6.0","6.0","1.0","1.0","5.0","5.0","4.0","1.0","16.0","2.0","9.0","1.0","1.0",F01,"7.0","6.0","7.0","21.0","2.0","11.0",,"48.0","48.0","1.0","12.0","4.0",221535.079606462,2672350.25836238,"2.0","6411.0"
"6417",,"66000",387130000C,(04)23274275,(04)23288582,"2025","9","17","7","12",臺中市,潭子區,"0","1","0","7.0","3.0","6.0","50","4.0","1.0","1.0","5.0","2.0","1.0","6.0","4.0","4.0","5.0","5.0","5.0","2.0","18.0","2.0","9.0","1.0","1.0",F01,"7.0","9.0","7.0","21.0","9.0","14.0",,"84.0","84.0","1.0","13.0","4.0",219701.305577845,2676047.3748177,"2.0","6418.0"
"6426",,"66000",387130000C,(04)23274275,(04)23288582,"2025","9","17","7","23",臺中市,西屯區,"0","1","0","7.0","2.0","6.0","40","4.0","2.0","1.0","5.0","4.0","6.0","6.0","1.0","1.0","10.0","5.0","5.0","2.0","18.0","2.0","9.0","5.0","4.0",F01,"7.0","9.0","7.0","21.0","2.0","11.0",,"59.0","59.0","1.0","12.0","4.0",213677.082564995,2673257.042404,"2.0","6427.0"
"6485",,"66000",387130000C,(04)23274275,(04)23288582,"2025","9","17","8","37",臺中市,南屯區,"0","2","0","7.0","3.0","6.0","40","13.0","9.0","1.0","5.0","4.0","6.0","6.0","1.0","1.0","5.0","5.0","4.0","2.0","12.0","2.0","9.0","6.0","1.0",F01,"7.0","6.0","7.0","21.0","2.0","13.0",,"48.0","48.0","1.0","12.0","4.0",213714.072734381,2670906.91131614,"2.0","6486.0"
"6541",,"66000",387130000C,(04)23274275,(04)23288582,"2025","9","17","10","44",臺中市,大肚區,"0","1","0","7.0","2.0","6.0","50","11.0","9.0","1.0","5.0","4.0","6.0","6.0","4.0","4.0","4.0","4.0","5.0","2.0","18.0","2.0","9.0","1.0","1.0",F01,"7.0","5.0","7.0","21.0","2.0","11.0",,"84.0","84.0","1.0","6.0","4.0",205535.64140546,2672159.23769035,"2.0","6542.0"
"6572",,"66000",387130000C,(04)23274275,(04)23288582,"2025","9","17","11","56",臺中市,北區,"0","1","0","7.0","2.0","6.0","50","3.0","2.0","1.0","5.0","4.0","6.0","6.0","4.0","4.0","10.0","5.0","5.0","2.0","13.0","2.0","9.0","6.0","1.0",F01,"7.0","9.0","7.0","21.0","2.0","11.0",,"7.0","7.0","1.0","13.0","4.0",217472.813791464,2671633.65673168,"2.0","6573.0"
"6691",,"66000",387130000C,(04)23274275,(04)23288582,"2025","9","17","17","0",臺中市,潭子區,"0","1","0","7.0","2.0","6.0","50","4.0","1.0","1.0","5.0","4.0","6.0","6.0","1.0","1.0","10.0","5.0","5.0","2.0","16.0","2.0","8.0","6.0","1.0",F01,"7.0","6.0","7.0","21.0","2.0","11.0",,"84.0","84.0","1.0","12.0","4.0",221085.58743963,2677729.46110552,"2.0","6692.0"
"6767",,"66000",387130000C,(04)23274275,(04)23288582,"2025","9","17","19","13",臺中市,北屯區,"0","2","0","7.0","1.0","6.0","50","3.0","1.0","1.0","5.0","4.0","6.0","6.0","1.0","1.0","10.0","5.0","5.0","2.0","15.0","2.0","9.0","1.0","1.0",F01,"7.0","9.0","7.0","21.0","2.0","12.0",,"85.0","85.0","1.0","12.0","4.0",219057.01640079,2673534.81997482,"2.0","6768.0"
"6776",,"66000",387130000C,(04)23274275,(04)23288582,"2025","9","17","19","42",臺中市,西區,"0","1","0","7.0","1.0","6.0","40","4.0","1.0","1.0","5.0","4.0","6.0","6.0","2.0","1.0","10.0","5.0","5.0","2.0","18.0","2.0","9.0","6.0","1.0",F01,"7.0","1.0","7.0","21.0","2.0","14.0",,"51.0","51.0","1.0","12.0","4.0",214935.648939892,2672051.56590832,"2.0","6777.0"
"6790",,"66000",387130000C,(04)23274275,(04)23288582,"2025","9","17","20","16",臺中市,太平區,"0","2","0","7.0","1.0","6.0","50","5.0","1.0","1.0","5.0","4.0","6.0","6.0","1.0","1.0","10.0","5.0","5.0","2.0","15.0","2.0","7.0","4.0","1.0",F01,"7.0","9.0","7.0","21.0","2.0","13.0",,"21.0","21.0","1.0","12.0","4.0",221650.142143158,2668587.50268213,"2.0","6791.0"
"6831",,"66000",387130000C,(04)23274275,(04)23288582,"2025","9","18","4","40",臺中市,南區,"0","1","0","7.0","1.0","6.0","50","4.0","1.0","1.0","5.0","4.0","6.0","6.0","4.0","4.0","10.0","5.0","5.0","2.0","30.0","2.0","8.0","6.0","1.0",F01,"7.0","9.0","7.0","21.0","1.0","11.0",,"54.0","54.0","1.0","13.0","4.0",217732.482571963,2669174.17510575,"2.0","6832.0"
"6859",,"66000",387130000C,(04)23274275,(04)23288582,"2025","9","18","7","31",臺中市,大里區,"0","2","0","7.0","2.0","6.0","50","3.0","1.0","1.0","5.0","4.0","6.0","6.0","4.0","4.0","5.0","5.0","5.0","1.0","16.0","2.0","8.0","4.0","1.0",F01,"7.0","6.0","7.0","21.0","2.0","14.0",,"48.0","48.0","1.0","13.0","4.0",218096.963919108,2667671.57667422,"2.0","6860.0"
"6969",,"66000",387130000C,(04)23274275,(04)23288582,"2025","9","18","10","48",臺中市,北屯區,"0","1","0","7.0","2.0","6.0","50","4.0","1.0","1.0","5.0","4.0","6.0","6.0","1.0","1.0","10.0","5.0","5.0","2.0","18.0","2.0","9.0","4.0","1.0",F01,"7.0","6.0","7.0","21.0","2.0","14.0",,"82.0","82.0","1.0","12.0","1.0",216731.084323833,2674775.50380375,"2.0","6970.0"
"7133",,"66000",387130000C,(04)23274275,(04)23288582,"2025","9","18","17","35",臺中市,西區,"0","3","0","6.0","2.0","6.0","40","3.0","1.0","1.0","5.0","4.0","6.0","6.0","4.0","4.0","10.0","5.0","5.0","2.0","16.0","2.0","9.0","6.0","1.0",F01,"7.0","6.0","7.0","21.0","2.0","14.0",,"48.0","48.0","1.0","4.0","4.0",216610.442798393,2669822.43812695,"2.0","7134.0"
"7142",,"66000",387130000C,(04)23274275,(04)23288582,"2025","9","18","17","53",臺中市,北區,"0","2","0","7.0","1.0","6.0","50","3.0","1.0","1.0","5.0","4.0","6.0","6.0","4.0","4.0","10.0","5.0","5.0","2.0","17.0","2.0","9.0","5.0","4.0",F01,"7.0","6.0","7.0","21.0","2.0","12.0",,"84.0","84.0","1.0","12.0","1.0",217599.286809722,2671656.18295032,"2.0","7143.0"
"7147",,"66000",387130000C,(04)23274275,(04)23288582,"2025","9","18","18","0",臺中市,北屯區,"0","1","0","7.0","1.0","6.0","50","13.0","7.0","1.0","5.0","4.0","6.0","6.0","4.0","4.0","9.0","5.0","4.0","2.0","13.0","2.0","9.0","6.0","1.0",F01,"7.0","12.0","7.0","21.0","2.0","11.0",,"7.0","7.0","1.0","12.0","4.0",221565.480712707,2674340.72281151,"2.0","7148.0"
"7217",,"66000",387130000C,(04)23274275,(04)23288582,"2025","9","18","21","23",臺中市,北屯區,"0","1","0","6.0","1.0","6.0","50","13.0","9.0","1.0","5.0","4.0","6.0","6.0","4.0","4.0","9.0","4.0","4.0","2.0","17.0","2.0","9.0","1.0","1.0",F01,"7.0","9.0","7.0","21.0","2.0","12.0",,"59.0","59.0","1.0","12.0","4.0",221337.90586596,2674804.78370682,"2.0","7218.0"
"7578",,"66000",387130000C,(04)23274275,(04)23288582,"2025","9","19","16","43",臺中市,西屯區,"0","2","0","5.0","1.0","6.0","30","3.0","1.0","1.0","4.0","4.0","6.0","6.0","4.0","4.0","8.0","4.0","4.0","1.0","17.0","2.0","9.0","5.0","4.0",F01,"7.0","6.0","7.0","21.0","2.0","14.0",,"14.0","14.0","1.0","13.0","4.0",215109.962850726,2672893.06969426,"2.0","7579.0"
"7586",,"66000",387130000C,(04)23274275,(04)23288582,"2025","9","19","16","55",臺中市,霧峰區,"0","1","0","5.0","1.0","6.0","50","4.0","2.0","1.0","4.0","4.0","6.0","6.0","1.0","1.0","5.0","5.0","5.0","1.0","16.0","2.0","7.0","6.0","1.0",F01,"7.0","6.0","7.0","21.0","2.0","11.0",,"84.0","84.0","1.0","12.0","4.0",220440.69953121,2664000.03529708,"2.0","7587.0"
"7648",,"66000",387130000C,(04)23274275,(04)23288582,"2025","9","19","17","50",臺中市,北屯區,"0","0","0","5.0",,,"50",,,,,,,,,,,,,,,,,,,F01,,,"7.0",,"1.0",,,"48.0","48.0","1.0","12.0","4.0",120.690824,24.180329,"3.0","7649.0"
"7861",,"66000",387130000C,(04)23274275,(04)23288582,"2025","9","20","7","34",臺中市,南區,"0","1","0","7.0","2.0","6.0","50","4.0","3.0","1.0","5.0","4.0","6.0","6.0","2.0","1.0","10.0","5.0","5.0","2.0","17.0","2.0","9.0","6.0","1.0",F01,"7.0","9.0","7.0","21.0","2.0","11.0",,"84.0","84.0","1.0","12.0","4.0",214260.875867863,2668650.30221938,"2.0","7862.0"
"7905",,"66000",387130000C,(04)23274275,(04)23288582,"2025","9","20","9","45",臺中市,東勢區,"0","1","0","7.0","2.0","8.0","15","13.0","9.0","1.0","5.0","4.0","6.0","6.0","4.0","4.0","9.0","5.0","5.0","1.0","18.0","2.0","9.0","6.0","1.0",F02,"7.0","15.0","7.0","21.0","1.0","15.0",,"84.0","84.0","1.0","4.0","4.0",232974.143358699,2683612.58608767,"2.0","7906.0"
"7925",,"66000",387130000C,(04)23274275,(04)23288582,"2025","9","20","10","24",臺中市,東勢區,"0","3","0","7.0","2.0","8.0","15","13.0","9.0","1.0","5.0","4.0","6.0","6.0","4.0","4.0","9.0","5.0","5.0","1.0","17.0","2.0","9.0","6.0","1.0",F02,"7.0","9.0","7.0","21.0","2.0","12.0",,"84.0","84.0","1.0","12.0","4.0",230798.65298061,2685907.15267689,"2.0","7926.0"
"8012",,"66000",387130000C,(04)23274275,(04)23288582,"2025","9","20","13","17",臺中市,神岡區,"0","1","0","7.0","1.0","6.0","30","3.0","1.0","1.0","5.0","4.0","6.0","6.0","4.0","4.0","10.0","5.0","5.0","2.0","18.0","2.0","9.0","4.0","1.0",F01,"7.0","5.0","7.0","21.0","2.0","13.0",,"85.0","85.0","1.0","12.0","4.0",220507.374002599,2683630.73799802,"2.0","8013.0"
"8072",,"66000",387130000C,(04)23274275,(04)23288582,"2025","9","20","15","23",臺中市,大雅區,"0","2","0","7.0","1.0","6.0","50","4.0","1.0","1.0","5.0","4.0","6.0","6.0","1.0","1.0","10.0","5.0","5.0","2.0","16.0","3.0","10.0","1.0","1.0",F01,"7.0","6.0","7.0","21.0","2.0","13.0",,"48.0","48.0","1.0","3.0","4.0",120.643502,24.233018,"2.0","8073.0"
"8255",,"66000",387130000C,(04)23274275,(04)23288582,"2025","9","21","9","15",臺中市,北屯區,"0","1","0","7.0","2.0","6.0","50","3.0","9.0","1.0","5.0","4.0","6.0","6.0","4.0","4.0","1.0","4.0","5.0","2.0","17.0","2.0","9.0","4.0","1.0",F01,"7.0","9.0","7.0","21.0","2.0","14.0",,"8.0","8.0","1.0","12.0","4.0",219645.02665272,2675050.51143987,"2.0","8256.0"
"8309",,"66000",387130000C,(04)23274275,(04)23288582,"2025","9","21","12","20",臺中市,后里區,"0","1","0","7.0","2.0","6.0","50","13.0","9.0","1.0","5.0","4.0","6.0","6.0","4.0","4.0","5.0","4.0","5.0","1.0","18.0","2.0","9.0","1.0","1.0",F01,"7.0","9.0","7.0","21.0","2.0","14.0",,"59.0","59.0","1.0","6.0","4.0",223556.565304197,2693112.67423773,"2.0","8310.0"
"8320",,"66000",387130000C,(04)23274275,(04)23288582,"2025","9","21","12","55",臺中市,清水區,"0","1","0","7.0","2.0","6.0","50","4.0","2.0","1.0","5.0","4.0","6.0","6.0","1.0","1.0","8.0","3.0","4.0","1.0","13.0","2.0","9.0","6.0","1.0",F01,"7.0","9.0","7.0","21.0","9.0","11.0",,"7.0","7.0","1.0","12.0","4.0",209719.273516663,2689398.02541416,"2.0","8321.0"
"8392",,"66000",387130000C,(04)23274275,(04)23288582,"2025","9","21","16","29",臺中市,沙鹿區,"0","1","0","7.0","2.0","6.0","50","13.0","7.0","1.0","5.0","4.0","6.0","6.0","4.0","4.0","1.0","5.0","4.0","2.0","17.0","2.0","8.0","6.0","1.0",F02,"7.0","8.0","7.0","21.0","9.0","14.0",,"40.0","40.0","1.0","6.0","4.0",206195.419128615,2679783.53373399,"2.0","8393.0"
"8410",,"66000",387130000C,(04)23274275,(04)23288582,"2025","9","21","17","25",臺中市,神岡區,"0","2","0","7.0","1.0","6.0","30","11.0","9.0","1.0","5.0","4.0","6.0","6.0","4.0","4.0","10.0","5.0","5.0","2.0","17.0","2.0","9.0","5.0","4.0",F02,"7.0","5.0","7.0","21.0","2.0","14.0",,"41.0","41.0","1.0","12.0","4.0",219200.01771071,2685431.9214052,"2.0","8411.0"
"8443",,"66000",387130000C,(04)23274275,(04)23288582,"2025","9","21","18","31",臺中市,沙鹿區,"0","1","0","7.0","1.0","6.0","50","13.0","9.0","1.0","5.0","4.0","6.0","6.0","4.0","4.0","10.0","5.0","5.0","2.0","18.0","2.0","9.0","4.0","1.0",F01,"7.0","9.0","7.0","21.0","2.0","15.0",,"59.0","59.0","1.0","6.0","4.0",206149.202370655,2681555.73494831,"2.0","8444.0"
"8463",,"66000",387130000C,(04)23274275,(04)23288582,"2025","9","21","19","30",臺中市,潭子區,"0","0","0","6.0",,,"30",,,,,,,,,,,,,,,,,,,F01,,,"1.0",,"2.0",,,"8.0","8.0","1.0","13.0","4.0",120.703906,24.189708,"3.0","8464.0"
"8507",,"66000",387130000C,(04)23274275,(04)23288582,"2025","9","21","21","53",臺中市,大里區,"0","0","0","7.0",,,"50",,,,,,,,,,,,,,"18.0",,,,,F01,,,"7.0",,"2.0",,,"84.0","84.0","1.0","13.0","4.0",120.68737,24.102502,"3.0","8508.0"
"8536",,"66000",387130000C,(04)23274275,(04)23288582,"2025","9","22","7","25",臺中市,龍井區,"0","1","0","7.0","3.0","6.0","50","13.0","9.0","1.0","5.0","4.0","6.0","6.0","4.0","4.0","9.0","5.0","5.0","2.0","27.0","2.0","4.0","5.0","4.0",F01,"7.0","9.0","7.0","21.0","9.0","11.0",,"6.0","6.0","1.0","3.0","4.0",203720.034914906,2674748.89607105,"2.0","8537.0"
"8586",,"66000",387130000C,(04)23274275,(04)23288582,"2025","9","22","8","13",臺中市,南區,"0","1","0","7.0","2.0","6.0","50","4.0","1.0","1.0","5.0","4.0","6.0","6.0","2.0","1.0","10.0","5.0","5.0","2.0","18.0","2.0","9.0","6.0","1.0",F01,"7.0","9.0","7.0","21.0","2.0","12.0",,"84.0","84.0","1.0","12.0","4.0",217394.609454062,2668235.77868923,"2.0","8587.0"
"8601",,"66000",387130000C,(04)23274275,(04)23288582,"2025","9","22","8","40",臺中市,西屯區,"0","1","0","7.0","2.0","6.0","40","13.0","8.0","1.0","5.0","4.0","6.0","6.0","4.0","4.0","1.0","5.0","1.0","2.0","18.0","2.0","7.0","5.0","4.0",F01,"7.0","9.0","7.0","21.0","2.0","14.0",,"59.0","59.0","1.0","12.0","1.0",210191.44032562,2675445.75483544,"2.0","8602.0"
"8771",,"66000",387130000C,(04)23274275,(04)23288582,"2025","9","22","16","50",臺中市,大雅區,"0","1","0","7.0","1.0","6.0","50","13.0","9.0","1.0","5.0","4.0","6.0","6.0","4.0","4.0","5.0","5.0","5.0","2.0","17.0","3.0","10.0","4.0","1.0",F01,"7.0","6.0","7.0","21.0","1.0","16.0",,"48.0","48.0","1.0","12.0","4.0",120.652461,24.223837,"2.0","8772.0"
"8809",,"66000",387130000C,(04)23274275,(04)23288582,"2025","9","22","17","48",臺中市,沙鹿區,"0","1","0","7.0","1.0","6.0","40","13.0","8.0","1.0","5.0","4.0","6.0","6.0","4.0","4.0","1.0","4.0","4.0","2.0","18.0","2.0","9.0","4.0","1.0",F01,"7.0","9.0","7.0","21.0","2.0","12.0",,"59.0","59.0","1.0","12.0","4.0",206811.30745737,2678341.4084634,"2.0","8810.0"
"9492",,"66000",387130000C,(04)23274275,(04)23288582,"2025","9","24","7","15",臺中市,潭子區,"0","1","0","7.0","2.0","6.0","50","4.0","2.0","1.0","5.0","4.0","6.0","6.0","4.0","4.0","5.0","4.0","5.0","2.0","18.0","2.0","8.0","1.0","1.0",F01,"7.0","9.0","7.0","21.0","1.0","11.0",,"58.0","58.0","1.0","13.0","4.0",220717.640122101,2677916.72092098,"2.0","9493.0"
"9564",,"66000",387130000C,(04)23274275,(04)23288582,"2025","9","24","9","2",臺中市,烏日區,"0","1","0","7.0","2.0","6.0","50","4.0","8.0","1.0","5.0","4.0","6.0","6.0","1.0","1.0","5.0","5.0","4.0","2.0","18.0","2.0","9.0","5.0","4.0",F02,"7.0","9.0","7.0","21.0","2.0","14.0",,"59.0","59.0","1.0","13.0","1.0",210108.840797015,2668485.66869363,"2.0","9565.0"
"9768",,"66000",387130000C,(04)23274275,(04)23288582,"2025","9","24","17","45",臺中市,霧峰區,"0","2","0","7.0","2.0","6.0","50","3.0","1.0","1.0","5.0","4.0","6.0","6.0","1.0","1.0","10.0","5.0","5.0","1.0","16.0","2.0","9.0","6.0","1.0",F01,"7.0","6.0","7.0","21.0","2.0","14.0",,"48.0","48.0","1.0","12.0","1.0",217451.385255361,2662777.98762026,"2.0","9769.0"
"9815",,"66000",387130000C,(04)23274275,(04)23288582,"2025","9","24","18","33",臺中市,太平區,"0","0","0","6.0","1.0","6.0","50","13.0","9.0","1.0","5.0","4.0","6.0","6.0","4.0","4.0","5.0","4.0","5.0","2.0","30.0","3.0","10.0","4.0","1.0",F01,"7.0","9.0","7.0","21.0","2.0","16.0",,"84.0","84.0","1.0","12.0","1.0",120.716832,24.124306,"3.0","9816.0"
"9865",,"66000",387130000C,(04)23274275,(04)23288582,"2025","9","24","21","37",臺中市,潭子區,"0","1","0","6.0","1.0","6.0","50","3.0","2.0","1.0","5.0","4.0","6.0","6.0","4.0","4.0","5.0","5.0","5.0","1.0","18.0","2.0","9.0","5.0","1.0",F01,"7.0","9.0","7.0","21.0","2.0","12.0",,"59.0","59.0","1.0","13.0","4.0",221520.122804227,2677664.34681969,"2.0","9866.0"
"9892",,"66000",387130000C,(04)23274275,(04)23288582,"2025","9","25","6","45",臺中市,烏日區,"0","2","0","7.0","2.0","6.0","30","13.0","9.0","1.0","5.0","4.0","6.0","6.0","4.0","4.0","10.0","5.0","5.0","2.0","17.0","2.0","9.0","1.0","1.0",F01,"7.0","1.0","7.0","21.0","2.0","14.0",,"51.0","51.0","1.0","6.0","4.0",214053.9848012,2664116.46582328,"2.0","9893.0"
"9896",,"66000",387130000C,(04)23274275,(04)23288582,"2025","9","25","6","54",臺中市,西屯區,"0","1","0","7.0","3.0","6.0","50","4.0","1.0","1.0","5.0","4.0","6.0","6.0","1.0","1.0","10.0","5.0","5.0","2.0","16.0","2.0","9.0","5.0","4.0",F01,"7.0","6.0","7.0","21.0","2.0","11.0",,"48.0","48.0","1.0","13.0","4.0",215039.485458606,2673944.49643837,"2.0","9897.0"
"9912",,"66000",387130000C,(04)23274275,(04)23288582,"2025","9","25","7","33",臺中市,南區,"0","1","0","7.0","3.0","6.0","50","13.0","9.0","1.0","5.0","4.0","6.0","6.0","4.0","4.0","10.0","5.0","5.0","2.0","18.0","2.0","8.0","4.0","1.0",F01,"7.0","5.0","7.0","21.0","1.0","16.0",,"89.0","89.0","1.0","3.0","1.0",217417.583475005,2669880.81724772,"2.0","9913.0"
"10143",,"66000",387130000C,(04)23274275,(04)23288582,"2025","9","25","16","2",臺中市,大肚區,"0","1","0","7.0","2.0","6.0","50","3.0","1.0","1.0","5.0","4.0","6.0","6.0","4.0","4.0","10.0","5.0","5.0","2.0","16.0","2.0","5.0","4.0","1.0",F02,"7.0","9.0","7.0","21.0","2.0","11.0",,"4.0","4.0","1.0","4.0","4.0",203668.794353469,2672056.76688434,"2.0","10144.0"
"10189",,"66000",387130000C,(04)23274275,(04)23288582,"2025","9","25","17","3",臺中市,太平區,"0","1","0","7.0","2.0","6.0","30","3.0","1.0","1.0","5.0","4.0","6.0","6.0","4.0","4.0","5.0","5.0","5.0","2.0","16.0","2.0","7.0","4.0","1.0",F01,"7.0","6.0","7.0","21.0","2.0","11.0",,"12.0","12.0","1.0","3.0","4.0",220897.793245737,2672037.79070665,"2.0","10190.0"
"10254",,"66000",387130000C,(04)23274275,(04)23288582,"2025","9","25","18","32",臺中市,太平區,"0","1","0","7.0","1.0","6.0","50","3.0","1.0","1.0","5.0","4.0","6.0","6.0","2.0","1.0","5.0","5.0","5.0","2.0","27.0","2.0","9.0","4.0","1.0",F01,"7.0","9.0","7.0","21.0","2.0","11.0",,"84.0","84.0","1.0","6.0","4.0",222984.321320844,2668517.13180183,"2.0","10255.0"
"10265",,"66000",387130000C,(04)23274275,(04)23288582,"2025","9","25","18","52",臺中市,南屯區,"0","0","0","7.0",,,"50",,,,,,,,,,,,,,,,,,,F01,,,"7.0",,"1.0",,,"8.0","8.0","1.0","13.0","1.0",120.634678,24.152562,"3.0","10266.0"
"10313",,"66000",387130000C,(04)23274275,(04)23288582,"2025","9","25","21","10",臺中市,大甲區,"0","1","0","7.0","1.0","6.0","50","4.0","2.0","1.0","5.0","4.0","6.0","6.0","3.0","1.0","10.0","5.0","5.0","1.0","18.0","2.0","8.0","4.0","1.0",F01,"7.0","9.0","7.0","21.0","8.0","12.0",,"59.0","59.0","1.0","12.0","4.0",211782.451957727,2694124.05115785,"2.0","10314.0"
"10350",,"66000",387130000C,(04)23274275,(04)23288582,"2025","9","26","7","5",臺中市,北區,"0","1","0","7.0","2.0","6.0","50","13.0","9.0","1.0","5.0","4.0","6.0","6.0","4.0","4.0","1.0","3.0","5.0","2.0","13.0","2.0","9.0","4.0","1.0",F01,"7.0","9.0","7.0","21.0","2.0","11.0",,"7.0","7.0","1.0","13.0","4.0",217984.209540122,2673628.34309132,"2.0","10351.0"
"10379",,"66000",387130000C,(04)23274275,(04)23288582,"2025","9","26","7","52",臺中市,龍井區,"0","1","0","7.0","3.0","6.0","50","13.0","9.0","1.0","5.0","4.0","6.0","6.0","4.0","4.0","5.0","4.0","5.0","1.0","16.0","2.0","9.0","6.0","1.0",F01,"7.0","6.0","7.0","21.0","2.0","11.0",,"48.0","48.0","1.0","12.0","4.0",202277.220502345,2674802.28801624,"2.0","10380.0"
"10415",,"66000",387130000C,(04)23274275,(04)23288582,"2025","9","26","8","48",臺中市,南屯區,"0","1","0","7.0","2.0","6.0","50","4.0","1.0","1.0","5.0","4.0","6.0","6.0","1.0","1.0","9.0","4.0","5.0","2.0","15.0","3.0","10.0","6.0","1.0",F01,"7.0","9.0","7.0","21.0","2.0","11.0",,"84.0","84.0","1.0","12.0","4.0",120.64377,24.146898,"2.0","10416.0"
"10458",,"66000",387130000C,(04)23274275,(04)23288582,"2025","9","26","11","6",臺中市,東區,"0","0","0","7.0",,,"50",,,,,,,,,,,,,,,,,,,F02,,,"7.0",,"1.0",,,"7.0","7.0","1.0","13.0","4.0",120.710475,24.141289,"3.0","10459.0"
"10491",,"66000",387130000C,(04)23274275,(04)23288582,"2025","9","26","12","32",臺中市,神岡區,"0","2","0","7.0","2.0","6.0","50","4.0","1.0","1.0","5.0","4.0","6.0","6.0","4.0","4.0","10.0","5.0","5.0","1.0","15.0","2.0","9.0","5.0","4.0",F01,"7.0","9.0","7.0","21.0","2.0","11.0",,"15.0","15.0","1.0","13.0","4.0",217117.812977831,2682414.9411778,"2.0","10492.0"
"10677",,"66000",387130000C,(04)23274275,(04)23288582,"2025","9","26","18","42",臺中市,清水區,"0","1","0","7.0","1.0","6.0","30","3.0","1.0","1.0","5.0","4.0","6.0","6.0","4.0","4.0","10.0","5.0","5.0","2.0","16.0","2.0","9.0","6.0","1.0",F01,"7.0","6.0","7.0","21.0","2.0","14.0",,"12.0","12.0","1.0","4.0","4.0",206841.958657879,2686400.42444549,"2.0","10678.0"
"10697",,"66000",387130000C,(04)23274275,(04)23288582,"2025","9","26","19","26",臺中市,西屯區,"0","2","0","7.0","1.0","6.0","50","3.0","1.0","1.0","5.0","4.0","6.0","6.0","4.0","4.0","10.0","5.0","5.0","2.0","16.0","2.0","9.0","6.0","1.0",F01,"7.0","6.0","7.0","21.0","2.0","14.0",,"14.0","14.0","1.0","3.0","4.0",214401.971759829,2672922.17953802,"2.0","10698.0"
"10728",,"66000",387130000C,(04)23274275,(04)23288582,"2025","9","26","20","45",臺中市,大里區,"0","1","0","7.0","1.0","6.0","50","4.0","2.0","1.0","5.0","4.0","6.0","6.0","2.0","1.0","5.0","4.0","4.0","1.0","18.0","2.0","9.0","5.0","4.0",F01,"7.0","9.0","7.0","21.0","9.0","12.0",,"84.0","84.0","1.0","13.0","4.0",218101.682859703,2667281.83533722,"2.0","10729.0"
"10761",,"66000",387130000C,(04)23274275,(04)23288582,"2025","9","26","22","57",臺中市,南屯區,"0","1","0","7.0","1.0","9.0","0","18.0","21.0","2.0","5.0","4.0","6.0","6.0","4.0","4.0","10.0","5.0","5.0","2.0","30.0","2.0","9.0","5.0","1.0",F01,"7.0","9.0","7.0","21.0","2.0","11.0",,"82.0","82.0","1.0","12.0","1.0",214047.262369619,2671125.46438987,"2.0","10762.0"
"10804",,"66000",387130000C,(04)23274275,(04)23288582,"2025","9","27","8","20",臺中市,沙鹿區,"0","1","0","7.0","2.0","6.0","30","13.0","8.0","1.0","5.0","4.0","6.0","6.0","4.0","4.0","3.0","4.0","4.0","2.0","18.0","2.0","9.0","1.0","1.0",F01,"7.0","3.0","7.0","21.0","2.0","12.0",,"50.0","50.0","1.0","13.0","4.0",209288.362636493,2682785.03605518,"2.0","10805.0"
"10887",,"66000",387130000C,(04)23274275,(04)23288582,"2025","9","27","11","33",臺中市,北屯區,"0","1","0","7.0","3.0","6.0","30","13.0","9.0","1.0","5.0","4.0","6.0","6.0","1.0","1.0","1.0","4.0","5.0","2.0","17.0","2.0","9.0","2.0","1.0",F01,"7.0","9.0","7.0","21.0","2.0","12.0",,"39.0","39.0","1.0","6.0","4.0",220708.900323564,2675254.94056788,"2.0","10888.0"
"10949",,"66000",387130000C,(04)23274275,(04)23288582,"2025","9","27","14","7",臺中市,西區,"0","3","0","7.0","2.0","6.0","50","3.0","1.0","1.0","5.0","4.0","6.0","6.0","4.0","4.0","10.0","5.0","5.0","2.0","16.0","2.0","9.0","5.0","4.0",F01,"7.0","6.0","7.0","21.0","2.0","14.0",,"14.0","14.0","1.0","12.0","4.0",215859.465132498,2671359.78224688,"2.0","10950.0"