field_1,序號,縣市別代碼,機關代碼,市話,傳真,年,月,日,時,分,縣市,區,死亡數量,受傷數量,2-30,天候,道路照明設備,道路類別,道路速限,道路型態,事故位置,路面鋪裝,路面狀態,路面缺陷,障礙物,視距,號誌種類,號誌動作,分向設施,快車道或一般車道間,快慢車道間,路面邊線,事故類型及型態,受傷程度,主要傷處,保護裝備,行動電話或功能裝置,當事者區分(類別),車輛用途,當事者行動狀態,駕照狀態,駕照種類,飲酒情形,車輛撞擊部位最初,車輛撞擊部位其他,肇事因素個別,肇事因素主要,肇事逃逸,職業,共享經濟或外送平台,GPS座標X,GPS座標Y,事故類別,﻿序號
"10997",,"66000",387130000C,(04)23274275,(04)23288582,"2025","9","27","16","30",臺中市,豐原區,"0","1","0","7.0","1.0","6.0","30","13.0","13.0","1.0","5.0","4.0","6.0","6.0","4.0","4.0","5.0","4.0","4.0","2.0","18.0","2.0","1.0","1.0","1.0",F01,"7.0","9.0","7.0","21.0","2.0","11.0",,"84.0","84.0","1.0","12.0","4.0",225314.420777735,2685666.91019008,"2.0","10998.0"
"11012",,"66000",387130000C,(04)23274275,(04)23288582,"2025","9","27","17","0",臺中市,石岡區,"0","4","0","7.0","2.0","8.0","10","13.0","13.0","1.0","5.0","4.0","6.0","6.0","4.0","4.0","5.0","5.0","5.0","1.0","10.0","2.0","9.0","6.0","4.0",F01,"7.0","9.0","7.0","21.0","1.0","11.0",,"85.0","85.0","1.0","12.0","4.0",226439.227218935,2685924.59521245,"2.0","11013.0"
"11023",,"66000",387130000C,(04)23274275,(04)23288582,"2025","9","27","17","37",臺中市,北屯區,"0","2","0","7.0","2.0","6.0","50","4.0","1.0","1.0","5.0","4.0","6.0","6.0","1.0","1.0","10.0","5.0","5.0","2.0","17.0","2.0","9.0","1.0","1.0",F01,"7.0","6.0","7.0","21.0","2.0","14.0",,"48.0","48.0","1.0","12.0","4.0",219530.282413746,2673326.47204623,"2.0","11024.0"
"11029",,"66000",387130000C,(04)23274275,(04)23288582,"2025","9","27","17","59",臺中市,西屯區,"0","1","0","7.0","2.0","6.0","50","4.0","1.0","1.0","5.0","4.0","6.0","6.0","2.0","1.0","10.0","5.0","5.0","2.0","16.0","2.0","9.0","6.0","1.0",F01,"7.0","6.0","7.0","21.0","2.0","14.0",,"11.0","11.0","1.0","13.0","4.0",212930.657516606,2673542.27142684,"2.0","11030.0"
"11036",,"66000",387130000C,(04)23274275,(04)23288582,"2025","9","27","18","11",臺中市,大里區,"0","2","0","7.0","1.0","6.0","30","13.0","9.0","1.0","5.0","4.0","6.0","5.0","4.0","4.0","10.0","5.0","5.0","2.0","3.0","2.0","9.0","1.0","1.0",F01,"7.0","14.0","7.0","21.0","2.0","11.0",,"59.0","59.0","1.0","13.0","4.0",217283.575213567,2664365.1970852,"2.0","11037.0"
"11053",,"66000",387130000C,(04)23274275,(04)23288582,"2025","9","27","18","59",臺中市,北區,"0","1","0","7.0","1.0","6.0","50","13.0","9.0","1.0","5.0","4.0","6.0","3.0","4.0","4.0","5.0","4.0","5.0","2.0","13.0","2.0","9.0","6.0","1.0",F01,"7.0","9.0","7.0","21.0","9.0","11.0","14.0","88.0","88.0","1.0","13.0","4.0",217453.017853541,2672309.28365022,"2.0","11054.0"
"11077",,"66000",387130000C,(04)23274275,(04)23288582,"2025","9","27","20","30",臺中市,西屯區,"0","0","0","7.0",,,"0",,,,,,,,,,,,,,"16.0",,,,,F01,,,"7.0",,"1.0",,,"84.0","84.0","1.0","12.0","4.0",120.615115,24.182957,"3.0","11078.0"
"11097",,"66000",387130000C,(04)23274275,(04)23288582,"2025","9","27","22","9",臺中市,太平區,"0","3","0","7.0","1.0","6.0","50","3.0","1.0","1.0","5.0","4.0","6.0","6.0","4.0","4.0","10.0","5.0","5.0","2.0","17.0","2.0","8.0","5.0","4.0",F01,"7.0","6.0","7.0","21.0","2.0","12.0",,"14.0","14.0","1.0","13.0","4.0",221278.280315141,2668316.02322527,"2.0","11098.0"
"11122",,"66000",387130000C,(04)23274275,(04)23288582,"2025","9","28","6","55",臺中市,北屯區,"0","1","0","7.0","3.0","6.0","40","13.0","8.0","1.0","5.0","4.0","6.0","6.0","4.0","4.0","1.0","5.0","5.0","2.0","17.0","2.0","9.0","2.0","1.0",F01,"7.0","9.0","7.0","21.0","2.0","11.0",,"84.0","84.0","1.0","6.0","4.0",222076.614893233,2672973.70856158,"2.0","11123.0"
"11134",,"66000",387130000C,(04)23274275,(04)23288582,"2025","9","28","7","58",臺中市,北屯區,"0","2","0","7.0","2.0","6.0","30","13.0","13.0","1.0","5.0","4.0","6.0","6.0","2.0","1.0","10.0","5.0","5.0","2.0","10.0","2.0","9.0","5.0","4.0",F01,"7.0","9.0","7.0","21.0","2.0","11.0",,"84.0","84.0","1.0","12.0","4.0",219765.507412278,2675710.77537264,"2.0","11135.0"
"11152",,"66000",387130000C,(04)23274275,(04)23288582,"2025","9","28","9","20",臺中市,神岡區,"0","1","0","7.0","2.0","6.0","30","13.0","9.0","1.0","5.0","4.0","6.0","6.0","4.0","4.0","10.0","5.0","5.0","2.0","18.0","2.0","9.0","5.0","4.0",F01,"7.0","9.0","7.0","21.0","2.0","12.0",,"84.0","84.0","1.0","13.0","4.0",219008.002613227,2680778.19283977,"2.0","11153.0"
"11281",,"66000",387130000C,(04)23274275,(04)23288582,"2025","9","28","15","50",臺中市,清水區,"0","1","0","7.0","3.0","6.0","50","13.0","8.0","1.0","5.0","4.0","6.0","6.0","4.0","4.0","1.0","4.0","4.0","2.0","17.0","2.0","7.0","6.0","1.0",F01,"7.0","9.0","7.0","21.0","2.0","11.0",,"7.0","7.0","1.0","12.0","4.0",206742.460749422,2684505.05958331,"2.0","11282.0"
"11304",,"66000",387130000C,(04)23274275,(04)23288582,"2025","9","28","16","48",臺中市,石岡區,"0","1","0","7.0","2.0","8.0","10","13.0","13.0","1.0","5.0","4.0","6.0","6.0","4.0","4.0","9.0","5.0","5.0","1.0","17.0","3.0","10.0","6.0","4.0",F01,"7.0","15.0","7.0","21.0","1.0","15.0",,"84.0","84.0","1.0","12.0","4.0",120.774561,24.277898,"2.0","11305.0"
"11309",,"66000",387130000C,(04)23274275,(04)23288582,"2025","9","28","17","3",臺中市,南區,"0","1","0","7.0","3.0","6.0","50","4.0","9.0","1.0","5.0","4.0","6.0","6.0","2.0","1.0","5.0","5.0","5.0","2.0","18.0","2.0","9.0","5.0","4.0",F01,"7.0","9.0","7.0","21.0","2.0","15.0",,"84.0","84.0","1.0","12.0","4.0",216029.436586861,2668739.22853716,"2.0","11310.0"
"11327",,"66000",387130000C,(04)23274275,(04)23288582,"2025","9","28","17","50",臺中市,后里區,"0","3","0","7.0","3.0","6.0","40","11.0","13.0","1.0","5.0","4.0","6.0","6.0","4.0","4.0","5.0","5.0","5.0","1.0","12.0","2.0","9.0","6.0","1.0",F01,"7.0","9.0","7.0","21.0","2.0","12.0",,"84.0","84.0","1.0","2.0","4.0",222885.772964399,2687261.20783344,"2.0","11328.0"
"11410",,"66000",387130000C,(04)23274275,(04)23288582,"2025","9","29","7","10",臺中市,南屯區,"0","1","0","7.0","2.0","6.0","40","3.0","8.0","1.0","5.0","4.0","6.0","6.0","4.0","4.0","1.0","4.0","1.0","2.0","17.0","3.0","10.0","1.0","1.0",F01,"7.0","15.0","7.0","21.0","2.0","14.0",,"84.0","84.0","1.0","13.0","4.0",120.58554,24.166399,"2.0","11411.0"
"11708",,"66000",387130000C,(04)23274275,(04)23288582,"2025","9","30","7","10",臺中市,太平區,"0","2","0","7.0","3.0","6.0","50","4.0","1.0","1.0","5.0","4.0","6.0","6.0","1.0","1.0","5.0","5.0","4.0","1.0","11.0","2.0","7.0","6.0","1.0",F01,"7.0","9.0","7.0","21.0","2.0","11.0",,"84.0","84.0","1.0","12.0","4.0",222536.27212041,2667150.66811901,"2.0","11709.0"
"11773",,"66000",387130000C,(04)23274275,(04)23288582,"2025","9","30","8","28",臺中市,烏日區,"0","1","0","7.0","3.0","6.0","50","4.0","1.0","1.0","5.0","4.0","6.0","6.0","2.0","1.0","1.0","2.0","3.0","2.0","12.0","3.0","10.0","1.0","1.0",F02,"7.0","9.0","7.0","21.0","2.0","12.0",,"21.0","21.0","1.0","6.0","4.0",120.648627,24.093378,"2.0","11774.0"
"11865",,"66000",387130000C,(04)23274275,(04)23288582,"2025","9","30","11","39",臺中市,東勢區,"0","1","0","7.0","2.0","6.0","50","5.0","1.0","1.0","5.0","4.0","6.0","6.0","1.0","1.0","10.0","5.0","5.0","2.0","17.0","2.0","9.0","1.0","1.0",F02,"7.0","9.0","7.0","21.0","2.0","12.0",,"21.0","21.0","1.0","12.0","4.0",232432.367014902,2683310.3428678,"2.0","11866.0"
"11893",,"66000",387130000C,(04)23274275,(04)23288582,"2025","9","30","12","40",臺中市,南區,"0","0","0","7.0",,,"50",,,,,,,,,,,,,,"12.0",,,,,F01,,,"7.0",,"2.0",,,"40.0","40.0","1.0","12.0","4.0",120.654711,24.116178,"3.0","11894.0"
"12000",,"66000",387130000C,(04)23274275,(04)23288582,"2025","9","30","16","39",臺中市,霧峰區,"0","0","0","7.0",,,"50",,,,,,,,,,,,,,"17.0",,,,,F01,,,"7.0",,"9.0",,,"84.0","84.0","1.0","13.0","4.0",120.698347,24.067331,"3.0","12001.0"
"12056",,"66000",387130000C,(04)23274275,(04)23288582,"2025","9","30","17","51",臺中市,南區,"0","1","0","7.0","1.0","6.0","50","13.0","13.0","1.0","5.0","4.0","6.0","6.0","4.0","4.0","10.0","5.0","5.0","1.0","18.0","2.0","9.0","1.0","1.0",F01,"7.0","9.0","7.0","21.0","2.0","12.0",,"84.0","84.0","1.0","12.0","3.0",216913.886840088,2669670.66581994,"2.0","12057.0"
"12074",,"66000",387130000C,(04)23274275,(04)23288582,"2025","9","30","18","20",臺中市,西屯區,"0","2","0","7.0","1.0","6.0","50","13.0","9.0","1.0","5.0","4.0","6.0","6.0","4.0","4.0","7.0","5.0","5.0","2.0","17.0","3.0","10.0","6.0","1.0",F01,"7.0","9.0","7.0","21.0","2.0","16.0",,"73.0","73.0","1.0","3.0","4.0",120.664742,24.170516,"2.0","12075.0"
"12131",,"66000",387130000C,(04)23274275,(04)23288582,"2025","9","30","20","27",臺中市,北屯區,"0","1","0","7.0","1.0","6.0","0","4.0","21.0","1.0","5.0","4.0","6.0","6.0","4.0","4.0","10.0","5.0","5.0","2.0","18.0","2.0","9.0","6.0","1.0",F01,"7.0","5.0","7.0","21.0","2.0","14.0",,"58.0","58.0","1.0","6.0","1.0",218024.526492513,2673979.77691363,"2.0","12132.0"
"80",,"66000",387130000C,(04)23274275,(04)23288582,"2025","11","1","10","44",臺中市,北屯區,"0","2","0","7.0","3.0","6.0","30.0","11.0","9.0","1.0","5.0","4.0","6.0","6.0","4.0","4.0","10.0","5.0","5.0","2.0","11.0","3.0","10.0","4.0","1.0",F01,"7.0","5.0","7.0","21.0","1.0","12.0",,"41.0","41.0","1.0","2.0","4.0",120.694063,24.180307,"2.0","81.0"
"208",,"66000",387130000C,(04)23274275,(04)23288582,"2025","11","1","16","12",臺中市,潭子區,"0","1","0","7.0","2.0","8.0","30.0","13.0","13.0","1.0","5.0","4.0","6.0","6.0","4.0","4.0","10.0","5.0","5.0","2.0","2.0","3.0","10.0","1.0","1.0",F01,"7.0","9.0","7.0","21.0","9.0","11.0",,"59.0","59.0","1.0","13.0","4.0",120.708641,24.228925,"2.0","209.0"
"240",,"66000",387130000C,(04)23274275,(04)23288582,"2025","11","1","17","37",臺中市,豐原區,"0","1","0","7.0","1.0","6.0","50.0","4.0","7.0","1.0","5.0","4.0","6.0","6.0","2.0","1.0","1.0","2.0","4.0","2.0","16.0","2.0","9.0","6.0","1.0",F01,"7.0","6.0","7.0","21.0","2.0","12.0",,"48.0","48.0","1.0","12.0","4.0",222097.499128021,2683282.85471811,"2.0","241.0"
"247",,"66000",387130000C,(04)23274275,(04)23288582,"2025","11","1","17","59",臺中市,豐原區,"0","1","0","7.0","1.0","6.0","40.0","13.0","8.0","1.0","5.0","4.0","6.0","6.0","4.0","4.0","5.0","5.0","4.0","2.0","17.0","2.0","9.0","4.0","4.0",F01,"7.0","9.0","7.0","21.0","2.0","11.0",,"84.0","84.0","1.0","12.0","1.0",222861.223670968,2683352.69493718,"2.0","248.0"
"248",,"66000",387130000C,(04)23274275,(04)23288582,"2025","11","1","18","2",臺中市,大里區,"0","1","0","7.0","1.0","6.0","50.0","13.0","9.0","1.0","5.0","4.0","6.0","6.0","4.0","4.0","5.0","4.0","4.0","2.0","13.0","2.0","9.0","1.0","1.0",F01,"7.0","9.0","7.0","21.0","2.0","11.0",,"7.0","7.0","1.0","3.0","4.0",218693.529834926,2667191.48025606,"2.0","249.0"
"323",,"66000",387130000C,(04)23274275,(04)23288582,"2025","11","2","0","59",臺中市,南屯區,"0","1","0","7.0","1.0","6.0","40.0","13.0","8.0","1.0","5.0","4.0","6.0","6.0","4.0","4.0","1.0","5.0","4.0","2.0","18.0","2.0","9.0","6.0","4.0",F01,"7.0","9.0","7.0","21.0","2.0","11.0",,"84.0","84.0","1.0","6.0","1.0",207957.351070346,2670761.05014136,"2.0","324.0"
"362",,"66000",387130000C,(04)23274275,(04)23288582,"2025","11","2","9","43",臺中市,潭子區,"0","1","0","7.0","3.0","6.0","50.0","12.0","13.0","1.0","5.0","4.0","6.0","6.0","4.0","4.0","5.0","5.0","5.0","1.0","18.0","2.0","9.0","4.0","1.0",F01,"7.0","9.0","7.0","21.0","9.0","14.0",,"84.0","84.0","1.0","13.0","4.0",219328.606167298,2679782.83199089,"2.0","363.0"
"389",,"66000",387130000C,(04)23274275,(04)23288582,"2025","11","2","11","25",臺中市,北屯區,"0","2","0","7.0","3.0","6.0","40.0","13.0","8.0","1.0","5.0","4.0","6.0","6.0","4.0","4.0","3.0","4.0","4.0","2.0","17.0","2.0","9.0","4.0","1.0",F01,"7.0","9.0","7.0","21.0","1.0","12.0",,"8.0","8.0","1.0","12.0","4.0",218157.730276133,2675972.89263385,"2.0","390.0"
"440",,"66000",387130000C,(04)23274275,(04)23288582,"2025","11","2","14","27",臺中市,南屯區,"0","2","0","7.0","3.0","6.0","50.0","5.0","1.0","1.0","5.0","4.0","6.0","6.0","1.0","1.0","3.0","4.0","5.0","2.0","15.0","2.0","9.0","1.0","1.0",F01,"7.0","9.0","7.0","21.0","2.0","12.0",,"84.0","84.0","1.0","12.0","4.0",213185.190539822,2670830.18941584,"2.0","441.0"
"449",,"66000",387130000C,(04)23274275,(04)23288582,"2025","11","2","15","1",臺中市,大里區,"0","1","0","7.0","2.0","6.0","50.0","4.0","1.0","1.0","5.0","4.0","6.0","6.0","1.0","1.0","10.0","5.0","5.0","2.0","17.0","2.0","9.0","1.0","1.0",F01,"7.0","1.0","7.0","21.0","2.0","12.0",,"51.0","51.0","1.0","12.0","4.0",216687.396914505,2667784.99772157,"2.0","450.0"
"510",,"66000",387130000C,(04)23274275,(04)23288582,"2025","11","2","18","49",臺中市,東勢區,"0","1","0","7.0","1.0","6.0","50.0","4.0","1.0","1.0","5.0","4.0","6.0","6.0","4.0","4.0","10.0","5.0","5.0","2.0","17.0","2.0","2.0","5.0","4.0",F01,"7.0","9.0","7.0","21.0","2.0","11.0",,"12.0","12.0","1.0","13.0","4.0",232815.618440016,2682839.73337275,"2.0","511.0"
"695",,"66000",387130000C,(04)23274275,(04)23288582,"2025","11","3","10","9",臺中市,北區,"0","3","0","7.0","3.0","6.0","50.0","4.0","1.0","1.0","5.0","4.0","6.0","6.0","2.0","1.0","10.0","5.0","5.0","2.0","17.0","2.0","9.0","5.0","4.0",F01,"7.0","15.0","7.0","21.0","2.0","14.0",,"42.0","42.0","1.0","13.0","4.0",216042.523087735,2673542.47413233,"2.0","696.0"
"719",,"66000",387130000C,(04)23274275,(04)23288582,"2025","11","3","10","59",臺中市,南屯區,"0","0","0","7.0",,,"50.0",,,,,,,,,,,,,,"11.0",,,,,F02,,,"7.0",,"2.0",,,"4.0","4.0","1.0","12.0","4.0",120.610335,24.136156,"4.0","720.0"
"786",,"66000",387130000C,(04)23274275,(04)23288582,"2025","11","3","13","44",臺中市,豐原區,"0","0","0","7.0","2.0","6.0","50.0","5.0","9.0","1.0","5.0","4.0","6.0","6.0","2.0","1.0","1.0","2.0","5.0","2.0","15.0","3.0","10.0","6.0","1.0",F02,"7.0","9.0","7.0","21.0","9.0","11.0",,"21.0","21.0","1.0","12.0","4.0",120.722465,24.252104,"3.0","787.0"
"899",,"66000",387130000C,(04)23274275,(04)23288582,"2025","11","3","17","50",臺中市,西屯區,"0","1","0","7.0","1.0","6.0","40.0","3.0","1.0","1.0","5.0","4.0","6.0","6.0","4.0","4.0","10.0","5.0","5.0","2.0","12.0","2.0","9.0","6.0","1.0",F01,"7.0","6.0","7.0","21.0","1.0","14.0",,"8.0","8.0","1.0","12.0","4.0",213855.302329694,2673492.48943328,"2.0","900.0"
"962",,"66000",387130000C,(04)23274275,(04)23288582,"2025","11","3","19","36",臺中市,南屯區,"0","3","0","7.0","2.0","6.0","40.0","13.0","7.0","1.0","5.0","4.0","6.0","6.0","4.0","4.0","9.0","4.0","4.0","2.0","12.0","2.0","9.0","6.0","1.0",F01,"7.0","6.0","7.0","21.0","2.0","13.0",,"48.0","48.0","1.0","12.0","4.0",212906.127453591,2672045.5259213,"2.0","963.0"
"1023",,"66000",387130000C,(04)23274275,(04)23288582,"2025","11","4","6","50",臺中市,豐原區,"0","0","0","7.0","2.0","6.0","50.0","3.0","1.0","1.0","5.0","4.0","6.0","6.0","4.0","4.0","5.0","5.0","4.0","1.0","15.0","3.0","10.0","6.0","1.0",F01,"7.0","9.0","7.0","21.0","2.0","14.0",,"84.0","84.0","1.0","3.0","4.0",120.725747,24.25737,"3.0","1024.0"
"1075",,"66000",387130000C,(04)23274275,(04)23288582,"2025","11","4","8","12",臺中市,北屯區,"0","1","0","7.0","2.0","6.0","50.0","4.0","2.0","1.0","5.0","4.0","6.0","6.0","2.0","1.0","3.0","4.0","5.0","2.0","17.0","2.0","9.0","4.0","1.0",F01,"7.0","11.0","7.0","21.0","2.0","11.0",,"46.0","46.0","1.0","12.0","4.0",216581.869475479,2674317.01029458,"2.0","1076.0"
"1112",,"66000",387130000C,(04)23274275,(04)23288582,"2025","11","4","9","44",臺中市,南屯區,"0","1","0","7.0","2.0","6.0","50.0","4.0","1.0","1.0","5.0","4.0","6.0","6.0","1.0","1.0","10.0","5.0","5.0","2.0","12.0","2.0","9.0","4.0","1.0",F01,"7.0","6.0","7.0","21.0","2.0","14.0",,"11.0","11.0","1.0","12.0","4.0",210686.610491616,2671651.7814463,"2.0","1113.0"
"1159",,"66000",387130000C,(04)23274275,(04)23288582,"2025","11","4","11","43",臺中市,西區,"0","0","0","7.0",,,"50.0",,,,,,,,,,,,,,"17.0",,,,,F01,,,"7.0","21.0","1.0",,,"84.0","84.0","1.0","13.0","4.0",120.661884,24.146525,"3.0","1160.0"
"1277",,"66000",387130000C,(04)23274275,(04)23288582,"2025","11","4","16","47",臺中市,北區,"0","0","0","7.0",,,"50.0",,,,,,,,,,,,,,"12.0",,,,,F01,,,"7.0",,"1.0",,,"84.0","84.0","1.0","13.0","4.0",120.67123,24.171848,"3.0","1278.0"
"1324",,"66000",387130000C,(04)23274275,(04)23288582,"2025","11","4","18","4",臺中市,梧棲區,"0","1","0","5.0","1.0","6.0","50.0","3.0","1.0","1.0","4.0","4.0","6.0","6.0","4.0","4.0","10.0","5.0","5.0","2.0","17.0","3.0","10.0","5.0","1.0",F01,"7.0","5.0","7.0","21.0","2.0","16.0",,"14.0","14.0","1.0","3.0","4.0",120.557729,24.257505,"2.0","1325.0"
"1357",,"66000",387130000C,(04)23274275,(04)23288582,"2025","11","4","18","36",臺中市,西屯區,"0","1","0","7.0","1.0","6.0","30.0","13.0","9.0","1.0","5.0","4.0","6.0","6.0","4.0","4.0","10.0","5.0","5.0","1.0","18.0","2.0","9.0","6.0","4.0",F01,"7.0","9.0","7.0","21.0","2.0","15.0",,"59.0","59.0","1.0","12.0","4.0",213996.802899156,2672912.56714819,"2.0","1358.0"
"1424",,"66000",387130000C,(04)23274275,(04)23288582,"2025","11","4","22","26",臺中市,南屯區,"0","1","0","7.0","1.0","6.0","50.0","13.0","9.0","1.0","5.0","4.0","6.0","6.0","1.0","1.0","1.0","4.0","5.0","2.0","17.0","2.0","9.0","6.0","1.0",F01,"7.0","9.0","7.0","21.0","5.0","12.0",,"21.0","21.0","1.0","12.0","4.0",214079.744439706,2669981.87538329,"2.0","1425.0"
"1443",,"66000",387130000C,(04)23274275,(04)23288582,"2025","11","5","5","52",臺中市,潭子區,"0","1","0","7.0","1.0","6.0","30.0","4.0","1.0","1.0","5.0","4.0","6.0","6.0","3.0","1.0","10.0","5.0","5.0","2.0","15.0","2.0","7.0","6.0","1.0",F01,"7.0","9.0","7.0","21.0","2.0","12.0",,"59.0","59.0","1.0","12.0","4.0",220047.29343581,2677714.4474789,"2.0","1444.0"
"1472",,"66000",387130000C,(04)23274275,(04)23288582,"2025","11","5","7","33",臺中市,北屯區,"0","0","0","7.0",,,"50.0",,,,,,,,,,,,,,,,,,,F01,,,"7.0",,"1.0",,,"84.0","84.0","1.0","13.0","4.0",120.692817,24.16273,"3.0","1473.0"
"1492",,"66000",387130000C,(04)23274275,(04)23288582,"2025","11","5","7","47",臺中市,東勢區,"0","0","0","7.0",,,"40.0",,,,,,,,,,,,,,,,,,,F01,,,"7.0",,"2.0",,,"40.0","40.0","1.0","12.0","4.0",120.829618,24.257952,"3.0","1493.0"
"1524",,"66000",387130000C,(04)23274275,(04)23288582,"2025","11","5","8","29",臺中市,大肚區,"0","2","0","7.0","2.0","6.0","50.0","13.0","9.0","1.0","5.0","4.0","6.0","6.0","4.0","4.0","5.0","4.0","5.0","1.0","12.0","2.0","7.0","5.0","1.0",F01,"7.0","6.0","7.0","21.0","2.0","11.0",,"48.0","48.0","1.0","12.0","4.0",203681.03606546,2672352.10501479,"2.0","1525.0"
"1754",,"66000",387130000C,(04)23274275,(04)23288582,"2025","11","5","16","12",臺中市,后里區,"0","1","0","7.0","2.0","6.0","50.0","13.0","9.0","1.0","5.0","4.0","6.0","6.0","4.0","4.0","9.0","4.0","5.0","1.0","18.0","2.0","9.0","6.0","1.0",F01,"7.0","9.0","7.0","21.0","2.0","14.0",,"59.0","59.0","1.0","6.0","4.0",220250.53964962,2689835.86569853,"2.0","1755.0"
"1759",,"66000",387130000C,(04)23274275,(04)23288582,"2025","11","5","16","15",臺中市,潭子區,"0","3","0","7.0","3.0","6.0","60.0","4.0","1.0","1.0","5.0","4.0","6.0","6.0","1.0","1.0","1.0","4.0","5.0","1.0","17.0","2.0","9.0","5.0","1.0",F01,"7.0","9.0","7.0","21.0","2.0","12.0",,"21.0","21.0","1.0","13.0","4.0",220074.121986048,2678297.83041104,"2.0","1760.0"
"1760",,"66000",387130000C,(04)23274275,(04)23288582,"2025","11","5","16","16",臺中市,烏日區,"0","1","0","7.0","2.0","6.0","50.0","13.0","8.0","1.0","5.0","4.0","6.0","6.0","4.0","4.0","5.0","4.0","4.0","2.0","18.0","2.0","9.0","5.0","4.0",F01,"7.0","1.0","7.0","21.0","5.0","12.0",,"84.0","84.0","1.0","6.0","4.0",211904.948359866,2666842.07992022,"2.0","1761.0"
"1775",,"66000",387130000C,(04)23274275,(04)23288582,"2025","11","5","16","51",臺中市,梧棲區,"0","1","0","7.0","3.0","6.0","50.0","4.0","2.0","1.0","5.0","4.0","6.0","6.0","1.0","1.0","10.0","5.0","5.0","2.0","16.0","2.0","9.0","4.0","1.0",F01,"7.0","6.0","7.0","21.0","2.0","14.0",,"48.0","48.0","1.0","2.0","4.0",202594.899164824,2683909.08076871,"2.0","1776.0"
"1786",,"66000",387130000C,(04)23274275,(04)23288582,"2025","11","5","17","3",臺中市,西屯區,"0","0","0","7.0",,,"0.0",,,,,,,,,,,,,,"16.0",,,,,F01,,,"1.0",,"1.0",,,"84.0","84.0","1.0","13.0","1.0",120.613916,24.183535,"3.0","1787.0"
"1905",,"66000",387130000C,(04)23274275,(04)23288582,"2025","11","5","21","4",臺中市,東區,"0","0","0","7.0",,,"50.0",,,,,,,,,,,,,,"13.0",,,,,F01,,,"7.0",,"1.0",,,"84.0","84.0","1.0","12.0","4.0",120.704141,24.141075,"3.0","1906.0"
"2071",,"66000",387130000C,(04)23274275,(04)23288582,"2025","11","6","11","2",臺中市,西區,"0","1","0","7.0","2.0","6.0","50.0","4.0","1.0","1.0","5.0","4.0","6.0","6.0","1.0","1.0","10.0","5.0","5.0","2.0","16.0","2.0","9.0","6.0","1.0",F01,"7.0","6.0","7.0","21.0","2.0","14.0",,"48.0","48.0","1.0","13.0","4.0",216509.213691579,2669866.75466405,"2.0","2072.0"
"2087",,"66000",387130000C,(04)23274275,(04)23288582,"2025","11","6","11","35",臺中市,西屯區,"0","3","0","7.0","2.0","6.0","50.0","4.0","1.0","1.0","5.0","4.0","6.0","6.0","1.0","1.0","10.0","5.0","5.0","2.0","17.0","2.0","9.0","1.0","1.0",F01,"7.0","9.0","7.0","21.0","2.0","14.0",,"8.0","8.0","1.0","13.0","4.0",213959.699014749,2674711.04763363,"2.0","2088.0"
"2140",,"66000",387130000C,(04)23274275,(04)23288582,"2025","11","6","13","18",臺中市,北屯區,"0","2","0","7.0","1.0","6.0","50.0","3.0","2.0","1.0","5.0","4.0","6.0","6.0","4.0","4.0","10.0","4.0","5.0","2.0","17.0","2.0","9.0","1.0","1.0",F01,"7.0","6.0","7.0","21.0","2.0","11.0",,"20.0","20.0","1.0","13.0","4.0",217376.984459601,2674691.82901595,"2.0","2141.0"
"2220",,"66000",387130000C,(04)23274275,(04)23288582,"2025","11","6","17","14",臺中市,龍井區,"0","0","0","7.0",,,"50.0",,,,,,,,,,,,,,"13.0",,,,,F01,,,"7.0",,"1.0",,,"84.0","84.0","1.0","6.0","4.0",120.592308,24.181546,"3.0","2221.0"
"2242",,"66000",387130000C,(04)23274275,(04)23288582,"2025","11","6","17","48",臺中市,大里區,"0","2","0","7.0","1.0","6.0","50.0","3.0","2.0","1.0","5.0","4.0","6.0","6.0","4.0","4.0","5.0","5.0","5.0","2.0","17.0","2.0","9.0","4.0","1.0",F01,"7.0","1.0","7.0","21.0","2.0","14.0",,"51.0","51.0","1.0","13.0","4.0",219887.932556704,2666920.78159382,"2.0","2243.0"
"2273",,"66000",387130000C,(04)23274275,(04)23288582,"2025","11","6","18","24",臺中市,北屯區,"0","1","0","7.0","1.0","6.0","50.0","3.0","1.0","1.0","5.0","4.0","6.0","6.0","4.0","4.0","10.0","5.0","5.0","2.0","18.0","2.0","9.0","1.0","1.0",F02,"7.0","9.0","7.0","21.0","8.0","14.0",,"53.0","53.0","1.0","12.0","4.0",218551.083793462,2674724.95538953,"2.0","2274.0"
"2299",,"66000",387130000C,(04)23274275,(04)23288582,"2025","11","6","19","8",臺中市,西屯區,"0","2","0","7.0","1.0","6.0","50.0","4.0","1.0","1.0","5.0","4.0","6.0","6.0","1.0","1.0","1.0","3.0","5.0","1.0","17.0","2.0","9.0","5.0","4.0",F01,"7.0","6.0","7.0","21.0","1.0","12.0",,"23.0","23.0","1.0","13.0","1.0",214012.048647403,2673917.71070141,"2.0","2300.0"
"2588",,"66000",387130000C,(04)23274275,(04)23288582,"2025","11","7","14","40",臺中市,西屯區,"0","1","0","7.0","2.0","6.0","50.0","3.0","9.0","1.0","5.0","4.0","6.0","6.0","4.0","4.0","4.0","5.0","5.0","2.0","18.0","2.0","8.0","5.0","4.0",F01,"7.0","9.0","7.0","21.0","2.0","15.0",,"84.0","84.0","1.0","13.0","4.0",213352.207532803,2675340.23234447,"2.0","2589.0"