field_1,序號,縣市別代碼,機關代碼,市話,傳真,年,月,日,時,分,縣市,區,死亡數量,受傷數量,2-30,天候,道路照明設備,道路類別,道路速限,道路型態,事故位置,路面鋪裝,路面狀態,路面缺陷,障礙物,視距,號誌種類,號誌動作,分向設施,快車道或一般車道間,快慢車道間,路面邊線,事故類型及型態,受傷程度,主要傷處,保護裝備,行動電話或功能裝置,當事者區分(類別),車輛用途,當事者行動狀態,駕照狀態,駕照種類,飲酒情形,車輛撞擊部位最初,車輛撞擊部位其他,肇事因素個別,肇事因素主要,肇事逃逸,職業,共享經濟或外送平台,GPS座標X,GPS座標Y,事故類別,﻿序號
"2642",,"66000",387130000C,(04)23274275,(04)23288582,"2025","11","7","16","10",臺中市,北區,"0","1","0","7.0","2.0","6.0","50.0","11.0","8.0","1.0","5.0","4.0","6.0","6.0","4.0","4.0","5.0","5.0","4.0","2.0","17.0","2.0","9.0","5.0","4.0",F01,"7.0","15.0","7.0","21.0","1.0","15.0",,"90.0","90.0","1.0","13.0","4.0",216937.918467311,2673758.10136449,"2.0","2643.0"
"2792",,"66000",387130000C,(04)23274275,(04)23288582,"2025","11","7","19","17",臺中市,大里區,"0","2","0","6.0","1.0","6.0","30.0","13.0","9.0","1.0","5.0","4.0","6.0","6.0","4.0","4.0","10.0","5.0","5.0","2.0","9.0","3.0","10.0","1.0","1.0",F01,"7.0","9.0","7.0","21.0","2.0","11.0",,"84.0","84.0","1.0","13.0","4.0",120.7024,24.09257,"2.0","2793.0"
"2798",,"66000",387130000C,(04)23274275,(04)23288582,"2025","11","7","19","28",臺中市,烏日區,"0","1","0","7.0","1.0","6.0","30.0","13.0","9.0","1.0","5.0","4.0","6.0","6.0","4.0","4.0","10.0","5.0","5.0","1.0","17.0","2.0","9.0","4.0","4.0",F01,"7.0","11.0","7.0","21.0","2.0","13.0",,"20.0","20.0","1.0","6.0","4.0",213737.04766818,2663154.29242754,"2.0","2799.0"
"2804",,"66000",387130000C,(04)23274275,(04)23288582,"2025","11","7","19","46",臺中市,大里區,"0","1","0","7.0","2.0","6.0","30.0","3.0","1.0","1.0","5.0","4.0","6.0","6.0","4.0","4.0","10.0","5.0","5.0","2.0","16.0","2.0","9.0","6.0","1.0",F01,"7.0","6.0","7.0","21.0","2.0","14.0",,"48.0","48.0","1.0","13.0","4.0",219083.453730361,2663000.07016086,"2.0","2805.0"
"2839",,"66000",387130000C,(04)23274275,(04)23288582,"2025","11","7","21","35",臺中市,南屯區,"0","1","0","7.0","1.0","6.0","50.0","13.0","9.0","1.0","5.0","4.0","6.0","6.0","4.0","4.0","9.0","5.0","5.0","2.0","18.0","2.0","9.0","1.0","1.0",F01,"7.0","9.0","7.0","21.0","2.0","12.0",,"59.0","59.0","1.0","13.0","4.0",208079.881511761,2672886.90985349,"2.0","2840.0"
"2841",,"66000",387130000C,(04)23274275,(04)23288582,"2025","11","7","21","45",臺中市,梧棲區,"0","0","0","7.0",,,"50.0",,,,,,,,,,,,,,"12.0",,,,,F01,,,"7.0",,"1.0",,,"58.0","58.0","1.0","12.0","4.0",120.529733,24.249842,"3.0","2842.0"
"2849",,"66000",387130000C,(04)23274275,(04)23288582,"2025","11","7","22","7",臺中市,太平區,"0","2","0","7.0","2.0","6.0","50.0","4.0","1.0","1.0","5.0","4.0","6.0","6.0","1.0","1.0","10.0","5.0","5.0","2.0","17.0","2.0","9.0","5.0","4.0",F01,"7.0","6.0","7.0","21.0","2.0","12.0",,"11.0","11.0","1.0","4.0","4.0",221286.657393392,2668740.4013266,"2.0","2850.0"
"2867",,"66000",387130000C,(04)23274275,(04)23288582,"2025","11","7","23","20",臺中市,大里區,"0","1","0","7.0","1.0","6.0","50.0","13.0","8.0","1.0","5.0","4.0","6.0","6.0","4.0","4.0","1.0","4.0","4.0","1.0","17.0","2.0","9.0","4.0","1.0",F01,"7.0","15.0","7.0","21.0","2.0","14.0",,"42.0","42.0","1.0","12.0","4.0",218463.002902348,2665366.04907097,"2.0","2868.0"
"2879",,"66000",387130000C,(04)23274275,(04)23288582,"2025","11","8","1","42",臺中市,北區,"0","0","0","7.0",,,"40.0",,,,,,,,,,,,,,"17.0",,,,,F01,,,"7.0",,"1.0",,,"85.0","85.0","1.0","13.0","4.0",120.673458,24.168386,"4.0","2880.0"
"2882",,"66000",387130000C,(04)23274275,(04)23288582,"2025","11","8","4","48",臺中市,北屯區,"0","1","0","7.0","1.0","6.0","40.0","13.0","9.0","1.0","5.0","4.0","6.0","6.0","4.0","4.0","1.0","4.0","5.0","2.0","18.0","2.0","9.0","1.0","1.0",F01,"7.0","9.0","7.0","21.0","11.0","11.0",,"84.0","84.0","1.0","12.0","4.0",218937.100489827,2673388.66841335,"2.0","2883.0"
"2891",,"66000",387130000C,(04)23274275,(04)23288582,"2025","11","8","6","51",臺中市,北區,"0","2","0","7.0","3.0","6.0","50.0","18.0","24.0","1.0","5.0","4.0","6.0","6.0","4.0","4.0","9.0","5.0","5.0","2.0","17.0","2.0","9.0","5.0","4.0",F02,"7.0","9.0","7.0","21.0","1.0","12.0",,"84.0","84.0","1.0","13.0","4.0",217363.42065576,2672411.82295624,"2.0","2892.0"
"2924",,"66000",387130000C,(04)23274275,(04)23288582,"2025","11","8","8","51",臺中市,北屯區,"0","1","0","7.0","3.0","6.0","40.0","11.0","8.0","1.0","5.0","4.0","6.0","6.0","4.0","4.0","1.0","4.0","4.0","1.0","18.0","2.0","9.0","1.0","1.0",F01,"7.0","9.0","7.0","21.0","1.0","14.0",,"84.0","84.0","1.0","12.0","4.0",228396.419798202,2677765.95796532,"2.0","2925.0"
"2959",,"66000",387130000C,(04)23274275,(04)23288582,"2025","11","8","10","41",臺中市,北屯區,"0","1","0","7.0","3.0","6.0","50.0","13.0","9.0","1.0","5.0","4.0","6.0","6.0","4.0","4.0","4.0","3.0","5.0","2.0","18.0","2.0","9.0","2.0","1.0",F01,"7.0","9.0","7.0","21.0","1.0","14.0",,"84.0","84.0","1.0","12.0","4.0",227098.007676878,2674860.34225919,"2.0","2960.0"
"3023",,"66000",387130000C,(04)23274275,(04)23288582,"2025","11","8","13","21",臺中市,大甲區,"0","1","0","7.0","1.0","6.0","60.0","13.0","7.0","1.0","5.0","4.0","6.0","6.0","4.0","4.0","1.0","4.0","4.0","1.0","16.0","2.0","9.0","1.0","1.0",F02,"7.0","6.0","7.0","21.0","2.0","14.0",,"48.0","48.0","1.0","12.0","4.0",211218.042732723,2693990.69322459,"2.0","3024.0"
"3059",,"66000",387130000C,(04)23274275,(04)23288582,"2025","11","8","15","1",臺中市,北屯區,"0","1","0","7.0","2.0","6.0","40.0","13.0","12.0","1.0","5.0","4.0","6.0","6.0","4.0","4.0","5.0","5.0","4.0","2.0","18.0","2.0","8.0","6.0","1.0",F01,"7.0","9.0","7.0","21.0","1.0","16.0",,"82.0","82.0","1.0","12.0","4.0",218529.889572766,2674376.24640089,"2.0","3060.0"
"3175",,"66000",387130000C,(04)23274275,(04)23288582,"2025","11","8","19","39",臺中市,潭子區,"0","1","0","7.0","1.0","6.0","30.0","13.0","13.0","1.0","5.0","4.0","6.0","6.0","4.0","4.0","10.0","5.0","5.0","1.0","18.0","2.0","1.0","4.0","1.0",F01,"7.0","9.0","7.0","21.0","2.0","14.0",,"84.0","84.0","1.0","13.0","1.0",219830.800358476,2676030.04349584,"2.0","3176.0"
"3195",,"66000",387130000C,(04)23274275,(04)23288582,"2025","11","8","21","11",臺中市,太平區,"0","1","0","7.0","1.0","6.0","30.0","3.0","9.0","1.0","5.0","4.0","6.0","6.0","4.0","4.0","10.0","5.0","5.0","2.0","9.0","3.0","10.0","1.0","1.0",F02,"7.0","9.0","7.0","21.0","7.0","11.0",,"84.0","84.0","1.0","12.0","4.0",120.728223,24.12772,"2.0","3196.0"
"3253",,"66000",387130000C,(04)23274275,(04)23288582,"2025","11","9","8","30",臺中市,烏日區,"0","1","0","7.0","2.0","6.0","40.0","4.0","1.0","1.0","5.0","4.0","6.0","6.0","2.0","1.0","1.0","3.0","4.0","1.0","17.0","2.0","8.0","1.0","1.0",F01,"7.0","9.0","7.0","21.0","2.0","11.0",,"84.0","84.0","1.0","6.0","4.0",214154.083654384,2663810.98601972,"2.0","3254.0"
"3446",,"66000",387130000C,(04)23274275,(04)23288582,"2025","11","9","18","19",臺中市,大甲區,"0","1","0","7.0","1.0","6.0","50.0","11.0","9.0","1.0","5.0","4.0","6.0","6.0","4.0","4.0","5.0","5.0","5.0","1.0","17.0","2.0","9.0","1.0","1.0",F01,"7.0","9.0","7.0","21.0","2.0","11.0",,"87.0","87.0","1.0","12.0","4.0",212285.124480572,2693295.69322529,"2.0","3447.0"
"3463",,"66000",387130000C,(04)23274275,(04)23288582,"2025","11","9","19","0",臺中市,大里區,"0","1","0","7.0","1.0","6.0","50.0","13.0","9.0","1.0","5.0","4.0","6.0","6.0","4.0","4.0","5.0","5.0","5.0","1.0","17.0","2.0","9.0","5.0","1.0",F01,"7.0","9.0","7.0","21.0","2.0","12.0",,"82.0","82.0","1.0","12.0","4.0",218775.83045616,2664989.58615949,"2.0","3464.0"
"3468",,"66000",387130000C,(04)23274275,(04)23288582,"2025","11","9","19","18",臺中市,南區,"0","1","0","7.0","1.0","6.0","40.0","13.0","8.0","1.0","5.0","4.0","6.0","6.0","4.0","4.0","5.0","4.0","4.0","2.0","12.0","2.0","8.0","4.0","1.0",F01,"7.0","9.0","7.0","21.0","2.0","11.0","14.0","84.0","84.0","1.0","12.0","1.0",215152.108606171,2668190.36145786,"2.0","3469.0"
"3490",,"66000",387130000C,(04)23274275,(04)23288582,"2025","11","9","22","3",臺中市,東勢區,"0","0","0","7.0",,,"50.0",,,,,,,,,,,,,,"17.0",,,,,F01,,,"7.0",,"9.0",,,"54.0","54.0","1.0","13.0","4.0",120.830141,24.247368,"3.0","3491.0"
"3511",,"66000",387130000C,(04)23274275,(04)23288582,"2025","11","10","0","48",臺中市,太平區,"0","1","0","7.0","1.0","6.0","30.0","4.0","1.0","1.0","5.0","4.0","6.0","6.0","4.0","4.0","10.0","5.0","5.0","2.0","18.0","2.0","1.0","6.0","1.0",F02,"7.0","5.0","7.0","21.0","8.0","12.0",,"53.0","53.0","1.0","13.0","4.0",221695.515217996,2668197.57178267,"2.0","3512.0"
"3531",,"66000",387130000C,(04)23274275,(04)23288582,"2025","11","10","7","27",臺中市,北屯區,"0","2","0","6.0","3.0","6.0","40.0","4.0","1.0","1.0","5.0","4.0","6.0","3.0","4.0","4.0","10.0","5.0","5.0","2.0","16.0","2.0","7.0","1.0","1.0",F01,"7.0","6.0","7.0","21.0","2.0","13.0",,"13.0","13.0","1.0","2.0","4.0",216342.317596194,2675661.8784715,"2.0","3532.0"
"3782",,"66000",387130000C,(04)23274275,(04)23288582,"2025","11","10","17","5",臺中市,南區,"0","1","0","7.0","1.0","6.0","30.0","3.0","1.0","1.0","5.0","4.0","6.0","6.0","2.0","1.0","10.0","5.0","5.0","2.0","17.0","2.0","9.0","5.0","4.0",F01,"7.0","1.0","7.0","21.0","2.0","11.0",,"51.0","51.0","1.0","13.0","4.0",215420.404773821,2668877.80311163,"2.0","3783.0"
"3785",,"66000",387130000C,(04)23274275,(04)23288582,"2025","11","10","17","6",臺中市,豐原區,"0","0","0","7.0","1.0","6.0","50.0","4.0","1.0","1.0","5.0","4.0","6.0","6.0","2.0","1.0","1.0","2.0","4.0","1.0","12.0","3.0","10.0","6.0","1.0",F01,"7.0","9.0","7.0","21.0","2.0","14.0",,"51.0","51.0","1.0","12.0","4.0",120.737316,24.255773,"3.0","3786.0"
"3804",,"66000",387130000C,(04)23274275,(04)23288582,"2025","11","10","17","32",臺中市,北屯區,"0","2","0","5.0","1.0","6.0","50.0","5.0","1.0","1.0","4.0","4.0","6.0","6.0","2.0","1.0","10.0","5.0","5.0","2.0","15.0","2.0","9.0","6.0","1.0",F01,"7.0","9.0","7.0","21.0","1.0","12.0",,"21.0","21.0","1.0","12.0","4.0",219186.488409769,2674246.89032745,"2.0","3805.0"
"3806",,"66000",387130000C,(04)23274275,(04)23288582,"2025","11","10","17","34",臺中市,南區,"0","1","0","7.0","1.0","6.0","0.0","3.0","1.0","1.0","4.0","4.0","6.0","6.0","1.0","1.0","10.0","5.0","5.0","2.0","16.0","2.0","9.0","4.0","1.0",F01,"7.0","1.0","7.0","21.0","2.0","14.0",,"51.0","51.0","1.0","12.0","1.0",216319.837842503,2667749.31369203,"2.0","3807.0"
"3908",,"66000",387130000C,(04)23274275,(04)23288582,"2025","11","10","19","29",臺中市,龍井區,"0","2","0","7.0","1.0","6.0","30.0","4.0","2.0","1.0","5.0","4.0","6.0","6.0","4.0","4.0","5.0","5.0","5.0","2.0","16.0","2.0","7.0","5.0","4.0",F02,"7.0","6.0","7.0","21.0","2.0","12.0",,"48.0","48.0","1.0","12.0","4.0",209048.444476036,2675971.86605513,"2.0","3909.0"
"3925",,"66000",387130000C,(04)23274275,(04)23288582,"2025","11","10","20","39",臺中市,太平區,"0","2","0","5.0","1.0","6.0","50.0","4.0","2.0","1.0","4.0","4.0","6.0","6.0","4.0","4.0","10.0","5.0","5.0","2.0","2.0","2.0","8.0","6.0","1.0",F02,"7.0","9.0","7.0","21.0","2.0","11.0",,"58.0","58.0","1.0","12.0","4.0",221600.282359431,2668662.91212542,"2.0","3926.0"
"4065",,"66000",387130000C,(04)23274275,(04)23288582,"2025","11","11","9","46",臺中市,北區,"0","1","0","7.0","3.0","6.0","50.0","13.0","9.0","1.0","5.0","4.0","6.0","6.0","4.0","4.0","5.0","4.0","5.0","2.0","12.0","2.0","9.0","5.0","4.0",F02,"7.0","9.0","7.0","21.0","2.0","14.0",,"84.0","84.0","1.0","13.0","4.0",216017.877135052,2672753.54001406,"2.0","4066.0"
"4100",,"66000",387130000C,(04)23274275,(04)23288582,"2025","11","11","11","17",臺中市,南屯區,"0","1","0","7.0","2.0","6.0","40.0","13.0","8.0","1.0","5.0","4.0","6.0","6.0","4.0","4.0","5.0","5.0","4.0","2.0","17.0","3.0","10.0","4.0","1.0",F01,"7.0","1.0","7.0","21.0","2.0","11.0",,"51.0","51.0","1.0","12.0","4.0",120.638811,24.133577,"2.0","4101.0"
"4125",,"66000",387130000C,(04)23274275,(04)23288582,"2025","11","11","12","9",臺中市,后里區,"0","1","0","7.0","1.0","9.0","50.0","13.0","9.0","1.0","5.0","4.0","6.0","6.0","4.0","4.0","5.0","4.0","4.0","2.0","30.0","2.0","9.0","6.0","1.0",F02,"7.0","9.0","7.0","21.0","2.0","11.0",,"59.0","59.0","1.0","12.0","4.0",223178.912145196,2687138.59940781,"2.0","4126.0"
"4181",,"66000",387130000C,(04)23274275,(04)23288582,"2025","11","11","14","56",臺中市,大里區,"0","1","0","7.0","3.0","6.0","50.0","4.0","1.0","1.0","5.0","4.0","6.0","6.0","1.0","1.0","10.0","5.0","5.0","2.0","16.0","2.0","7.0","4.0","1.0",F01,"7.0","6.0","7.0","21.0","2.0","14.0",,"48.0","48.0","1.0","12.0","4.0",217089.806635284,2667638.42600615,"2.0","4182.0"
"4228",,"66000",387130000C,(04)23274275,(04)23288582,"2025","11","11","17","1",臺中市,后里區,"0","1","0","7.0","2.0","6.0","50.0","4.0","1.0","1.0","5.0","4.0","6.0","6.0","1.0","1.0","5.0","5.0","4.0","1.0","16.0","2.0","9.0","4.0","1.0",F01,"7.0","6.0","7.0","21.0","2.0","14.0",,"84.0","84.0","1.0","12.0","4.0",219130.821231572,2689543.33277078,"2.0","4229.0"
"4259",,"66000",387130000C,(04)23274275,(04)23288582,"2025","11","11","17","48",臺中市,北區,"0","0","0","7.0",,,"40.0",,,,,,,,,,,,,,"17.0",,,,,F01,,,"1.0",,"2.0",,,"84.0","84.0","1.0","12.0","1.0",120.677213,24.152675,"4.0","4260.0"
"4368",,"66000",387130000C,(04)23274275,(04)23288582,"2025","11","12","0","12",臺中市,霧峰區,"0","1","0","7.0","1.0","6.0","50.0","13.0","9.0","1.0","5.0","4.0","6.0","6.0","4.0","4.0","10.0","5.0","5.0","1.0","16.0","2.0","8.0","4.0","1.0",F02,"7.0","9.0","7.0","21.0","8.0","12.0",,"67.0","67.0","1.0","12.0","4.0",217536.12920567,2662749.77506504,"2.0","4369.0"
"4509",,"66000",387130000C,(04)23274275,(04)23288582,"2025","11","12","16","46",臺中市,大安區,"0","0","0","7.0",,,"30.0",,,,,,,,,,,,,,"1.0",,,,,F01,,,"7.0",,"2.0",,,"84.0","84.0","1.0","12.0","4.0",120.589318,24.383724,"3.0","4510.0"
"4550",,"66000",387130000C,(04)23274275,(04)23288582,"2025","11","12","19","12",臺中市,西區,"0","0","0","6.0",,,"50.0",,,,,,,,,,,,,,,,,,,F01,,,"1.0",,"1.0",,,"7.0","7.0","1.0","12.0","4.0",120.672718,24.131587,"3.0","4551.0"
"4612",,"66000",387130000C,(04)23274275,(04)23288582,"2025","11","13","6","55",臺中市,霧峰區,"0","1","0","5.0","2.0","6.0","30.0","4.0","1.0","1.0","4.0","4.0","6.0","6.0","4.0","4.0","5.0","2.0","5.0","1.0","17.0","3.0","10.0","6.0","1.0",F01,"7.0","6.0","7.0","21.0","2.0","16.0",,"14.0","14.0","1.0","13.0","4.0",120.695611,24.059744,"2.0","4613.0"
"4616",,"66000",387130000C,(04)23274275,(04)23288582,"2025","11","13","7","12",臺中市,南屯區,"0","1","0","7.0","2.0","6.0","50.0","13.0","9.0","1.0","5.0","4.0","6.0","6.0","4.0","4.0","9.0","4.0","5.0","2.0","18.0","2.0","2.0","6.0","1.0",F01,"7.0","9.0","7.0","21.0","1.0","12.0",,"59.0","59.0","1.0","12.0","4.0",214849.498691611,2671074.39800384,"2.0","4617.0"
"4688",,"66000",387130000C,(04)23274275,(04)23288582,"2025","11","13","8","50",臺中市,西屯區,"0","1","0","7.0","2.0","6.0","50.0","13.0","8.0","1.0","5.0","4.0","6.0","6.0","4.0","4.0","1.0","4.0","1.0","2.0","18.0","2.0","9.0","6.0","4.0",F02,"7.0","9.0","7.0","21.0","2.0","15.0",,"90.0","90.0","1.0","13.0","4.0",212959.777919253,2675319.7639706,"2.0","4689.0"
"4756",,"66000",387130000C,(04)23274275,(04)23288582,"2025","11","13","11","23",臺中市,霧峰區,"0","0","0","7.0",,,"40.0",,,,,,,,,,,,,,"17.0",,,,,F01,,,"7.0",,"2.0",,,"4.0","4.0","1.0","12.0","4.0",120.698746,24.066042,"3.0","4757.0"
"4886",,"66000",387130000C,(04)23274275,(04)23288582,"2025","11","13","17","1",臺中市,大里區,"0","2","0","7.0","2.0","6.0","50.0","3.0","1.0","1.0","5.0","4.0","6.0","6.0","4.0","4.0","10.0","5.0","5.0","2.0","16.0","2.0","9.0","1.0","1.0",F01,"7.0","11.0","7.0","21.0","2.0","11.0","14.0","20.0","20.0","1.0","3.0","4.0",218028.092492739,2666968.35504451,"2.0","4887.0"
"5045",,"66000",387130000C,(04)23274275,(04)23288582,"2025","11","14","7","3",臺中市,潭子區,"0","1","0","7.0","3.0","6.0","40.0","3.0","1.0","1.0","5.0","4.0","6.0","6.0","4.0","4.0","5.0","4.0","4.0","2.0","17.0","3.0","10.0","6.0","1.0",F01,"7.0","6.0","7.0","21.0","2.0","14.0",,"48.0","48.0","1.0","13.0","4.0",120.713249,24.229526,"2.0","5046.0"
"5066",,"66000",387130000C,(04)23274275,(04)23288582,"2025","11","14","7","36",臺中市,北屯區,"0","1","0","7.0","2.0","6.0","50.0","3.0","1.0","1.0","5.0","4.0","6.0","6.0","4.0","4.0","10.0","5.0","5.0","2.0","16.0","2.0","9.0","1.0","1.0",F01,"7.0","6.0","7.0","21.0","2.0","11.0",,"14.0","14.0","1.0","2.0","4.0",216050.908214782,2675479.05620421,"2.0","5067.0"
"5332",,"66000",387130000C,(04)23274275,(04)23288582,"2025","11","14","16","7",臺中市,太平區,"0","2","0","7.0","2.0","6.0","40.0","13.0","12.0","1.0","5.0","4.0","6.0","6.0","4.0","4.0","5.0","4.0","4.0","1.0","17.0","2.0","9.0","5.0","4.0",F01,"7.0","8.0","7.0","21.0","2.0","14.0",,"40.0","40.0","1.0","6.0","4.0",222568.761639002,2671721.6009504,"2.0","5333.0"
"5380",,"66000",387130000C,(04)23274275,(04)23288582,"2025","11","14","17","18",臺中市,霧峰區,"0","1","0","7.0","1.0","6.0","30.0","13.0","9.0","1.0","5.0","4.0","6.0","6.0","4.0","4.0","10.0","5.0","5.0","2.0","15.0","2.0","8.0","6.0","1.0",F01,"7.0","1.0","7.0","21.0","2.0","14.0",,"51.0","51.0","1.0","6.0","4.0",221218.845155958,2663845.83247764,"2.0","5381.0"
"5496",,"66000",387130000C,(04)23274275,(04)23288582,"2025","11","14","20","4",臺中市,潭子區,"0","1","0","7.0","1.0","6.0","50.0","13.0","9.0","1.0","5.0","4.0","6.0","6.0","4.0","4.0","9.0","5.0","5.0","2.0","17.0","2.0","9.0","2.0","1.0",F02,"7.0","9.0","7.0","21.0","2.0","11.0",,"84.0","84.0","1.0","13.0","4.0",219514.291569301,2676245.79848316,"2.0","5497.0"
"5522",,"66000",387130000C,(04)23274275,(04)23288582,"2025","11","14","21","22",臺中市,北屯區,"0","2","0","7.0","1.0","6.0","50.0","4.0","3.0","1.0","5.0","4.0","6.0","6.0","2.0","1.0","10.0","5.0","5.0","2.0","17.0","2.0","8.0","4.0","1.0",F01,"7.0","9.0","7.0","21.0","1.0","11.0",,"28.0","28.0","1.0","12.0","4.0",219455.634741364,2674526.5100436,"2.0","5523.0"
"5599",,"66000",387130000C,(04)23274275,(04)23288582,"2025","11","15","8","39",臺中市,北屯區,"0","1","0","7.0","3.0","6.0","50.0","13.0","9.0","1.0","5.0","4.0","6.0","6.0","4.0","4.0","5.0","5.0","5.0","2.0","12.0","2.0","7.0","4.0","1.0",F01,"7.0","9.0","7.0","21.0","2.0","12.0",,"59.0","59.0","1.0","4.0","4.0",220191.070762148,2673617.34358538,"2.0","5600.0"
"5633",,"66000",387130000C,(04)23274275,(04)23288582,"2025","11","15","9","57",臺中市,新社區,"0","2","0","7.0","2.0","6.0","50.0","3.0","1.0","1.0","5.0","4.0","6.0","6.0","4.0","4.0","10.0","5.0","5.0","2.0","16.0","2.0","9.0","1.0","1.0",F01,"7.0","6.0","7.0","21.0","2.0","11.0",,"14.0","14.0","1.0","12.0","4.0",227964.969623692,2679376.49796465,"2.0","5634.0"
"5675",,"66000",387130000C,(04)23274275,(04)23288582,"2025","11","15","11","5",臺中市,南屯區,"0","1","0","7.0","2.0","6.0","50.0","12.0","8.0","1.0","5.0","4.0","6.0","6.0","4.0","4.0","1.0","4.0","3.0","2.0","18.0","2.0","9.0","6.0","1.0",F01,"7.0","9.0","7.0","21.0","2.0","12.0",,"59.0","59.0","1.0","12.0","4.0",207795.301467167,2673623.036835,"2.0","5676.0"
"5701",,"66000",387130000C,(04)23274275,(04)23288582,"2025","11","15","11","49",臺中市,太平區,"0","2","0","7.0","2.0","6.0","50.0","13.0","7.0","1.0","5.0","4.0","6.0","6.0","4.0","4.0","5.0","2.0","4.0","2.0","16.0","2.0","1.0","5.0","1.0",F01,"7.0","6.0","7.0","21.0","2.0","14.0",,"84.0","84.0","1.0","12.0","4.0",221314.686649416,2667970.52001871,"2.0","5702.0"
"5717",,"66000",387130000C,(04)23274275,(04)23288582,"2025","11","15","12","15",臺中市,大甲區,"0","0","0","7.0",,,"40.0",,,,,,,,,,,,,,,,,,,F01,,,"7.0",,"1.0",,,"48.0","48.0","1.0","12.0","4.0",120.621372,24.350346,"3.0","5718.0"
"5729",,"66000",387130000C,(04)23274275,(04)23288582,"2025","11","15","12","43",臺中市,豐原區,"0","1","0","7.0","2.0","6.0","50.0","13.0","9.0","1.0","5.0","4.0","6.0","6.0","4.0","4.0","10.0","5.0","5.0","1.0","18.0","2.0","9.0","6.0","1.0",F01,"7.0","9.0","7.0","21.0","2.0","16.0","14.0","84.0","84.0","1.0","12.0","4.0",223391.446011034,2685122.83682135,"2.0","5730.0"
"5749",,"66000",387130000C,(04)23274275,(04)23288582,"2025","11","15","13","42",臺中市,北屯區,"0","1","0","7.0","1.0","6.0","50.0","4.0","2.0","1.0","5.0","4.0","6.0","6.0","1.0","1.0","5.0","4.0","4.0","2.0","11.0","2.0","9.0","6.0","1.0",F01,"7.0","6.0","7.0","21.0","1.0","11.0",,"48.0","48.0","1.0","13.0","4.0",218789.690332112,2673679.93444857,"2.0","5750.0"
"5794",,"66000",387130000C,(04)23274275,(04)23288582,"2025","11","15","15","13",臺中市,東勢區,"0","3","0","7.0","3.0","6.0","10.0","13.0","13.0","1.0","5.0","4.0","6.0","6.0","4.0","4.0","9.0","5.0","5.0","1.0","17.0","2.0","7.0","5.0","4.0",F02,"7.0","9.0","7.0","21.0","2.0","11.0",,"85.0","85.0","1.0","13.0","4.0",232878.062470226,2684095.02427862,"2.0","5795.0"
"5845",,"66000",387130000C,(04)23274275,(04)23288582,"2025","11","15","17","13",臺中市,東區,"0","2","0","7.0","1.0","6.0","50.0","18.0","24.0","1.0","5.0","4.0","6.0","6.0","4.0","4.0","10.0","5.0","5.0","2.0","17.0","2.0","9.0","5.0","4.0",F01,"7.0","9.0","7.0","21.0","9.0","11.0",,"84.0","84.0","1.0","6.0","4.0",219201.323657333,2670867.62404641,"2.0","5846.0"
"5867",,"66000",387130000C,(04)23274275,(04)23288582,"2025","11","15","17","53",臺中市,南屯區,"0","0","0","7.0",,,"50.0",,,,,,,,,,,,,,"17.0",,,,,F01,,,"7.0",,"2.0",,,"8.0","8.0","1.0","6.0","4.0",120.639837,24.147064,"4.0","5868.0"
"5998",,"66000",387130000C,(04)23274275,(04)23288582,"2025","11","16","7","33",臺中市,太平區,"0","0","0","7.0","2.0","6.0","40.0",,,,,,,,,,,,,,"16.0",,,,,F01,,,"7.0",,"2.0","14.0",,"42.0","42.0","1.0","12.0","4.0",120.73484,24.13168,"3.0","5999.0"
"6037",,"66000",387130000C,(04)23274275,(04)23288582,"2025","11","16","10","25",臺中市,大里區,"0","0","0","7.0",,,"50.0",,,,,,,,,,,,,,"13.0",,,,,F01,,,"7.0",,"2.0",,,"84.0","84.0","1.0","12.0","4.0",120.690798,24.107724,"3.0","6038.0"
"6044",,"66000",387130000C,(04)23274275,(04)23288582,"2025","11","16","10","45",臺中市,豐原區,"0","1","0","7.0","2.0","8.0","10.0","13.0","9.0","1.0","5.0","4.0","6.0","6.0","4.0","4.0","9.0","5.0","5.0","1.0","27.0","2.0","9.0","6.0","1.0",F01,"7.0","9.0","7.0","21.0","2.0","11.0",,"84.0","84.0","1.0","12.0","4.0",224569.612909619,2685481.9441355,"2.0","6045.0"
"6053",,"66000",387130000C,(04)23274275,(04)23288582,"2025","11","16","11","15",臺中市,太平區,"0","2","0","7.0","2.0","6.0","50.0","13.0","9.0","1.0","5.0","4.0","6.0","6.0","4.0","4.0","5.0","5.0","5.0","1.0","12.0","2.0","7.0","2.0","1.0",F01,"7.0","9.0","7.0","21.0","2.0","12.0",,"8.0","8.0","1.0","12.0","4.0",221320.401502468,2669345.25161925,"2.0","6054.0"
"6081",,"66000",387130000C,(04)23274275,(04)23288582,"2025","11","16","12","20",臺中市,龍井區,"0","1","0","7.0","2.0","6.0","40.0","13.0","14.0","1.0","5.0","4.0","6.0","6.0","4.0","4.0","8.0","5.0","5.0","1.0","17.0","2.0","9.0","1.0","1.0",F01,"7.0","9.0","7.0","21.0","2.0","11.0",,"59.0","59.0","1.0","6.0","4.0",203728.541447458,2674865.04851919,"2.0","6082.0"