field_1,序號,縣市別代碼,機關代碼,市話,傳真,年,月,日,時,分,縣市,區,死亡數量,受傷數量,2-30,天候,道路照明設備,道路類別,道路速限,道路型態,事故位置,路面鋪裝,路面狀態,路面缺陷,障礙物,視距,號誌種類,號誌動作,分向設施,快車道或一般車道間,快慢車道間,路面邊線,事故類型及型態,受傷程度,主要傷處,保護裝備,行動電話或功能裝置,當事者區分(類別),車輛用途,當事者行動狀態,駕照狀態,駕照種類,飲酒情形,車輛撞擊部位最初,車輛撞擊部位其他,肇事因素個別,肇事因素主要,肇事逃逸,職業,共享經濟或外送平台,GPS座標X,GPS座標Y,事故類別,﻿序號
"6189",,"66000",387130000C,(04)23274275,(04)23288582,"2025","11","16","17","8",臺中市,神岡區,"0","1","0","7.0","1.0","6.0","10.0","4.0","1.0","1.0","5.0","4.0","6.0","6.0","4.0","4.0","10.0","5.0","5.0","1.0","15.0","2.0","9.0","1.0","1.0",F01,"7.0","9.0","7.0","21.0","1.0","12.0",,"20.0","20.0","1.0","12.0","4.0",218748.228570058,2681153.76984099,"2.0","6190.0"
"6252",,"66000",387130000C,(04)23274275,(04)23288582,"2025","11","16","20","25",臺中市,北屯區,"0","1","0","7.0","1.0","9.0","0.0","18.0","24.0","1.0","5.0","4.0","6.0","6.0","4.0","4.0","10.0","5.0","5.0","1.0","18.0","2.0","9.0","4.0","1.0",F01,"7.0","9.0","7.0","21.0","2.0","11.0",,"59.0","59.0","1.0","4.0","4.0",219523.679601997,2673564.49024755,"2.0","6253.0"
"6271",,"66000",387130000C,(04)23274275,(04)23288582,"2025","11","16","21","38",臺中市,南屯區,"0","0","0","7.0",,,"50.0",,,,,,,,,,,,,,,,,,,F01,,,"7.0",,"9.0",,,"59.0","59.0","1.0","12.0","4.0",120.637288,24.149443,"3.0","6272.0"
"6272",,"66000",387130000C,(04)23274275,(04)23288582,"2025","11","16","21","40",臺中市,大雅區,"0","1","0","7.0","1.0","6.0","50.0","13.0","9.0","1.0","5.0","4.0","6.0","6.0","4.0","4.0","9.0","5.0","5.0","1.0","1.0","2.0","7.0","1.0","1.0",F01,"7.0","9.0","7.0","21.0","2.0","11.0",,"8.0","8.0","1.0","12.0","4.0",214990.082677628,2682418.93183619,"2.0","6273.0"
"6301",,"66000",387130000C,(04)23274275,(04)23288582,"2025","11","17","1","15",臺中市,東區,"0","1","0","7.0","1.0","6.0","50.0","4.0","1.0","1.0","5.0","4.0","6.0","6.0","1.0","1.0","9.0","4.0","4.0","2.0","30.0","2.0","9.0","6.0","1.0",F01,"7.0","9.0","7.0","21.0","8.0","16.0",,"53.0","53.0","1.0","12.0","4.0",219502.354289116,2670868.19424766,"2.0","6302.0"
"6384",,"66000",387130000C,(04)23274275,(04)23288582,"2025","11","17","9","7",臺中市,北屯區,"0","2","0","7.0","2.0","6.0","50.0","13.0","9.0","1.0","5.0","4.0","6.0","6.0","4.0","4.0","5.0","4.0","5.0","2.0","17.0","2.0","9.0","6.0","1.0",F01,"7.0","8.0","7.0","21.0","2.0","11.0",,"40.0","40.0","1.0","12.0","4.0",221392.886192385,2674508.63538107,"2.0","6385.0"
"6566",,"66000",387130000C,(04)23274275,(04)23288582,"2025","11","17","17","14",臺中市,北屯區,"0","1","0","7.0","3.0","6.0","50.0","4.0","1.0","1.0","5.0","4.0","6.0","6.0","4.0","4.0","10.0","5.0","5.0","2.0","12.0","2.0","8.0","4.0","1.0",F01,"7.0","6.0","7.0","21.0","9.0","14.0",,"84.0","84.0","1.0","3.0","4.0",218754.045301658,2674613.75644858,"2.0","6567.0"
"6623",,"66000",387130000C,(04)23274275,(04)23288582,"2025","11","17","18","18",臺中市,南區,"0","1","0","7.0","1.0","6.0","50.0","13.0","7.0","1.0","5.0","4.0","5.0","5.0","4.0","4.0","5.0","4.0","4.0","2.0","12.0","2.0","9.0","4.0","1.0",F01,"7.0","8.0","7.0","21.0","2.0","14.0",,"43.0","43.0","1.0","5.0","1.0",217308.034424693,2669710.84427166,"2.0","6624.0"
"6633",,"66000",387130000C,(04)23274275,(04)23288582,"2025","11","17","18","26",臺中市,潭子區,"0","2","0","7.0","1.0","6.0","50.0","4.0","1.0","1.0","5.0","4.0","6.0","6.0","1.0","1.0","10.0","5.0","5.0","2.0","16.0","2.0","7.0","4.0","1.0",F01,"7.0","6.0","7.0","21.0","2.0","11.0",,"11.0","11.0","1.0","13.0","4.0",219580.157057467,2678489.92731844,"2.0","6634.0"
"6677",,"66000",387130000C,(04)23274275,(04)23288582,"2025","11","17","20","14",臺中市,北屯區,"0","1","0","7.0","1.0","6.0","50.0","13.0","9.0","1.0","5.0","4.0","6.0","6.0","4.0","4.0","1.0","4.0","5.0","2.0","17.0","2.0","9.0","1.0","1.0",F01,"7.0","9.0","7.0","21.0","1.0","12.0",,"59.0","59.0","1.0","4.0","4.0",219376.762276508,2675315.33961173,"2.0","6678.0"
"6679",,"66000",387130000C,(04)23274275,(04)23288582,"2025","11","17","20","15",臺中市,大里區,"0","1","0","7.0","1.0","6.0","50.0","3.0","1.0","1.0","5.0","4.0","6.0","6.0","4.0","4.0","10.0","5.0","5.0","2.0","17.0","3.0","10.0","5.0","1.0",F01,"7.0","6.0","7.0","21.0","2.0","16.0",,"48.0","48.0","1.0","13.0","4.0",120.696484,24.104219,"2.0","6680.0"
"6932",,"66000",387130000C,(04)23274275,(04)23288582,"2025","11","18","12","40",臺中市,龍井區,"0","1","0","7.0","2.0","6.0","30.0","13.0","9.0","1.0","5.0","4.0","6.0","6.0","4.0","4.0","10.0","5.0","5.0","2.0","11.0","2.0","9.0","5.0","2.0",F01,"7.0","9.0","7.0","21.0","2.0","11.0",,"58.0","58.0","1.0","6.0","4.0",204019.652727492,2678133.54452075,"2.0","6933.0"
"7082",,"66000",387130000C,(04)23274275,(04)23288582,"2025","11","18","18","7",臺中市,新社區,"0","2","0","7.0","1.0","6.0","30.0","3.0","1.0","1.0","5.0","4.0","6.0","3.0","4.0","4.0","9.0","5.0","5.0","1.0","16.0","2.0","9.0","5.0","4.0",F01,"7.0","6.0","7.0","21.0","2.0","14.0",,"12.0","12.0","1.0","12.0","4.0",230526.389348525,2681933.75929551,"2.0","7083.0"
"7203",,"66000",387130000C,(04)23274275,(04)23288582,"2025","11","19","4","48",臺中市,太平區,"0","2","0","7.0","1.0","6.0","50.0","13.0","9.0","1.0","5.0","4.0","6.0","6.0","4.0","4.0","5.0","5.0","5.0","1.0","11.0","2.0","7.0","5.0","4.0",F02,"7.0","9.0","7.0","21.0","2.0","12.0",,"4.0","4.0","1.0","4.0","1.0",221224.76440316,2669600.39186736,"2.0","7204.0"
"7282",,"66000",387130000C,(04)23274275,(04)23288582,"2025","11","19","8","44",臺中市,東區,"0","3","0","7.0","1.0","6.0","50.0","13.0","9.0","1.0","5.0","4.0","6.0","6.0","4.0","4.0","9.0","4.0","5.0","2.0","12.0","2.0","8.0","1.0","1.0",F02,"7.0","9.0","7.0","21.0","2.0","11.0","12.0","7.0","7.0","1.0","12.0","4.0",220092.089747483,2670275.31320731,"2.0","7283.0"
"7337",,"66000",387130000C,(04)23274275,(04)23288582,"2025","11","19","11","17",臺中市,大里區,"0","1","1","6.0","2.0","6.0","40.0","13.0","9.0","1.0","5.0","4.0","6.0","6.0","1.0","1.0","5.0","4.0","5.0","1.0","16.0","5.0","9.0","4.0","1.0",F01,"7.0","6.0","7.0","21.0","2.0","14.0",,"48.0","48.0","1.0","13.0","4.0",120.688973,24.104434,"2.0","7338.0"
"7634",,"66000",387130000C,(04)23274275,(04)23288582,"2025","11","19","22","28",臺中市,豐原區,"0","1","0","7.0","2.0","6.0","0.0","13.0","21.0","4.0","5.0","4.0","6.0","6.0","4.0","4.0","10.0","5.0","5.0","2.0","30.0","2.0","8.0","6.0","1.0",F01,"7.0","9.0","7.0","21.0","2.0","14.0",,"84.0","84.0","1.0","13.0","1.0",219793.171206983,2682689.29827371,"2.0","7635.0"
"7814",,"66000",387130000C,(04)23274275,(04)23288582,"2025","11","20","10","51",臺中市,東區,"0","1","0","7.0","2.0","6.0","50.0","3.0","2.0","1.0","5.0","4.0","6.0","6.0","4.0","4.0","9.0","5.0","5.0","2.0","17.0","2.0","9.0","6.0","1.0",F01,"7.0","9.0","7.0","21.0","2.0","14.0",,"84.0","84.0","1.0","12.0","4.0",218457.785386266,2669899.85044624,"2.0","7815.0"
"7898",,"66000",387130000C,(04)23274275,(04)23288582,"2025","11","20","14","4",臺中市,大里區,"0","0","0","7.0",,"6.0","50.0","4.0","1.0","1.0","5.0","4.0","6.0","6.0","4.0","4.0","5.0","5.0","5.0","2.0","15.0",,,,,F02,,,"7.0",,"1.0",,,"15.0","15.0","1.0","13.0","4.0",120.682613,24.114712,"3.0","7899.0"
"8015",,"66000",387130000C,(04)23274275,(04)23288582,"2025","11","20","18","5",臺中市,神岡區,"0","2","0","7.0","3.0","6.0","50.0","13.0","9.0","1.0","5.0","4.0","6.0","6.0","4.0","4.0","5.0","4.0","5.0","2.0","2.0","2.0","9.0","5.0","4.0",F02,"7.0","9.0","7.0","21.0","2.0","11.0",,"59.0","59.0","1.0","12.0","4.0",219452.367037746,2682870.11234831,"2.0","8016.0"
"8082",,"66000",387130000C,(04)23274275,(04)23288582,"2025","11","20","20","38",臺中市,北屯區,"0","1","0","7.0","1.0","6.0","50.0","4.0","2.0","1.0","5.0","4.0","6.0","6.0","1.0","1.0","5.0","4.0","5.0","2.0","17.0","3.0","10.0","1.0","1.0",F01,"7.0","1.0","7.0","21.0","2.0","16.0",,"85.0","85.0","1.0","3.0","4.0",120.674953,24.177027,"2.0","8083.0"
"8139",,"66000",387130000C,(04)23274275,(04)23288582,"2025","11","21","7","3",臺中市,東區,"0","1","0","7.0","2.0","6.0","50.0","4.0","2.0","1.0","5.0","4.0","6.0","6.0","2.0","1.0","5.0","4.0","4.0","2.0","18.0","2.0","9.0","6.0","1.0",F01,"7.0","9.0","7.0","21.0","2.0","14.0",,"84.0","84.0","1.0","12.0","4.0",218352.850171578,2669055.94162282,"2.0","8140.0"
"8164",,"66000",387130000C,(04)23274275,(04)23288582,"2025","11","21","7","38",臺中市,豐原區,"0","1","0","6.0","2.0","6.0","50.0","13.0","8.0","1.0","5.0","4.0","6.0","6.0","4.0","4.0","1.0","4.0","4.0","2.0","17.0","2.0","7.0","4.0","1.0",F01,"7.0","15.0","7.0","21.0","2.0","12.0",,"59.0","59.0","1.0","12.0","3.0",221623.237139379,2684061.72060457,"2.0","8165.0"
"8218",,"66000",387130000C,(04)23274275,(04)23288582,"2025","11","21","8","51",臺中市,太平區,"0","1","0","7.0","2.0","6.0","50.0","3.0","9.0","1.0","5.0","4.0","6.0","6.0","4.0","4.0","5.0","5.0","5.0","2.0","17.0","3.0","10.0","1.0","1.0",F02,"7.0","6.0","7.0","21.0","2.0","14.0",,"39.0","39.0","1.0","13.0","4.0",120.717521,24.146423,"2.0","8219.0"
"8272",,"66000",387130000C,(04)23274275,(04)23288582,"2025","11","21","10","39",臺中市,東區,"0","0","0","7.0",,,,,,,,,,,,,,,,,,,,,,F01,,,,,,,,"85.0","85.0","1.0",,,120.694309,24.143366,"4.0","8273.0"
"8439",,"66000",387130000C,(04)23274275,(04)23288582,"2025","11","21","16","56",臺中市,大里區,"0","0","0","7.0",,,"50.0",,,,,,,,,,,,,,,,,,,F01,,,"7.0",,"2.0",,,"84.0","84.0","1.0","13.0","4.0",120.705266,24.087903,"3.0","8440.0"
"8460",,"66000",387130000C,(04)23274275,(04)23288582,"2025","11","21","17","21",臺中市,石岡區,"0","1","0","7.0","1.0","8.0","10.0","13.0","13.0","1.0","5.0","4.0","6.0","6.0","4.0","4.0","9.0","5.0","5.0","1.0","20.0","2.0","8.0","5.0","4.0",F02,"7.0","9.0","7.0","21.0","1.0","11.0",,"84.0","84.0","1.0","13.0","4.0",227566.847136948,2685614.20705951,"2.0","8461.0"
"8545",,"66000",387130000C,(04)23274275,(04)23288582,"2025","11","21","19","22",臺中市,沙鹿區,"0","3","0","6.0","1.0","6.0","40.0","13.0","8.0","1.0","5.0","4.0","6.0","6.0","4.0","4.0","10.0","5.0","5.0","2.0","17.0","3.0","10.0","6.0","1.0",F01,"7.0","5.0","7.0","21.0","2.0","13.0",,"85.0","85.0","1.0","2.0","4.0",120.565577,24.233138,"2.0","8546.0"
"8588",,"66000",387130000C,(04)23274275,(04)23288582,"2025","11","21","22","10",臺中市,大雅區,"0","0","0","7.0",,,"0.0",,,,,,,,,,,,,,,,,,,F01,,,"1.0",,"2.0",,,"84.0","84.0","1.0","12.0","4.0",120.644455,24.206066,"3.0","8589.0"
"8607",,"66000",387130000C,(04)23274275,(04)23288582,"2025","11","21","23","50",臺中市,大里區,"0","1","0","7.0","1.0","6.0","40.0","13.0","9.0","1.0","5.0","4.0","6.0","6.0","4.0","4.0","5.0","4.0","4.0","1.0","12.0","2.0","9.0","1.0","1.0",F02,"7.0","9.0","7.0","21.0","2.0","12.0","14.0","8.0","8.0","1.0","6.0","4.0",215847.547783712,2664900.38332289,"2.0","8608.0"
"8619",,"66000",387130000C,(04)23274275,(04)23288582,"2025","11","22","3","24",臺中市,大里區,"0","0","0","7.0",,,"50.0",,,,,,,,,,,,,,"12.0",,,,,F01,,,"7.0",,"2.0",,,"8.0","8.0","1.0","6.0","4.0",120.700139,24.109469,"3.0","8620.0"
"8765",,"66000",387130000C,(04)23274275,(04)23288582,"2025","11","22","11","58",臺中市,潭子區,"0","2","0","7.0","3.0","6.0","50.0","13.0","9.0","1.0","5.0","4.0","6.0","6.0","4.0","4.0","10.0","5.0","5.0","2.0","16.0","2.0","9.0","4.0","1.0",F02,"7.0","6.0","7.0","21.0","2.0","11.0",,"48.0","48.0","1.0","12.0","4.0",220419.930618308,2678024.43498724,"2.0","8766.0"
"8775",,"66000",387130000C,(04)23274275,(04)23288582,"2025","11","22","12","9",臺中市,豐原區,"0","2","0","7.0","3.0","6.0","15.0","13.0","24.0","1.0","5.0","4.0","6.0","6.0","4.0","4.0","10.0","5.0","5.0","2.0","9.0","2.0","9.0","5.0","4.0",F01,"7.0","9.0","7.0","21.0","2.0","11.0",,"59.0","59.0","1.0","12.0","4.0",221708.45143024,2682803.95912167,"2.0","8776.0"
"8834",,"66000",387130000C,(04)23274275,(04)23288582,"2025","11","22","13","51",臺中市,沙鹿區,"0","1","0","7.0","2.0","6.0","40.0","13.0","8.0","1.0","5.0","4.0","6.0","6.0","4.0","4.0","3.0","4.0","4.0","2.0","17.0","2.0","9.0","1.0","1.0",F01,"7.0","9.0","7.0","21.0","2.0","12.0",,"82.0","82.0","1.0","13.0","4.0",205124.110473994,2680244.29574925,"2.0","8835.0"
"8907",,"66000",387130000C,(04)23274275,(04)23288582,"2025","11","22","16","22",臺中市,北屯區,"0","1","0","7.0","2.0","6.0","50.0","3.0","1.0","1.0","5.0","4.0","6.0","6.0","4.0","4.0","10.0","5.0","5.0","2.0","16.0","3.0","10.0","1.0","1.0",F01,"7.0","6.0","7.0","21.0","2.0","14.0",,"12.0","12.0","1.0","12.0","4.0",120.696169,24.164198,"2.0","8908.0"
"8908",,"66000",387130000C,(04)23274275,(04)23288582,"2025","11","22","16","22",臺中市,后里區,"0","0","0","7.0","2.0","6.0","40.0","13.0","9.0","1.0","5.0","4.0","6.0","6.0","4.0","4.0","10.0","5.0","5.0","2.0","9.0","3.0","10.0","4.0","1.0",F02,"7.0","1.0","7.0","21.0","2.0","11.0",,"51.0","51.0","1.0","3.0","4.0",120.720494,24.307531,"3.0","8909.0"
"9031",,"66000",387130000C,(04)23274275,(04)23288582,"2025","11","22","21","45",臺中市,南區,"0","2","0","7.0","1.0","6.0","50.0","4.0","1.0","1.0","5.0","4.0","6.0","6.0","1.0","1.0","10.0","5.0","5.0","2.0","16.0","2.0","9.0","2.0","1.0",F01,"7.0","6.0","7.0","21.0","2.0","11.0",,"69.0","69.0","1.0","12.0","4.0",216751.809863223,2669599.71967058,"2.0","9032.0"
"9090",,"66000",387130000C,(04)23274275,(04)23288582,"2025","11","23","8","41",臺中市,沙鹿區,"0","1","0","7.0","2.0","6.0","50.0","13.0","9.0","1.0","5.0","4.0","6.0","6.0","4.0","4.0","5.0","5.0","5.0","2.0","18.0","2.0","9.0","1.0","1.0",F01,"7.0","9.0","7.0","21.0","2.0","12.0",,"59.0","59.0","1.0","6.0","4.0",209912.266837563,2682175.99593358,"2.0","9091.0"
"9139",,"66000",387130000C,(04)23274275,(04)23288582,"2025","11","23","11","40",臺中市,西屯區,"0","1","0","7.0","2.0","6.0","50.0","13.0","9.0","1.0","5.0","4.0","6.0","6.0","4.0","4.0","1.0","4.0","5.0","2.0","12.0","2.0","9.0","6.0","1.0",F02,"7.0","9.0","7.0","21.0","1.0","14.0",,"59.0","59.0","1.0","12.0","4.0",213803.426214156,2674070.08095423,"2.0","9140.0"
"9174",,"66000",387130000C,(04)23274275,(04)23288582,"2025","11","23","13","25",臺中市,大里區,"0","2","0","7.0","2.0","6.0","30.0","3.0","1.0","1.0","5.0","4.0","6.0","6.0","4.0","4.0","10.0","5.0","5.0","2.0","16.0","2.0","8.0","2.0","1.0",F01,"7.0","6.0","7.0","21.0","2.0","14.0",,"14.0","14.0","1.0","12.0","4.0",219992.538495653,2665567.30584977,"2.0","9175.0"
"9191",,"66000",387130000C,(04)23274275,(04)23288582,"2025","11","23","14","6",臺中市,后里區,"0","1","0","7.0","2.0","8.0","30.0","13.0","13.0","4.0","5.0","4.0","6.0","6.0","4.0","4.0","10.0","5.0","5.0","2.0","3.0","3.0","10.0","6.0","1.0",F01,"7.0","9.0","7.0","21.0","2.0","11.0",,"85.0","85.0","1.0","12.0","4.0",120.74554,24.28239,"2.0","9192.0"
"9213",,"66000",387130000C,(04)23274275,(04)23288582,"2025","11","23","14","53",臺中市,北區,"0","1","0","7.0","2.0","6.0","50.0","13.0","9.0","1.0","5.0","4.0","6.0","6.0","4.0","4.0","1.0","4.0","5.0","2.0","17.0","2.0","9.0","6.0","1.0",F01,"7.0","9.0","7.0","21.0","2.0","12.0",,"84.0","84.0","1.0","12.0","1.0",217907.096178838,2671740.65302938,"2.0","9214.0"
"9237",,"66000",387130000C,(04)23274275,(04)23288582,"2025","11","23","15","29",臺中市,烏日區,"0","1","0","7.0","2.0","6.0","30.0","3.0","2.0","1.0","5.0","4.0","6.0","6.0","4.0","4.0","10.0","5.0","5.0","2.0","11.0","2.0","9.0","6.0","4.0",F01,"7.0","6.0","7.0","21.0","2.0","11.0",,"59.0","59.0","1.0","13.0","4.0",213101.518473852,2667168.74997542,"2.0","9238.0"
"9257",,"66000",387130000C,(04)23274275,(04)23288582,"2025","11","23","16","25",臺中市,神岡區,"0","1","0","7.0","3.0","6.0","15.0","5.0","1.0","1.0","5.0","4.0","6.0","6.0","1.0","1.0","5.0","5.0","5.0","2.0","9.0","3.0","10.0","6.0","1.0",F01,"7.0","9.0","7.0","21.0","2.0","11.0",,"6.0","6.0","1.0","13.0","4.0",120.656581,24.255821,"2.0","9258.0"
"9331",,"66000",387130000C,(04)23274275,(04)23288582,"2025","11","23","20","15",臺中市,南區,"0","1","0","7.0","1.0","6.0","50.0","4.0","1.0","1.0","5.0","4.0","6.0","6.0","4.0","4.0","10.0","5.0","5.0","2.0","15.0","2.0","9.0","4.0","1.0",F01,"7.0","9.0","7.0","21.0","1.0","11.0",,"12.0","12.0","1.0","2.0","4.0",216994.50855603,2669373.00207312,"2.0","9332.0"
"9407",,"66000",387130000C,(04)23274275,(04)23288582,"2025","11","24","7","32",臺中市,大雅區,"0","1","0","7.0","3.0","6.0","50.0","13.0","9.0","1.0","5.0","4.0","6.0","6.0","4.0","4.0","9.0","5.0","5.0","1.0","13.0","2.0","1.0","1.0","1.0",F01,"7.0","9.0","7.0","21.0","2.0","11.0",,"84.0","84.0","1.0","3.0","4.0",212311.726948722,2680465.91982998,"2.0","9408.0"
"9445",,"66000",387130000C,(04)23274275,(04)23288582,"2025","11","24","8","21",臺中市,神岡區,"0","1","0","7.0","2.0","6.0","50.0","3.0","1.0","1.0","5.0","4.0","6.0","6.0","1.0","1.0","10.0","5.0","5.0","2.0","16.0","2.0","9.0","5.0","4.0",F01,"7.0","6.0","7.0","21.0","2.0","11.0","14.0","11.0","11.0","1.0","13.0","4.0",215135.563577268,2685949.26648868,"2.0","9446.0"
"9454",,"66000",387130000C,(04)23274275,(04)23288582,"2025","11","24","8","33",臺中市,太平區,"0","0","0","7.0",,,"40.0",,,,,,,,,,,,,,"17.0",,,,,F01,,,"7.0",,"2.0",,,"59.0","59.0","1.0","12.0","4.0",120.704103,24.147329,"3.0","9455.0"
"9586",,"66000",387130000C,(04)23274275,(04)23288582,"2025","11","24","13","49",臺中市,東區,"0","1","0","7.0","3.0","6.0","50.0","3.0","1.0","1.0","5.0","4.0","6.0","6.0","4.0","4.0","5.0","5.0","5.0","2.0","17.0","3.0","10.0","4.0","1.0",F01,"7.0","6.0","7.0","21.0","2.0","11.0",,"12.0","12.0","1.0","13.0","1.0",120.707041,24.131691,"2.0","9587.0"
"9627",,"66000",387130000C,(04)23274275,(04)23288582,"2025","11","24","15","26",臺中市,南屯區,"0","1","0","7.0","2.0","6.0","50.0","4.0","7.0","1.0","5.0","4.0","6.0","6.0","2.0","1.0","5.0","4.0","4.0","2.0","17.0","2.0","8.0","4.0","1.0",F01,"7.0","1.0","7.0","21.0","2.0","14.0",,"51.0","51.0","1.0","12.0","4.0",213033.781298351,2670681.95332475,"2.0","9628.0"
"9827",,"66000",387130000C,(04)23274275,(04)23288582,"2025","11","24","23","37",臺中市,潭子區,"0","1","0","6.0","1.0","6.0","30.0","13.0","9.0","1.0","5.0","4.0","6.0","6.0","4.0","4.0","10.0","5.0","5.0","2.0","9.0","2.0","9.0","1.0","1.0",F01,"7.0","12.0","7.0","21.0","2.0","12.0",,"84.0","84.0","1.0","13.0","4.0",219903.729986865,2676742.35268459,"2.0","9828.0"
"9828",,"66000",387130000C,(04)23274275,(04)23288582,"2025","11","24","23","43",臺中市,西區,"0","3","0","6.0","1.0","6.0","50.0","3.0","1.0","1.0","5.0","4.0","6.0","6.0","1.0","1.0","10.0","5.0","5.0","2.0","17.0","2.0","9.0","6.0","1.0",F01,"7.0","15.0","7.0","21.0","2.0","12.0",,"4.0","4.0","1.0","13.0","4.0",216445.341775103,2671702.60357412,"2.0","9829.0"
"9847",,"66000",387130000C,(04)23274275,(04)23288582,"2025","11","25","7","2",臺中市,龍井區,"0","1","0","7.0","2.0","6.0","50.0","4.0","1.0","1.0","5.0","4.0","6.0","6.0","1.0","1.0","5.0","5.0","5.0","1.0","10.0","3.0","10.0","1.0","1.0",F02,"7.0","9.0","7.0","21.0","2.0","11.0",,"21.0","21.0","1.0","4.0","4.0",120.547429,24.209187,"2.0","9848.0"
"10048",,"66000",387130000C,(04)23274275,(04)23288582,"2025","11","25","12","25",臺中市,清水區,"0","1","0","7.0","3.0","6.0","50.0","13.0","9.0","1.0","5.0","4.0","6.0","6.0","4.0","4.0","5.0","5.0","5.0","1.0","18.0","2.0","9.0","5.0","1.0",F01,"7.0","9.0","7.0","21.0","2.0","12.0",,"84.0","84.0","1.0","12.0","4.0",207299.582832058,2684337.5692848,"2.0","10049.0"
"10098",,"66000",387130000C,(04)23274275,(04)23288582,"2025","11","25","14","16",臺中市,新社區,"0","1","0","7.0","2.0","6.0","50.0","13.0","9.0","1.0","5.0","4.0","6.0","6.0","4.0","4.0","5.0","5.0","5.0","1.0","17.0","2.0","9.0","4.0","1.0",F01,"7.0","1.0","7.0","21.0","2.0","11.0",,"51.0","51.0","1.0","12.0","4.0",229971.672257247,2676863.35541455,"2.0","10099.0"
"10136",,"66000",387130000C,(04)23274275,(04)23288582,"2025","11","25","15","48",臺中市,清水區,"0","2","0","7.0","2.0","6.0","50.0","13.0","9.0","1.0","5.0","4.0","6.0","6.0","4.0","4.0","8.0","4.0","4.0","2.0","12.0","2.0","9.0","6.0","1.0",F01,"7.0","11.0","7.0","21.0","2.0","14.0",,"32.0","32.0","1.0","12.0","4.0",206588.062056769,2684384.1457873,"2.0","10137.0"
"10169",,"66000",387130000C,(04)23274275,(04)23288582,"2025","11","25","17","10",臺中市,大里區,"0","2","0","7.0","1.0","6.0","50.0","13.0","9.0","1.0","5.0","4.0","6.0","6.0","4.0","4.0","9.0","4.0","5.0","1.0","17.0","2.0","9.0","4.0","1.0",F01,"7.0","9.0","7.0","21.0","1.0","11.0",,"84.0","84.0","1.0","12.0","4.0",220657.444700527,2664576.59446639,"2.0","10170.0"
"10170",,"66000",387130000C,(04)23274275,(04)23288582,"2025","11","25","17","11",臺中市,北屯區,"0","1","0","7.0","2.0","6.0","50.0","13.0","9.0","1.0","5.0","4.0","6.0","6.0","4.0","4.0","5.0","5.0","5.0","2.0","17.0","3.0","10.0","6.0","1.0",F01,"7.0","11.0","7.0","21.0","2.0","12.0",,"34.0","34.0","1.0","12.0","4.0",120.66264,24.188801,"2.0","10171.0"
"10199",,"66000",387130000C,(04)23274275,(04)23288582,"2025","11","25","17","40",臺中市,南屯區,"0","1","0","7.0","1.0","6.0","40.0","13.0","8.0","1.0","5.0","4.0","6.0","6.0","4.0","4.0","5.0","5.0","4.0","2.0","18.0","2.0","9.0","1.0","1.0",F01,"7.0","9.0","7.0","21.0","1.0","14.0",,"59.0","59.0","1.0","12.0","4.0",213175.59812853,2670500.72879113,"2.0","10200.0"
"10230",,"66000",387130000C,(04)23274275,(04)23288582,"2025","11","25","18","15",臺中市,東區,"0","1","0","7.0","1.0","6.0","50.0","5.0","1.0","1.0","5.0","4.0","6.0","6.0","1.0","1.0","10.0","5.0","5.0","2.0","17.0","2.0","9.0","5.0","4.0",F01,"7.0","6.0","7.0","21.0","2.0","15.0",,"84.0","84.0","1.0","12.0","4.0",218074.629997607,2670089.20197568,"2.0","10231.0"
"10283",,"66000",387130000C,(04)23274275,(04)23288582,"2025","11","25","20","57",臺中市,大里區,"0","1","0","6.0","1.0","6.0","50.0","13.0","7.0","1.0","5.0","4.0","6.0","6.0","4.0","4.0","5.0","5.0","4.0","2.0","17.0","2.0","9.0","4.0","1.0",F01,"7.0","6.0","7.0","21.0","2.0","13.0",,"39.0","39.0","1.0","12.0","4.0",218518.736381886,2666618.28922263,"2.0","10284.0"
"10303",,"66000",387130000C,(04)23274275,(04)23288582,"2025","11","25","23","4",臺中市,北屯區,"0","1","0","7.0","1.0","6.0","0.0","13.0","21.0","4.0","5.0","4.0","6.0","6.0","4.0","4.0","10.0","5.0","5.0","2.0","9.0","3.0","10.0","6.0","1.0",F01,"7.0","9.0","7.0","21.0","7.0","11.0",,"84.0","84.0","1.0","13.0","4.0",120.696776,24.170607,"2.0","10304.0"
"10433",,"66000",387130000C,(04)23274275,(04)23288582,"2025","11","26","10","45",臺中市,大雅區,"0","1","0","7.0","3.0","6.0","30.0","13.0","8.0","1.0","5.0","4.0","6.0","6.0","4.0","4.0","10.0","5.0","5.0","2.0","18.0","2.0","5.0","6.0","1.0",F01,"7.0","9.0","7.0","21.0","2.0","14.0",,"82.0","82.0","1.0","12.0","4.0",213039.378880723,2682123.63539149,"2.0","10434.0"
"10582",,"66000",387130000C,(04)23274275,(04)23288582,"2025","11","26","17","7",臺中市,大里區,"0","1","0","7.0","3.0","6.0","30.0","11.0","9.0","1.0","5.0","4.0","6.0","1.0","4.0","4.0","10.0","5.0","5.0","2.0","9.0","3.0","10.0","4.0","1.0",F01,"7.0","5.0","7.0","21.0","2.0","11.0",,"84.0","84.0","1.0","13.0","4.0",120.696978,24.088797,"2.0","10583.0"