field_1,序號,縣市別代碼,機關代碼,市話,傳真,年,月,日,時,分,縣市,區,死亡數量,受傷數量,2-30,天候,道路照明設備,道路類別,道路速限,道路型態,事故位置,路面鋪裝,路面狀態,路面缺陷,障礙物,視距,號誌種類,號誌動作,分向設施,快車道或一般車道間,快慢車道間,路面邊線,事故類型及型態,受傷程度,主要傷處,保護裝備,行動電話或功能裝置,當事者區分(類別),車輛用途,當事者行動狀態,駕照狀態,駕照種類,飲酒情形,車輛撞擊部位最初,車輛撞擊部位其他,肇事因素個別,肇事因素主要,肇事逃逸,職業,共享經濟或外送平台,GPS座標X,GPS座標Y,事故類別,﻿序號
"10585",,"66000",387130000C,(04)23274275,(04)23288582,"2025","11","26","17","13",臺中市,大雅區,"0","2","0","7.0","1.0","6.0","30.0","3.0","9.0","1.0","5.0","4.0","6.0","6.0","4.0","4.0","10.0","5.0","5.0","1.0","12.0","2.0","9.0","2.0","1.0",F01,"7.0","6.0","7.0","21.0","9.0","14.0",,"48.0","48.0","1.0","13.0","4.0",214842.073534743,2679162.17689731,"2.0","10586.0"
"10586",,"66000",387130000C,(04)23274275,(04)23288582,"2025","11","26","17","15",臺中市,沙鹿區,"0","2","0","7.0","3.0","6.0","50.0","3.0","1.0","1.0","5.0","4.0","6.0","6.0","4.0","4.0","5.0","4.0","4.0","1.0","17.0","2.0","9.0","4.0","1.0",F01,"7.0","9.0","7.0","21.0","2.0","12.0",,"84.0","84.0","1.0","12.0","4.0",206418.725067166,2680529.65696003,"2.0","10587.0"
"10593",,"66000",387130000C,(04)23274275,(04)23288582,"2025","11","26","17","33",臺中市,大雅區,"0","2","0","7.0","1.0","6.0","30.0","13.0","9.0","1.0","5.0","4.0","6.0","6.0","4.0","4.0","10.0","5.0","5.0","2.0","11.0","2.0","5.0","6.0","1.0",F01,"7.0","9.0","7.0","21.0","2.0","12.0",,"7.0","7.0","1.0","13.0","4.0",214236.695590797,2679762.3069849,"2.0","10594.0"
"10707",,"66000",387130000C,(04)23274275,(04)23288582,"2025","11","26","21","10",臺中市,大里區,"0","2","0","6.0","1.0","6.0","50.0","4.0","1.0","1.0","5.0","4.0","6.0","6.0","1.0","1.0","10.0","5.0","5.0","2.0","17.0","2.0","9.0","4.0","1.0",F01,"7.0","9.0","7.0","21.0","2.0","11.0",,"21.0","21.0","1.0","12.0","4.0",217275.02599616,2667464.01054002,"2.0","10708.0"
"10710",,"66000",387130000C,(04)23274275,(04)23288582,"2025","11","26","21","15",臺中市,大里區,"0","1","0","7.0","1.0","6.0","50.0","4.0","1.0","1.0","5.0","4.0","6.0","6.0","4.0","4.0","10.0","5.0","5.0","2.0","15.0","2.0","8.0","4.0","1.0",F01,"7.0","9.0","7.0","21.0","2.0","12.0",,"15.0","15.0","1.0","12.0","4.0",218284.772936244,2664586.98497305,"2.0","10711.0"
"10758",,"66000",387130000C,(04)23274275,(04)23288582,"2025","11","27","6","47",臺中市,大里區,"0","0","0","7.0",,,"50.0",,,,,,,,,,,,,,"17.0",,,,,F01,,,"7.0",,"9.0",,,"84.0","84.0","1.0","3.0","4.0",120.700568,24.090055,"3.0","10759.0"
"10942",,"66000",387130000C,(04)23274275,(04)23288582,"2025","11","27","14","45",臺中市,北屯區,"0","1","0","7.0","3.0","6.0","50.0","5.0","1.0","1.0","5.0","4.0","6.0","6.0","1.0","1.0","10.0","5.0","5.0","2.0","18.0","2.0","8.0","4.0","1.0",F01,"7.0","9.0","7.0","21.0","2.0","12.0",,"84.0","84.0","1.0","12.0","4.0",218859.269163377,2674596.58058187,"2.0","10943.0"
"11030",,"66000",387130000C,(04)23274275,(04)23288582,"2025","11","27","17","46",臺中市,南屯區,"0","0","0","7.0",,,"0.0",,,,,,,,,,,,,,,,,,,F01,,,"7.0",,"1.0",,,"84.0","84.0","1.0","3.0","1.0",120.646431,24.151685,"3.0","11031.0"
"11042",,"66000",387130000C,(04)23274275,(04)23288582,"2025","11","27","17","56",臺中市,北屯區,"0","1","0","6.0","1.0","6.0","50.0","3.0","1.0","1.0","5.0","4.0","6.0","6.0","3.0","1.0","5.0","5.0","4.0","2.0","12.0","2.0","8.0","4.0","1.0",F01,"7.0","7.0","7.0","21.0","1.0","13.0",,"42.0","42.0","1.0","2.0","4.0",221189.516982566,2673426.4553023,"2.0","11043.0"
"11358",,"66000",387130000C,(04)23274275,(04)23288582,"2025","11","28","12","16",臺中市,北區,"0","1","0","7.0","2.0","6.0","50.0","4.0","1.0","1.0","5.0","4.0","6.0","6.0","1.0","1.0","10.0","5.0","5.0","2.0","16.0","2.0","9.0","6.0","1.0",F01,"7.0","9.0","7.0","21.0","2.0","12.0",,"4.0","4.0","1.0","12.0","4.0",217161.772578763,2673145.12783983,"2.0","11359.0"
"11430",,"66000",387130000C,(04)23274275,(04)23288582,"2025","11","28","15","42",臺中市,東區,"0","0","0","7.0",,,"50.0",,,,,,,,,,,,,,"16.0",,,,,F01,,,"7.0",,"1.0",,,"11.0","11.0","1.0","12.0","3.0",120.692464,24.146343,"4.0","11431.0"
"11445",,"66000",387130000C,(04)23274275,(04)23288582,"2025","11","28","16","15",臺中市,潭子區,"0","2","0","7.0","2.0","6.0","40.0","4.0","1.0","1.0","5.0","4.0","6.0","6.0","4.0","4.0","10.0","5.0","5.0","2.0","16.0","2.0","9.0","6.0","1.0",F02,"7.0","6.0","7.0","21.0","2.0","14.0",,"84.0","84.0","1.0","12.0","4.0",220210.028003663,2677908.5848081,"2.0","11446.0"
"11488",,"66000",387130000C,(04)23274275,(04)23288582,"2025","11","28","17","19",臺中市,烏日區,"0","1","0","7.0","1.0","6.0","40.0","13.0","7.0","1.0","5.0","4.0","6.0","6.0","4.0","4.0","5.0","5.0","4.0","1.0","16.0","3.0","10.0","6.0","1.0",F01,"7.0","11.0","7.0","21.0","2.0","14.0",,"45.0","45.0","1.0","4.0","1.0",120.620031,24.106558,"2.0","11489.0"
"11528",,"66000",387130000C,(04)23274275,(04)23288582,"2025","11","28","17","57",臺中市,東區,"0","1","0","7.0","1.0","6.0","50.0","4.0","1.0","1.0","5.0","4.0","6.0","6.0","1.0","1.0","3.0","4.0","5.0","2.0","12.0","2.0","9.0","2.0","1.0",F01,"7.0","8.0","7.0","21.0","2.0","14.0",,"43.0","43.0","1.0","13.0","4.0",217979.375772511,2670034.59419337,"2.0","11529.0"
"11628",,"66000",387130000C,(04)23274275,(04)23288582,"2025","11","28","21","28",臺中市,豐原區,"0","0","0","7.0",,,"50.0",,,,,,,,,,,,,,"17.0",,,,,F01,,,"7.0",,"2.0",,,"59.0","59.0","1.0","12.0","4.0",120.723014,24.260758,"3.0","11629.0"
"11707",,"66000",387130000C,(04)23274275,(04)23288582,"2025","11","29","8","12",臺中市,西區,"0","1","0","7.0","2.0","6.0","50.0","4.0","2.0","1.0","5.0","4.0","6.0","6.0","4.0","4.0","5.0","5.0","5.0","2.0","17.0","2.0","8.0","5.0","4.0",F01,"7.0","9.0","7.0","21.0","2.0","12.0",,"84.0","84.0","1.0","13.0","4.0",216691.691588795,2670230.58652304,"2.0","11708.0"
"11761",,"66000",387130000C,(04)23274275,(04)23288582,"2025","11","29","10","8",臺中市,南區,"0","2","0","7.0","2.0","6.0","25.0","13.0","9.0","1.0","5.0","4.0","6.0","6.0","4.0","4.0","5.0","4.0","5.0","2.0","17.0","2.0","9.0","6.0","1.0",F01,"7.0","9.0","7.0","21.0","2.0","14.0",,"41.0","41.0","1.0","12.0","4.0",215620.049253588,2669599.41608234,"2.0","11762.0"
"11783",,"66000",387130000C,(04)23274275,(04)23288582,"2025","11","29","10","37",臺中市,東區,"0","1","0","7.0","2.0","9.0","0.0","18.0","21.0","1.0","5.0","4.0","6.0","6.0","4.0","4.0","10.0","5.0","5.0","2.0","18.0","2.0","9.0","4.0","1.0",F01,"7.0","9.0","7.0","21.0","1.0","12.0",,"84.0","84.0","1.0","12.0","4.0",218268.262416189,2670369.85468622,"2.0","11784.0"
"11796",,"66000",387130000C,(04)23274275,(04)23288582,"2025","11","29","10","50",臺中市,豐原區,"0","0","0","7.0",,,"50.0",,,,,,,,,,,,,,"17.0",,,,,F01,,,"1.0",,"2.0",,,"8.0","8.0","1.0","4.0","4.0",120.717102,24.253322,"3.0","11797.0"
"11806",,"66000",387130000C,(04)23274275,(04)23288582,"2025","11","29","11","9",臺中市,西區,"0","0","0","7.0",,,"50.0",,,,,,,,,,,,,,,,,,,F01,,,"7.0","21.0","2.0",,,"84.0","84.0","1.0","13.0","4.0",120.673997,24.13717,"3.0","11807.0"
"11813",,"66000",387130000C,(04)23274275,(04)23288582,"2025","11","29","11","23",臺中市,豐原區,"0","2","0","7.0","2.0","6.0","40.0","4.0","1.0","1.0","5.0","4.0","6.0","6.0","1.0","1.0","5.0","5.0","4.0","2.0","16.0","2.0","9.0","5.0","4.0",F01,"7.0","6.0","7.0","21.0","2.0","14.0",,"48.0","48.0","1.0","13.0","4.0",220534.639636176,2682143.0575021,"2.0","11814.0"
"11820",,"66000",387130000C,(04)23274275,(04)23288582,"2025","11","29","11","35",臺中市,西區,"0","1","0","7.0","2.0","6.0","50.0","4.0","2.0","1.0","5.0","4.0","6.0","6.0","4.0","4.0","10.0","5.0","5.0","2.0","18.0","2.0","9.0","6.0","1.0",F01,"7.0","9.0","7.0","21.0","2.0","12.0",,"84.0","84.0","1.0","12.0","4.0",215527.908278655,2670038.54506882,"2.0","11821.0"
"11929",,"66000",387130000C,(04)23274275,(04)23288582,"2025","11","29","15","44",臺中市,太平區,"0","1","0","7.0","3.0","6.0","30.0","11.0","9.0","1.0","5.0","4.0","6.0","6.0","4.0","4.0","4.0","5.0","5.0","1.0","18.0","2.0","9.0","2.0","1.0",F01,"7.0","5.0","7.0","21.0","2.0","12.0",,"6.0","6.0","1.0","12.0","4.0",230485.984600319,2665654.63989339,"2.0","11930.0"
"12177",,"66000",387130000C,(04)23274275,(04)23288582,"2025","11","30","10","11",臺中市,北屯區,"0","0","0","7.0",,,"30.0",,,,,,,,,,,,,,"12.0",,,,,F01,,,"7.0",,"2.0",,,"59.0","59.0","1.0","12.0","4.0",120.683978,24.194162,"3.0","12178.0"
"12194",,"66000",387130000C,(04)23274275,(04)23288582,"2025","11","30","10","54",臺中市,豐原區,"0","0","0","7.0",,,"50.0",,,,,,,,,,,,,,"17.0",,,,,F01,,,"7.0",,"2.0",,,"84.0","84.0","1.0","12.0","4.0",120.729061,24.24638,"4.0","12195.0"
"12204",,"66000",387130000C,(04)23274275,(04)23288582,"2025","11","30","11","15",臺中市,太平區,"0","1","0","7.0","2.0","6.0","30.0","11.0","9.0","1.0","5.0","4.0","6.0","6.0","4.0","4.0","5.0","5.0","5.0","1.0","18.0","2.0","9.0","1.0","1.0",F01,"7.0","9.0","7.0","21.0","9.0","14.0",,"84.0","84.0","1.0","12.0","4.0",231472.684725066,2664891.26033823,"2.0","12205.0"
"12236",,"66000",387130000C,(04)23274275,(04)23288582,"2025","11","30","12","50",臺中市,南屯區,"0","0","0","7.0",,,"40.0",,,,,,,,,,,,,,,,,,,F01,,,"7.0",,"1.0",,,"84.0","84.0","1.0","13.0","1.0",120.636035,24.151258,"3.0","12237.0"
"12260",,"66000",387130000C,(04)23274275,(04)23288582,"2025","11","30","14","10",臺中市,北屯區,"0","2","0","7.0","2.0","6.0","50.0","4.0","2.0","1.0","5.0","4.0","6.0","6.0","2.0","1.0","5.0","5.0","5.0","2.0","11.0","2.0","7.0","4.0","1.0",F01,"7.0","6.0","7.0","21.0","1.0","12.0",,"23.0","23.0","1.0","12.0","4.0",216562.604055419,2674852.20699523,"2.0","12261.0"
"12343",,"66000",387130000C,(04)23274275,(04)23288582,"2025","11","30","17","41",臺中市,北區,"0","1","0","7.0","1.0","6.0","50.0","4.0","1.0","1.0","5.0","4.0","6.0","6.0","1.0","1.0","10.0","5.0","5.0","2.0","16.0","2.0","9.0","5.0","4.0",F01,"7.0","6.0","7.0","21.0","2.0","14.0",,"48.0","48.0","1.0","13.0","4.0",217424.621191554,2673576.56412536,"2.0","12344.0"
"12382",,"66000",387130000C,(04)23274275,(04)23288582,"2025","11","30","19","45",臺中市,大里區,"0","2","0","7.0","1.0","6.0","30.0","3.0","1.0","1.0","5.0","4.0","6.0","6.0","4.0","4.0","10.0","5.0","5.0","2.0","17.0","2.0","8.0","6.0","4.0",F01,"7.0","6.0","7.0","21.0","2.0","13.0",,"84.0","84.0","1.0","13.0","4.0",220293.867028933,2665852.63176629,"2.0","12383.0"
"6","7.0","66000",387130000C,(04)23274275,(04)23288582,"2025","10","1","5","42",臺中市,梧棲區,"0","1","0","7.0","3.0","6.0","30.0","4.0","1.0","1.0","5.0","4.0","6.0","6.0","4.0","4.0","10.0","5.0","5.0","2.0","22.0","2.0","9.0","5.0","1.0",F01,"7.0","5.0","7.0","21.0","2.0","11.0",,"87.0","87.0","1.0","6.0","4.0",205116.39136639,2681912.16246619,"2.0",
"284","285.0","66000",387130000C,(04)23274275,(04)23288582,"2025","10","1","16","11",臺中市,大甲區,"0","2","0","7.0","2.0","6.0","50.0","3.0","1.0","1.0","5.0","4.0","6.0","6.0","4.0","4.0","5.0","5.0","5.0","1.0","16.0","2.0","9.0","4.0","1.0",F01,"7.0","6.0","7.0","21.0","2.0","14.0",,"14.0","14.0","1.0","2.0","1.0",211881.539761538,2693920.43737207,"2.0",
"290","291.0","66000",387130000C,(04)23274275,(04)23288582,"2025","10","1","16","23",臺中市,北區,"0","0","0","7.0","3.0","6.0","50.0","18.0","24.0","1.0","5.0","4.0","6.0","6.0","4.0","4.0","10.0","5.0","5.0","2.0","17.0",,,,,F01,,,"7.0",,"1.0",,,"84.0","84.0","1.0","13.0","4.0",120.688708,24.153287,"3.0",
"299","300.0","66000",387130000C,(04)23274275,(04)23288582,"2025","10","1","16","39",臺中市,梧棲區,"0","2","0","7.0","2.0","6.0","70.0","4.0","1.0","1.0","5.0","4.0","6.0","6.0","1.0","1.0","10.0","5.0","5.0","2.0","11.0","2.0","9.0","1.0","1.0",F02,"7.0","6.0","7.0","21.0","2.0","11.0",,"42.0","42.0","1.0","12.0","4.0",204257.895037886,2681608.78341547,"2.0",
"405","406.0","66000",387130000C,(04)23274275,(04)23288582,"2025","10","1","19","25",臺中市,后里區,"0","0","0","7.0","1.0","6.0","50.0","3.0","1.0","1.0","5.0","4.0",,"6.0",,"4.0",,"4.0","4.0","1.0","12.0",,,,,F01,,,"7.0",,"2.0",,,"11.0","11.0","1.0","2.0","4.0",120.721802,24.309087,"3.0",
"463","464.0","66000",387130000C,(04)23274275,(04)23288582,"2025","10","2","0","35",臺中市,北區,"0","0","0","7.0",,,"50.0",,,,,,,,,,,,,,"12.0",,,,,F01,,,,,,,,"87.0","87.0","1.0","13.0","4.0",120.681999,24.144622,"3.0",
"503","504.0","66000",387130000C,(04)23274275,(04)23288582,"2025","10","2","7","31",臺中市,梧棲區,"0","2","0","7.0","3.0","6.0","30.0","4.0","1.0","1.0","5.0","4.0","6.0","6.0","4.0","4.0","10.0","5.0","5.0","2.0","13.0","2.0","9.0","4.0","1.0",F01,"7.0","9.0","7.0","21.0","2.0","14.0",,"13.0","13.0","1.0","6.0","4.0",203466.426768492,2682399.26557611,"2.0",
"747","748.0","66000",387130000C,(04)23274275,(04)23288582,"2025","10","2","16","55",臺中市,西屯區,"0","0","0","7.0",,,"40.0",,,,,,,,,,,,,,"15.0",,,,,F01,,,"7.0",,"2.0",,,"21.0","21.0","1.0","12.0","4.0",120.650939,24.175895,"3.0",
"772","773.0","66000",387130000C,(04)23274275,(04)23288582,"2025","10","2","17","30",臺中市,西區,"0","2","0","7.0","2.0","6.0","50.0","13.0","9.0","1.0","5.0","4.0","6.0","6.0","4.0","4.0","5.0","4.0","5.0","2.0","17.0","2.0","9.0","6.0","1.0",F01,"7.0","1.0","7.0","21.0","2.0","11.0",,"51.0","51.0","1.0","12.0","4.0",215598.721842356,2670910.64949017,"2.0",
"831","832.0","66000",387130000C,(04)23274275,(04)23288582,"2025","10","2","18","53",臺中市,西屯區,"0","1","0","7.0","1.0","6.0","50.0","13.0","9.0","1.0","5.0","4.0","6.0","6.0","4.0","4.0","9.0","5.0","5.0","2.0","17.0","2.0","7.0","5.0","4.0",F01,"7.0","9.0","7.0","21.0","2.0","11.0",,"84.0","84.0","1.0","13.0","4.0",213663.894479874,2674935.29808943,"2.0",
"849","850.0","66000",387130000C,(04)23274275,(04)23288582,"2025","10","2","19","23",臺中市,梧棲區,"0","1","0","7.0","1.0","6.0","50.0","13.0","8.0","1.0","5.0","4.0","6.0","6.0","4.0","4.0","5.0","4.0","4.0","2.0","12.0","2.0","2.0","1.0","1.0",F01,"7.0","9.0","7.0","21.0","2.0","14.0",,"59.0","59.0","1.0","3.0","4.0",203833.130131039,2682214.10314635,"2.0",
"859","860.0","66000",387130000C,(04)23274275,(04)23288582,"2025","10","2","20","0",臺中市,烏日區,"0","2","0","7.0","1.0","6.0","50.0","3.0","1.0","2.0","5.0","4.0","6.0","6.0","3.0","1.0","3.0","5.0","5.0","1.0","12.0","2.0","7.0","6.0","1.0",F01,"7.0","9.0","7.0","21.0","1.0","11.0",,"8.0","8.0","1.0","6.0","4.0",211884.714515847,2666954.87857504,"2.0",
"862","863.0","66000",387130000C,(04)23274275,(04)23288582,"2025","10","2","20","15",臺中市,豐原區,"0","0","0","7.0",,,"50.0",,,,,,,,,,,,,,"17.0",,,,,F01,,,"7.0",,"2.0",,,"62.0","62.0","1.0","13.0","4.0",120.730611,24.249028,"3.0",
"910","911.0","66000",387130000C,(04)23274275,(04)23288582,"2025","10","3","6","30",臺中市,烏日區,"0","2","0","7.0","2.0","6.0","40.0","3.0","1.0","1.0","5.0","4.0","6.0","6.0","1.0","1.0","10.0","5.0","5.0","2.0","16.0","2.0","9.0","6.0","1.0",F01,"7.0","6.0","7.0","21.0","2.0","13.0",,"48.0","48.0","1.0","2.0","4.0",211166.529054904,2666856.69722855,"2.0",
"931","932.0","66000",387130000C,(04)23274275,(04)23288582,"2025","10","3","7","31",臺中市,清水區,"0","1","0","7.0","3.0","6.0","50.0","3.0","1.0","1.0","5.0","4.0","6.0","6.0","4.0","4.0","9.0","4.0","5.0","1.0","16.0","3.0","10.0","6.0","1.0",F01,"7.0","6.0","7.0","21.0","2.0","13.0",,"20.0","20.0","1.0","12.0","4.0",120.565759,24.272905,"2.0",
"1216","1217.0","66000",387130000C,(04)23274275,(04)23288582,"2025","10","3","16","50",臺中市,西屯區,"0","1","0","7.0","2.0","6.0","40.0","13.0","8.0","1.0","5.0","4.0","6.0","6.0","4.0","4.0","5.0","5.0","4.0","2.0","17.0","3.0","10.0","4.0","1.0",F01,"7.0","15.0","7.0","21.0","2.0","13.0",,"42.0","42.0","1.0","3.0","1.0",120.61801,24.161064,"2.0",
"1233","1234.0","66000",387130000C,(04)23274275,(04)23288582,"2025","10","3","17","19",臺中市,南屯區,"0","1","0","7.0","1.0","6.0","50.0","4.0","2.0","1.0","5.0","4.0","6.0","6.0","2.0","1.0","1.0","4.0","4.0","2.0","18.0","2.0","9.0","5.0","4.0",F01,"7.0","9.0","7.0","21.0","2.0","14.0",,"84.0","84.0","1.0","13.0","1.0",214105.801415043,2671327.21640579,"2.0",
"1242","1243.0","66000",387130000C,(04)23274275,(04)23288582,"2025","10","3","17","32",臺中市,北區,"0","1","0","7.0","2.0","6.0","50.0","13.0","9.0","1.0","5.0","4.0","6.0","6.0","4.0","4.0","10.0","3.0","5.0","2.0","18.0","2.0","9.0","4.0","1.0",F01,"7.0","9.0","7.0","21.0","2.0","14.0",,"84.0","84.0","1.0","13.0","4.0",217129.108980682,2673301.36261269,"2.0",
"1279","1280.0","66000",387130000C,(04)23274275,(04)23288582,"2025","10","3","18","19",臺中市,大雅區,"0","1","0","7.0","1.0","6.0","40.0","3.0","2.0","1.0","5.0","4.0","6.0","6.0","4.0","4.0","1.0","4.0","4.0","1.0","16.0","2.0","9.0","4.0","1.0",F01,"7.0","9.0","7.0","21.0","2.0","11.0",,"6.0","6.0","1.0","13.0","4.0",211937.870897535,2681901.72282484,"2.0",
"1294","1295.0","66000",387130000C,(04)23274275,(04)23288582,"2025","10","3","18","30",臺中市,豐原區,"0","1","0","7.0","2.0","6.0","50.0","13.0","9.0","1.0","5.0","4.0","6.0","6.0","4.0","4.0","5.0","5.0","5.0","1.0","12.0","2.0","8.0","6.0","1.0",F01,"7.0","15.0","7.0","21.0","2.0","14.0",,"84.0","84.0","1.0","12.0","4.0",222504.824436544,2682363.3700435,"2.0",
"1345","1346.0","66000",387130000C,(04)23274275,(04)23288582,"2025","10","3","20","55",臺中市,中區,"0","1","0","6.0","1.0","6.0","50.0","13.0","9.0","1.0","5.0","4.0","6.0","6.0","4.0","4.0","5.0","4.0","5.0","2.0","17.0","2.0","9.0","1.0","1.0",F01,"7.0","9.0","7.0","21.0","1.0","12.0",,"84.0","84.0","1.0","13.0","4.0",215763.966594098,2670907.92536797,"2.0",
"1347","1348.0","66000",387130000C,(04)23274275,(04)23288582,"2025","10","3","20","57",臺中市,南區,"0","1","0","7.0","1.0","6.0","50.0","4.0","1.0","1.0","5.0","4.0","6.0","6.0","2.0","1.0","10.0","5.0","5.0","2.0","17.0","2.0","9.0","6.0","1.0",F01,"7.0","6.0","7.0","21.0","2.0","14.0",,"23.0","23.0","1.0","12.0","4.0",214822.151426925,2668601.72566967,"2.0",
"1353","1354.0","66000",387130000C,(04)23274275,(04)23288582,"2025","10","3","21","13",臺中市,太平區,"0","1","0","7.0","1.0","6.0","50.0","3.0","1.0","1.0","5.0","4.0","6.0","6.0","4.0","4.0","10.0","5.0","5.0","2.0","17.0","2.0","9.0","6.0","1.0",F01,"7.0","6.0","7.0","21.0","2.0","14.0",,"12.0","12.0","1.0","12.0","4.0",222236.721347403,2671651.80747026,"2.0",
"1383","1384.0","66000",387130000C,(04)23274275,(04)23288582,"2025","10","3","23","41",臺中市,西屯區,"0","0","0","7.0",,,"40.0",,,,,,,,,,,,,,"13.0",,,,,F02,,,"7.0",,"8.0",,,"59.0","59.0","1.0","12.0","4.0",120.663006,24.163534,"3.0",
"1408","1409.0","66000",387130000C,(04)23274275,(04)23288582,"2025","10","4","6","58",臺中市,南區,"0","1","0","7.0","3.0","6.0","50.0","13.0","9.0","1.0","5.0","4.0","6.0","6.0","4.0","4.0","9.0","5.0","5.0","2.0","17.0","2.0","8.0","5.0","4.0",F02,"7.0","9.0","7.0","21.0","2.0","11.0",,"84.0","84.0","1.0","12.0","4.0",215261.838378271,2667710.09959724,"2.0",
"1522","1523.0","66000",387130000C,(04)23274275,(04)23288582,"2025","10","4","12","14",臺中市,大肚區,"0","1","0","7.0","2.0","6.0","50.0","5.0","2.0","1.0","5.0","4.0","6.0","6.0","4.0","4.0","5.0","5.0","5.0","1.0","30.0","2.0","9.0","5.0","4.0",F01,"7.0","15.0","7.0","21.0","2.0","15.0",,"82.0","82.0","1.0","12.0","4.0",207301.447460211,2674022.99896051,"2.0",
"1547","1548.0","66000",387130000C,(04)23274275,(04)23288582,"2025","10","4","12","58",臺中市,北屯區,"0","1","0","7.0","3.0","6.0","50.0","13.0","9.0","1.0","5.0","4.0","6.0","6.0","4.0","4.0","5.0","5.0","5.0","2.0","17.0","2.0","9.0","6.0","1.0",F01,"7.0","9.0","7.0","21.0","9.0","11.0",,"84.0","84.0","1.0","13.0","4.0",220499.96468111,2674448.55057364,"2.0",
"1578","1579.0","66000",387130000C,(04)23274275,(04)23288582,"2025","10","4","13","48",臺中市,南屯區,"0","1","0","7.0","1.0","6.0","50.0","3.0","2.0","1.0","5.0","4.0","6.0","6.0","4.0","4.0","5.0","4.0","4.0","2.0","13.0","2.0","9.0","5.0","4.0",F02,"7.0","9.0","7.0","21.0","2.0","11.0",,"84.0","84.0","1.0","13.0","4.0",212682.306715471,2671484.93273704,"2.0",
"1592","1593.0","66000",387130000C,(04)23274275,(04)23288582,"2025","10","4","14","17",臺中市,霧峰區,"0","1","0","7.0","2.0","6.0","50.0","3.0","2.0","1.0","5.0","4.0","6.0","6.0","4.0","4.0","5.0","5.0","5.0","1.0","17.0","2.0","9.0","6.0","1.0",F01,"7.0","9.0","7.0","21.0","2.0","12.0",,"42.0","42.0","1.0","12.0","4.0",219278.833098672,2662309.12434347,"2.0",
"1614","1615.0","66000",387130000C,(04)23274275,(04)23288582,"2025","10","4","15","13",臺中市,太平區,"0","0","0","7.0",,,"50.0",,,,,,,,,,,,,,"16.0",,,,,F01,,,"7.0",,"2.0",,,"84.0","84.0","1.0","12.0","4.0",120.714631,24.153714,"3.0",
"1648","1649.0","66000",387130000C,(04)23274275,(04)23288582,"2025","10","4","16","35",臺中市,南區,"0","1","0","7.0","2.0","6.0","40.0","13.0","8.0","1.0","5.0","4.0","6.0","6.0","4.0","4.0","1.0","4.0","4.0","2.0","18.0","2.0","9.0","6.0","1.0",F01,"7.0","9.0","7.0","21.0","2.0","14.0",,"84.0","84.0","1.0","12.0","4.0",215070.51944093,2667956.10164306,"2.0",
"1890","1891.0","66000",387130000C,(04)23274275,(04)23288582,"2025","10","5","14","5",臺中市,潭子區,"0","0","0","7.0",,,"50.0",,,,,,,,,,,,,,,,,,,F01,,,"7.0",,"2.0",,,"23.0","23.0","1.0","13.0","4.0",120.707302,24.211118,"3.0",
"1906","1907.0","66000",387130000C,(04)23274275,(04)23288582,"2025","10","5","14","59",臺中市,北區,"0","1","0","7.0","2.0","6.0","50.0","13.0","7.0","1.0","5.0","4.0","6.0","6.0","4.0","4.0","5.0","4.0","4.0","2.0","12.0","3.0","10.0","6.0","1.0",F01,"7.0","8.0","7.0","21.0","2.0","12.0",,"40.0","40.0","1.0","13.0","4.0",120.682254,24.165908,"2.0",
"2000","2001.0","66000",387130000C,(04)23274275,(04)23288582,"2025","10","5","19","35",臺中市,大肚區,"0","0","0","7.0",,,"30.0",,,,,,,,,,,,,,,,,,,F01,,,"1.0",,"1.0",,,"15.0","15.0","1.0","3.0","4.0",120.53957,24.15291,"3.0",
"2026","2027.0","66000",387130000C,(04)23274275,(04)23288582,"2025","10","5","21","20",臺中市,東區,"0","0","0","7.0",,,"30.0",,,,,,,,,,,,,,"9.0",,,,,F01,,,"7.0",,"9.0",,,"8.0","8.0","1.0","4.0","4.0",120.704059,24.132418,"3.0",
"2038","2039.0","66000",387130000C,(04)23274275,(04)23288582,"2025","10","5","23","1",臺中市,豐原區,"0","1","0","7.0","2.0","6.0","50.0","4.0","1.0","1.0","5.0","4.0","6.0","6.0","4.0","4.0","5.0","5.0","5.0","2.0","12.0","2.0","8.0","5.0","4.0",F01,"7.0","6.0","7.0","21.0","2.0","14.0",,"48.0","48.0","1.0","13.0","4.0",222074.754040211,2681737.46587297,"2.0",
"2076","2077.0","66000",387130000C,(04)23274275,(04)23288582,"2025","10","6","8","28",臺中市,西區,"0","1","0","7.0","2.0","6.0","50.0","5.0","1.0","1.0","5.0","4.0","6.0","6.0","2.0","1.0","10.0","5.0","5.0","2.0","17.0","2.0","9.0","6.0","1.0",F01,"7.0","5.0","7.0","21.0","2.0","13.0",,"22.0","22.0","1.0","12.0","4.0",216684.963948382,2670656.55050745,"2.0",
"2343","2344.0","66000",387130000C,(04)23274275,(04)23288582,"2025","10","7","7","17",臺中市,南區,"0","1","0","7.0","1.0","6.0","50.0","3.0","1.0","1.0","5.0","4.0","6.0","6.0","4.0","4.0","10.0","5.0","5.0","2.0","16.0","2.0","7.0","1.0","1.0",F01,"7.0","6.0","7.0","21.0","2.0","11.0","12.0","7.0","7.0","1.0","12.0","3.0",217183.063106108,2669024.25532574,"2.0",