field_1,序號,縣市別代碼,機關代碼,市話,傳真,年,月,日,時,分,縣市,區,死亡數量,受傷數量,2-30,天候,道路照明設備,道路類別,道路速限,道路型態,事故位置,路面鋪裝,路面狀態,路面缺陷,障礙物,視距,號誌種類,號誌動作,分向設施,快車道或一般車道間,快慢車道間,路面邊線,事故類型及型態,受傷程度,主要傷處,保護裝備,行動電話或功能裝置,當事者區分(類別),車輛用途,當事者行動狀態,駕照狀態,駕照種類,飲酒情形,車輛撞擊部位最初,車輛撞擊部位其他,肇事因素個別,肇事因素主要,肇事逃逸,職業,共享經濟或外送平台,GPS座標X,GPS座標Y,事故類別,﻿序號
"9480","9481.0","66000",387130000C,(04)23274275,(04)23288582,"2025","10","24","19","25",臺中市,烏日區,"0","1","0","7.0","1.0","6.0","70.0","13.0","8.0","1.0","5.0","4.0","6.0","3.0","4.0","4.0","1.0","4.0","4.0","1.0","11.0","2.0","8.0","4.0","1.0",F01,"7.0","9.0","7.0","21.0","2.0","11.0",,"4.0","4.0","1.0","13.0","4.0",209445.694224362,2667309.8088008,"2.0",
"9530","9531.0","66000",387130000C,(04)23274275,(04)23288582,"2025","10","24","22","25",臺中市,西區,"0","1","0","7.0","1.0","6.0","50.0","13.0","9.0","1.0","5.0","4.0","6.0","6.0","4.0","4.0","5.0","5.0","5.0","2.0","13.0","2.0","7.0","6.0","1.0",F02,"7.0","9.0","7.0","21.0","2.0","11.0",,"84.0","84.0","1.0","13.0","4.0",214560.979345509,2671117.97410898,"2.0",
"9571","9572.0","66000",387130000C,(04)23274275,(04)23288582,"2025","10","25","8","40",臺中市,石岡區,"0","2","0","7.0","2.0","6.0","70.0","13.0","8.0","1.0","5.0","4.0","6.0","6.0","4.0","4.0","1.0","4.0","4.0","1.0","12.0","2.0","9.0","5.0","4.0",F01,"7.0","10.0","7.0","21.0","1.0","14.0",,"40.0","40.0","1.0","13.0","4.0",231094.906259663,2684016.5552697,"2.0",
"9592","9593.0","66000",387130000C,(04)23274275,(04)23288582,"2025","10","25","9","54",臺中市,后里區,"0","1","0","7.0","2.0","6.0","30.0","13.0","9.0","1.0","5.0","4.0","6.0","6.0","4.0","4.0","10.0","5.0","5.0","2.0","18.0","2.0","9.0","1.0","1.0",F01,"7.0","9.0","7.0","21.0","1.0","14.0",,"59.0","59.0","1.0","2.0","4.0",219928.938827754,2688087.97726589,"2.0",
"9627","9628.0","66000",387130000C,(04)23274275,(04)23288582,"2025","10","25","11","15",臺中市,大肚區,"0","0","0","7.0",,,"50.0",,,,,,,,,,,,,,,,,,,F02,,,"7.0",,"2.0",,,"8.0","8.0","1.0","6.0","4.0",120.545841,24.14883,"3.0",
"9653","9654.0","66000",387130000C,(04)23274275,(04)23288582,"2025","10","25","12","16",臺中市,東區,"0","0","0","7.0",,,"25.0",,,,,,,,,,,,,,,,,,,F02,,,"7.0",,"1.0",,,"12.0","12.0","1.0","12.0","4.0",120.689209,24.143254,"3.0",
"9660","9661.0","66000",387130000C,(04)23274275,(04)23288582,"2025","10","25","12","24",臺中市,南屯區,"0","1","0","7.0","2.0","6.0","50.0","3.0","2.0","1.0","5.0","4.0","6.0","6.0","2.0","1.0","5.0","5.0","5.0","2.0","13.0","2.0","8.0","2.0","1.0",F01,"7.0","14.0","7.0","21.0","2.0","12.0",,"59.0","59.0","1.0","12.0","1.0",207630.17622668,2670754.59965983,"2.0",
"9667","9668.0","66000",387130000C,(04)23274275,(04)23288582,"2025","10","25","12","43",臺中市,大甲區,"0","0","0","7.0",,,"50.0",,,,,,,,,,,,,,"12.0",,,,,F01,,,"7.0",,"2.0",,,"43.0","43.0","1.0","3.0","4.0",120.623614,24.344942,"3.0",
"9669","9670.0","66000",387130000C,(04)23274275,(04)23288582,"2025","10","25","12","47",臺中市,大甲區,"0","1","0","7.0","2.0","6.0","50.0","4.0","1.0","1.0","5.0","4.0","6.0","6.0","4.0","4.0","10.0","5.0","5.0","2.0","15.0","2.0","9.0","4.0","1.0",F01,"7.0","9.0","7.0","21.0","2.0","12.0",,"15.0","15.0","1.0","6.0","4.0",214002.407721099,2700160.32508743,"2.0",
"9695","9696.0","66000",387130000C,(04)23274275,(04)23288582,"2025","10","25","13","53",臺中市,南區,"0","1","0","7.0","2.0","6.0","30.0","13.0","9.0","1.0","5.0","4.0","6.0","6.0","4.0","4.0","10.0","5.0","5.0","2.0","18.0","2.0","9.0","1.0","1.0",F01,"7.0","9.0","7.0","21.0","1.0","14.0",,"84.0","84.0","1.0","13.0","4.0",216064.587431969,2669115.47614651,"2.0",
"9706","9707.0","66000",387130000C,(04)23274275,(04)23288582,"2025","10","25","14","4",臺中市,太平區,"0","1","0","7.0","2.0","6.0","50.0","13.0","9.0","1.0","5.0","4.0","6.0","6.0","4.0","4.0","1.0","2.0","5.0","2.0","17.0","2.0","8.0","5.0","4.0",F02,"7.0","9.0","7.0","21.0","2.0","11.0","12.0","84.0","84.0","1.0","13.0","4.0",221467.826004561,2670331.63099353,"2.0",
"9722","9723.0","66000",387130000C,(04)23274275,(04)23288582,"2025","10","25","14","37",臺中市,南區,"0","1","0","7.0","2.0","6.0","50.0","13.0","9.0","1.0","5.0","4.0","6.0","6.0","4.0","4.0","5.0","5.0","5.0","2.0","30.0","2.0","7.0","4.0","1.0",F01,"7.0","9.0","7.0","21.0","2.0","11.0",,"59.0","59.0","1.0","12.0","1.0",214941.335332564,2668871.3320041,"2.0",
"9774","9775.0","66000",387130000C,(04)23274275,(04)23288582,"2025","10","25","17","26",臺中市,北屯區,"0","2","0","7.0","1.0","6.0","50.0","4.0","1.0","1.0","5.0","4.0","6.0","6.0","2.0","1.0","10.0","5.0","5.0","2.0","15.0","2.0","9.0","1.0","1.0",F02,"7.0","9.0","7.0","21.0","2.0","11.0",,"21.0","21.0","1.0","6.0","4.0",222900.97284242,2672896.58214769,"2.0",
"9866","9867.0","66000",387130000C,(04)23274275,(04)23288582,"2025","10","25","21","45",臺中市,后里區,"0","0","0","7.0",,,"50.0",,,,,,,,,,,,,,"13.0",,,,,F01,,,"7.0",,"2.0",,,"59.0","59.0","1.0","12.0","4.0",120.719454,24.309217,"3.0",
"9870","9871.0","66000",387130000C,(04)23274275,(04)23288582,"2025","10","25","21","56",臺中市,大里區,"0","0","0","7.0",,,"40.0",,,,,,,,,,,,,,,,,,,F01,,,"7.0",,"8.0",,,"26.0","26.0","1.0","13.0","4.0",120.717589,24.100861,"3.0",
"9896","9897.0","66000",387130000C,(04)23274275,(04)23288582,"2025","10","25","23","55",臺中市,北區,"0","0","0","7.0",,,"30.0",,,,,,,,,,,,,,"17.0",,,,,F01,,,"1.0",,"9.0",,,"84.0","84.0","1.0","13.0","4.0",120.667414,24.163459,"3.0",
"9962","9963.0","66000",387130000C,(04)23274275,(04)23288582,"2025","10","26","10","21",臺中市,大甲區,"0","1","0","7.0","3.0","6.0","60.0","4.0","1.0","1.0","5.0","4.0","6.0","6.0","1.0","1.0","1.0","5.0","5.0","2.0","18.0","2.0","9.0","1.0","1.0",F01,"7.0","9.0","7.0","21.0","2.0","11.0",,"84.0","84.0","1.0","6.0","4.0",212232.523889553,2702581.09986966,"2.0",
"9977","9978.0","66000",387130000C,(04)23274275,(04)23288582,"2025","10","26","11","11",臺中市,南屯區,"0","0","0","7.0","3.0","6.0","50.0","13.0","9.0","1.0","5.0","4.0","6.0","6.0","4.0","4.0","5.0","4.0","5.0","2.0","12.0",,,,,F01,,,"7.0",,"1.0",,,"56.0","56.0","1.0","12.0","4.0",120.647823,24.134621,"3.0",
"10043","10044.0","66000",387130000C,(04)23274275,(04)23288582,"2025","10","26","15","11",臺中市,東區,"0","0","0","7.0",,,"50.0",,,,,,,,,,,,,,,,,,,F01,,,"7.0",,"2.0",,,"84.0","84.0","1.0","13.0","1.0",120.686157,24.142053,"3.0",
"10051","10052.0","66000",387130000C,(04)23274275,(04)23288582,"2025","10","26","15","41",臺中市,梧棲區,"0","0","1","7.0","2.0","6.0","30.0","4.0","1.0","1.0","5.0","4.0","6.0","6.0","1.0","1.0","10.0","5.0","5.0","2.0","16.0","5.0","4.0","4.0","1.0",F02,"7.0","6.0","7.0","21.0","2.0","14.0",,"23.0","23.0","1.0","12.0","4.0",120.558766,24.253178,"2.0",
"10054","10055.0","66000",387130000C,(04)23274275,(04)23288582,"2025","10","26","15","45",臺中市,沙鹿區,"0","0","0","7.0",,,"30.0",,,,,,,,,,,,,,"12.0",,,,,F01,,,"7.0",,"1.0",,,"59.0","59.0","1.0","13.0","4.0",120.567988,24.254375,"4.0",
"10146","10147.0","66000",387130000C,(04)23274275,(04)23288582,"2025","10","26","19","55",臺中市,太平區,"0","2","0","7.0","1.0","6.0","50.0","4.0","1.0","1.0","5.0","4.0","6.0","6.0","2.0","1.0","10.0","5.0","5.0","2.0","17.0","3.0","10.0","5.0","4.0",F01,"7.0","9.0","7.0","21.0","2.0","14.0","11.0","21.0","21.0","1.0","13.0","4.0",120.715106,24.138335,"2.0",
"10258","10259.0","66000",387130000C,(04)23274275,(04)23288582,"2025","10","27","9","10",臺中市,豐原區,"0","1","0","7.0","2.0","6.0","60.0","3.0","1.0","1.0","5.0","4.0","6.0","6.0","1.0","1.0","1.0","4.0","4.0","2.0","16.0","2.0","9.0","4.0","1.0",F01,"7.0","6.0","7.0","21.0","2.0","14.0",,"36.0","36.0","1.0","12.0","4.0",221277.57949184,2684297.32329977,"2.0",
"10277","10278.0","66000",387130000C,(04)23274275,(04)23288582,"2025","10","27","10","6",臺中市,西屯區,"0","1","0","7.0","2.0","6.0","30.0","3.0","1.0","1.0","5.0","4.0","6.0","6.0","4.0","4.0","9.0","5.0","4.0","2.0","17.0","2.0","7.0","6.0","1.0",F01,"7.0","6.0","7.0","21.0","2.0","11.0",,"38.0","38.0","1.0","12.0","4.0",214769.324449849,2674566.48027887,"2.0",
"10499","10500.0","66000",387130000C,(04)23274275,(04)23288582,"2025","10","27","18","43",臺中市,南區,"0","2","0","7.0","1.0","6.0","40.0","13.0","12.0","1.0","4.0","4.0","6.0","6.0","4.0","4.0","9.0","5.0","4.0","2.0","17.0","2.0","9.0","5.0","4.0",F01,"7.0","21.0","7.0","21.0","8.0","15.0",,"85.0","85.0","1.0","13.0","4.0",215468.241106868,2669784.40523424,"2.0",
"10578","10579.0","66000",387130000C,(04)23274275,(04)23288582,"2025","10","28","5","9",臺中市,北屯區,"0","1","0","5.0","1.0","6.0","30.0","15.0","9.0","1.0","4.0","4.0","6.0","6.0","4.0","4.0","10.0","5.0","5.0","2.0","18.0","2.0","9.0","4.0","1.0",F01,"7.0","9.0","7.0","21.0","1.0","12.0",,"84.0","84.0","1.0","12.0","4.0",218715.439908195,2675307.92009185,"2.0",
"10598","10599.0","66000",387130000C,(04)23274275,(04)23288582,"2025","10","28","7","10",臺中市,大里區,"0","1","0","6.0","2.0","6.0","50.0","3.0","9.0","1.0","5.0","4.0","6.0","6.0","4.0","4.0","9.0","5.0","5.0","1.0","13.0","2.0","9.0","6.0","1.0",F01,"7.0","9.0","7.0","21.0","2.0","11.0",,"7.0","7.0","1.0","13.0","1.0",218859.069532596,2665115.32708383,"2.0",
"10932","10933.0","66000",387130000C,(04)23274275,(04)23288582,"2025","10","28","17","20",臺中市,豐原區,"0","1","0","6.0","2.0","6.0","50.0","13.0","7.0","1.0","5.0","4.0","6.0","6.0","4.0","4.0","9.0","5.0","4.0","2.0","17.0","2.0","9.0","4.0","1.0",F02,"7.0","1.0","7.0","21.0","2.0","12.0",,"51.0","51.0","1.0","13.0","4.0",221886.762344387,2682905.3852708,"2.0",
"11051","11052.0","66000",387130000C,(04)23274275,(04)23288582,"2025","10","28","20","50",臺中市,南區,"0","2","0","7.0","1.0","6.0","50.0","4.0","1.0","1.0","5.0","4.0","6.0","6.0","2.0","1.0","5.0","5.0","5.0","2.0","12.0","2.0","9.0","4.0","1.0",F01,"7.0","6.0","7.0","21.0","2.0","14.0",,"48.0","48.0","1.0","12.0","1.0",216757.497266877,2669597.82363178,"2.0",
"11065","11066.0","66000",387130000C,(04)23274275,(04)23288582,"2025","10","28","21","57",臺中市,大雅區,"0","2","0","5.0","1.0","6.0","50.0","3.0","9.0","1.0","4.0","4.0","6.0","6.0","4.0","4.0","9.0","5.0","5.0","2.0","16.0","2.0","9.0","5.0","1.0",F01,"7.0","11.0","7.0","21.0","2.0","14.0",,"45.0","45.0","1.0","13.0","4.0",212676.212191489,2680032.68781351,"2.0",
"11067","11068.0","66000",387130000C,(04)23274275,(04)23288582,"2025","10","28","22","20",臺中市,西區,"0","0","0","5.0",,,"50.0",,,,,,,,,,,,,,"12.0",,,,,F01,,,"7.0",,"9.0",,,"84.0","84.0","1.0","12.0","4.0",120.669648,24.134795,"3.0",
"11285","11286.0","66000",387130000C,(04)23274275,(04)23288582,"2025","10","29","13","13",臺中市,南屯區,"0","0","0","7.0",,,"50.0",,,,,,,,,,,,,,"14.0",,,,,F01,,,"1.0",,"1.0",,,"59.0","59.0","1.0","13.0","4.0",120.637438,24.151077,"3.0",
"11334","11335.0","66000",387130000C,(04)23274275,(04)23288582,"2025","10","29","15","57",臺中市,大里區,"0","2","0","7.0","2.0","6.0","50.0","13.0","9.0","1.0","5.0","4.0","6.0","6.0","4.0","4.0","9.0","5.0","5.0","1.0","2.0","2.0","9.0","1.0","1.0",F01,"7.0","9.0","7.0","21.0","2.0","11.0",,"84.0","84.0","1.0","4.0","4.0",219654.250861307,2664402.04583746,"2.0",
"11360","11361.0","66000",387130000C,(04)23274275,(04)23288582,"2025","10","29","17","8",臺中市,西區,"0","1","0","7.0","2.0","6.0","50.0","13.0","9.0","1.0","5.0","4.0","6.0","6.0","4.0","4.0","5.0","4.0","5.0","2.0","18.0","2.0","9.0","4.0","1.0",F01,"7.0","9.0","7.0","21.0","2.0","14.0",,"84.0","84.0","1.0","13.0","4.0",216701.092189817,2670078.17125211,"2.0",
"11472","11473.0","66000",387130000C,(04)23274275,(04)23288582,"2025","10","29","20","14",臺中市,太平區,"0","1","0","7.0","1.0","6.0","50.0","4.0","1.0","1.0","5.0","4.0","6.0","6.0","1.0","1.0","10.0","5.0","5.0","2.0","16.0","2.0","9.0","4.0","1.0",F02,"7.0","6.0","7.0","21.0","2.0","14.0",,"48.0","48.0","1.0","12.0","4.0",221669.942759724,2666275.11245504,"2.0",
"11505","11506.0","66000",387130000C,(04)23274275,(04)23288582,"2025","10","29","22","53",臺中市,南區,"0","1","0","7.0","1.0","6.0","50.0","4.0","1.0","1.0","5.0","4.0","6.0","6.0","3.0","1.0","10.0","5.0","5.0","2.0","18.0","2.0","9.0","2.0","1.0",F01,"7.0","9.0","7.0","21.0","2.0","14.0",,"6.0","6.0","1.0","13.0","1.0",215119.681872391,2668439.40873366,"2.0",
"11568","11569.0","66000",387130000C,(04)23274275,(04)23288582,"2025","10","30","8","13",臺中市,東區,"0","1","0","7.0","1.0","6.0","50.0","4.0","1.0","1.0","5.0","4.0","6.0","6.0","1.0","1.0","9.0","4.0","5.0","2.0","12.0","2.0","9.0","1.0","1.0",F01,"7.0","6.0","7.0","21.0","2.0","14.0",,"7.0","7.0","1.0","12.0","4.0",219153.587521878,2669145.33316815,"2.0",
"11575","11576.0","66000",387130000C,(04)23274275,(04)23288582,"2025","10","30","8","30",臺中市,外埔區,"0","1","0","7.0","3.0","6.0","40.0","3.0","1.0","1.0","5.0","4.0","6.0","6.0","4.0","4.0","10.0","5.0","5.0","1.0","3.0","3.0","10.0","6.0","1.0",F01,"7.0","9.0","7.0","21.0","2.0","11.0",,"84.0","84.0","1.0","12.0","4.0",120.669117,24.319869,"2.0",
"11788","11789.0","66000",387130000C,(04)23274275,(04)23288582,"2025","10","30","17","57",臺中市,豐原區,"0","1","0","7.0","2.0","6.0","40.0","13.0","7.0","1.0","5.0","4.0","6.0","6.0","4.0","4.0","5.0","5.0","4.0","2.0","11.0","4.0","11.0","5.0","4.0",F01,"7.0","11.0","7.0","21.0","2.0","14.0",,"4.0","4.0","1.0","13.0","4.0",120.726388,24.255734,"2.0",
"11852","11853.0","66000",387130000C,(04)23274275,(04)23288582,"2025","10","30","21","30",臺中市,南屯區,"0","1","0","7.0","2.0","6.0","40.0","13.0","8.0","1.0","5.0","4.0","6.0","6.0","4.0","4.0","9.0","4.0","4.0","2.0","18.0","2.0","9.0","1.0","1.0",F01,"7.0","9.0","7.0","21.0","2.0","14.0",,"59.0","59.0","1.0","12.0","4.0",209615.270421422,2670505.84087913,"2.0",
"11878","11879.0","66000",387130000C,(04)23274275,(04)23288582,"2025","10","31","7","10",臺中市,清水區,"0","2","0","7.0","3.0","6.0","50.0","3.0","1.0","1.0","5.0","4.0","6.0","6.0","4.0","4.0","5.0","5.0","5.0","2.0","16.0","2.0","9.0","6.0","1.0",F01,"7.0","6.0","7.0","21.0","2.0","14.0",,"14.0","14.0","1.0","13.0","4.0",205391.951404209,2684924.69049068,"2.0",
"12174","12175.0","66000",387130000C,(04)23274275,(04)23288582,"2025","10","31","16","27",臺中市,北屯區,"0","1","0","7.0","2.0","6.0","40.0","13.0","8.0","1.0","5.0","4.0","6.0","6.0","4.0","4.0","5.0","5.0","4.0","2.0","17.0","2.0","8.0","6.0","1.0",F02,"7.0","9.0","7.0","21.0","1.0","11.0",,"58.0","58.0","1.0","2.0","1.0",216639.326068061,2675246.96684962,"2.0",
"12261","12262.0","66000",387130000C,(04)23274275,(04)23288582,"2025","10","31","18","10",臺中市,豐原區,"0","1","0","7.0","1.0","6.0","30.0","5.0","1.0","1.0","5.0","4.0","6.0","1.0","4.0","4.0","10.0","5.0","5.0","2.0","17.0","2.0","9.0","5.0","4.0",F01,"7.0","15.0","7.0","21.0","2.0","11.0",,"85.0","85.0","1.0","13.0","4.0",221485.225558004,2683595.84169224,"2.0",
"12268","12269.0","66000",387130000C,(04)23274275,(04)23288582,"2025","10","31","18","21",臺中市,西區,"0","1","0","7.0","1.0","6.0","1.0","4.0","1.0","1.0","5.0","4.0","6.0","6.0","1.0","1.0","10.0","5.0","5.0","2.0","16.0","2.0","9.0","5.0","4.0",F01,"7.0","1.0","7.0","21.0","2.0","12.0",,"51.0","51.0","1.0","12.0","4.0",216516.449166554,2670480.07645268,"2.0",
"12279","12280.0","66000",387130000C,(04)23274275,(04)23288582,"2025","10","31","18","31",臺中市,太平區,"0","1","0","7.0","1.0","6.0","30.0","13.0","9.0","1.0","5.0","4.0","6.0","6.0","4.0","4.0","10.0","5.0","5.0","2.0","13.0","2.0","7.0","1.0","1.0",F01,"7.0","9.0","7.0","21.0","2.0","11.0",,"7.0","7.0","1.0","12.0","4.0",221858.219220822,2668693.85345354,"2.0",
"82",,"66000",387130000C,(04)23274275,(04)23288582,"2025","7","1","9","0",臺中市,北屯區,"0","0","0","7.0",,,"40.0",,,,,,,,,,,,,,,,,,,F02,,,"7.0",,"1.0",,,"84.0","84.0","1.0","12.0","4.0",120.733804,24.161411,"3.0","83.0"
"269",,"66000",387130000C,(04)23274275,(04)23288582,"2025","7","1","16","39",臺中市,西屯區,"0","1","0","7.0","2.0","6.0","30.0","3.0","1.0","1.0","5.0","4.0","6.0","6.0","4.0","4.0","10.0","5.0","5.0","2.0","16.0","2.0","8.0","5.0","4.0",F01,"7.0","6.0","7.0","21.0","2.0","14.0",,"12.0","12.0","1.0","12.0","4.0",214451.677656382,2675325.92107493,"2.0","270.0"
"285",,"66000",387130000C,(04)23274275,(04)23288582,"2025","7","1","17","21",臺中市,東區,"0","0","0","7.0",,,"40.0",,,,,,,,,,,,,,,,,,,F01,,,"7.0",,"9.0",,,"50.0","50.0","1.0","13.0","1.0",120.688508,24.134644,"3.0","286.0"
"372",,"66000",387130000C,(04)23274275,(04)23288582,"2025","7","1","22","30",臺中市,西屯區,"0","0","0","7.0",,,"50.0",,,,,,,,,,,,,,"12.0",,,,,F01,,,"7.0",,"2.0",,,"8.0","8.0","1.0","13.0","4.0",120.652786,24.166476,"3.0","373.0"
"384",,"66000",387130000C,(04)23274275,(04)23288582,"2025","7","2","0","38",臺中市,中區,"0","1","0","7.0","1.0","6.0","50.0","4.0","2.0","1.0","5.0","2.0","6.0","6.0","4.0","4.0","10.0","4.0","5.0","2.0","18.0","2.0","9.0","1.0","1.0",F02,"7.0","9.0","7.0","21.0","2.0","14.0",,"84.0","84.0","1.0","6.0","4.0",217122.155730543,2670819.55641044,"2.0","385.0"
"490",,"66000",387130000C,(04)23274275,(04)23288582,"2025","7","2","9","45",臺中市,豐原區,"0","1","0","7.0","2.0","6.0","50.0","3.0","2.0","1.0","5.0","4.0","6.0","6.0","1.0","1.0","10.0","5.0","5.0","2.0","17.0","2.0","9.0","4.0","1.0",F01,"7.0","9.0","7.0","21.0","2.0","12.0",,"59.0","59.0","1.0","13.0","4.0",223651.110658828,2683353.52906645,"2.0","491.0"
"561",,"66000",387130000C,(04)23274275,(04)23288582,"2025","7","2","12","20",臺中市,西屯區,"0","2","0","7.0","2.0","6.0","50.0","4.0","1.0","1.0","5.0","4.0","6.0","6.0","2.0","1.0","5.0","4.0","5.0","2.0","16.0","2.0","9.0","5.0","4.0",F01,"7.0","6.0","7.0","21.0","2.0","13.0",,"48.0","48.0","1.0","13.0","1.0",214070.537583397,2673661.39407465,"2.0","562.0"
"578",,"66000",387130000C,(04)23274275,(04)23288582,"2025","7","2","13","9",臺中市,北屯區,"0","2","0","7.0","1.0","6.0","50.0","13.0","8.0","1.0","5.0","4.0","6.0","6.0","4.0","4.0","3.0","4.0","4.0","2.0","12.0","2.0","9.0","6.0","1.0",F01,"7.0","10.0","7.0","21.0","2.0","14.0",,"40.0","40.0","1.0","13.0","4.0",218100.704054175,2674781.99925419,"2.0","579.0"
"613",,"66000",387130000C,(04)23274275,(04)23288582,"2025","7","2","15","3",臺中市,潭子區,"0","1","0","7.0","2.0","6.0","30.0","11.0","9.0","1.0","5.0","4.0","6.0","6.0","4.0","4.0","1.0","5.0","5.0","2.0","17.0","2.0","9.0","5.0","4.0",F01,"7.0","9.0","7.0","21.0","2.0","12.0",,"84.0","84.0","1.0","13.0","1.0",218921.850345442,2679142.46381135,"2.0","614.0"
"627",,"66000",387130000C,(04)23274275,(04)23288582,"2025","7","2","15","35",臺中市,大雅區,"0","1","0","7.0","2.0","6.0","40.0","13.0","8.0","1.0","5.0","4.0","6.0","6.0","4.0","4.0","1.0","4.0","4.0","1.0","13.0","2.0","9.0","4.0","1.0",F02,"7.0","9.0","7.0","21.0","2.0","11.0",,"84.0","84.0","1.0","13.0","4.0",213317.851578295,2680797.53287063,"2.0","628.0"
"665",,"66000",387130000C,(04)23274275,(04)23288582,"2025","7","2","16","36",臺中市,清水區,"0","2","0","7.0","2.0","6.0","50.0","5.0","2.0","1.0","5.0","4.0","6.0","6.0","1.0","1.0","8.0","3.0","5.0","1.0","17.0","2.0","9.0","1.0","1.0",F01,"7.0","6.0","7.0","21.0","2.0","14.0",,"48.0","48.0","1.0","12.0","4.0",204016.189208957,2684329.02587315,"2.0","666.0"
"726",,"66000",387130000C,(04)23274275,(04)23288582,"2025","7","2","17","48",臺中市,西屯區,"0","0","0","7.0",,,"50.0",,,,,,,,,,,,,,"17.0",,,,,F01,,,"7.0",,"1.0",,,"8.0","8.0","1.0","13.0","1.0",120.638016,24.18089,"3.0","727.0"
"747",,"66000",387130000C,(04)23274275,(04)23288582,"2025","7","2","18","15",臺中市,大甲區,"0","1","0","7.0","3.0","6.0","70.0","8.0","14.0","1.0","5.0","4.0","6.0","6.0","4.0","4.0","1.0","4.0","4.0","1.0","18.0","2.0","9.0","4.0","4.0",F01,"7.0","9.0","7.0","21.0","2.0","15.0",,"84.0","84.0","1.0","3.0","4.0",213987.147435032,2696177.72750775,"2.0","748.0"
"758",,"66000",387130000C,(04)23274275,(04)23288582,"2025","7","2","18","46",臺中市,霧峰區,"0","1","0","7.0","2.0","6.0","40.0","13.0","8.0","1.0","5.0","4.0","6.0","6.0","4.0","4.0","5.0","5.0","4.0","1.0","17.0","2.0","9.0","5.0","4.0",F01,"7.0","9.0","7.0","21.0","2.0","11.0",,"84.0","84.0","1.0","13.0","4.0",219445.527910232,2663080.35985309,"2.0","759.0"
"898",,"66000",387130000C,(04)23274275,(04)23288582,"2025","7","3","9","11",臺中市,北屯區,"0","0","0","7.0",,,"50.0",,,,,,,,,,,,,,,,,,,F01,,,"7.0",,"2.0",,,"26.0","26.0","1.0","12.0","4.0",120.683524,24.174859,"3.0","899.0"
"912",,"66000",387130000C,(04)23274275,(04)23288582,"2025","7","3","10","0",臺中市,大雅區,"0","1","0","7.0","3.0","6.0","50.0","13.0","9.0","1.0","5.0","4.0","6.0","6.0","4.0","4.0","5.0","2.0","5.0","1.0","17.0","2.0","9.0","1.0","1.0",F02,"7.0","1.0","7.0","21.0","2.0","14.0",,"51.0","51.0","1.0","12.0","4.0",214594.669200494,2680311.18412631,"2.0","913.0"
"975",,"66000",387130000C,(04)23274275,(04)23288582,"2025","7","3","12","52",臺中市,大里區,"0","0","0","7.0",,,"50.0",,,,,,,,,,,,,,"11.0",,,,,F01,,,"7.0",,"1.0",,,"4.0","4.0","1.0","13.0","4.0",120.691797,24.109751,"3.0","976.0"
"1010",,"66000",387130000C,(04)23274275,(04)23288582,"2025","7","3","14","55",臺中市,西屯區,"0","2","0","7.0","2.0","6.0","50.0","13.0","9.0","1.0","5.0","4.0","6.0","6.0","4.0","4.0","9.0","5.0","5.0","2.0","12.0","2.0","9.0","1.0","2.0",F02,"7.0","1.0","7.0","21.0","2.0","14.0",,"51.0","51.0","1.0","12.0","4.0",211360.871838232,2675307.07664751,"2.0","1011.0"
"1035",,"66000",387130000C,(04)23274275,(04)23288582,"2025","7","3","16","0",臺中市,豐原區,"0","1","0","7.0","2.0","6.0","0.0","18.0","21.0","2.0","5.0","4.0","6.0","6.0","4.0","4.0","10.0","5.0","5.0","2.0","17.0","2.0","9.0","6.0","1.0",F02,"7.0","15.0","7.0","21.0","2.0","12.0",,"84.0","84.0","1.0","13.0","4.0",222893.340654845,2682837.85802666,"2.0","1036.0"
"1037",,"66000",387130000C,(04)23274275,(04)23288582,"2025","7","3","16","4",臺中市,大雅區,"0","1","0","7.0","2.0","6.0","60.0","13.0","9.0","1.0","5.0","4.0","6.0","6.0","4.0","4.0","10.0","4.0","5.0","1.0","12.0","2.0","9.0","6.0","1.0",F01,"7.0","9.0","7.0","21.0","2.0","11.0",,"84.0","84.0","1.0","13.0","4.0",215602.59929862,2680777.73979814,"2.0","1038.0"
"1095",,"66000",387130000C,(04)23274275,(04)23288582,"2025","7","3","17","56",臺中市,西屯區,"0","2","0","7.0","3.0","6.0","50.0","3.0","1.0","1.0","5.0","4.0","6.0","6.0","4.0","4.0","10.0","5.0","5.0","2.0","13.0","2.0","8.0","5.0","4.0",F01,"7.0","9.0","7.0","21.0","2.0","11.0",,"59.0","59.0","1.0","13.0","4.0",215910.440773763,2674056.45560772,"2.0","1096.0"
"1136",,"66000",387130000C,(04)23274275,(04)23288582,"2025","7","3","20","24",臺中市,太平區,"0","1","0","7.0","1.0","6.0","50.0","4.0","1.0","1.0","5.0","4.0","6.0","6.0","2.0","1.0","10.0","5.0","5.0","2.0","18.0","2.0","9.0","4.0","1.0",F01,"7.0","9.0","7.0","21.0","2.0","16.0",,"84.0","84.0","1.0","12.0","4.0",221084.151937043,2671879.92325271,"2.0","1137.0"