field_1,序號,縣市別代碼,機關代碼,市話,傳真,年,月,日,時,分,縣市,區,死亡數量,受傷數量,2-30,天候,道路照明設備,道路類別,道路速限,道路型態,事故位置,路面鋪裝,路面狀態,路面缺陷,障礙物,視距,號誌種類,號誌動作,分向設施,快車道或一般車道間,快慢車道間,路面邊線,事故類型及型態,受傷程度,主要傷處,保護裝備,行動電話或功能裝置,當事者區分(類別),車輛用途,當事者行動狀態,駕照狀態,駕照種類,飲酒情形,車輛撞擊部位最初,車輛撞擊部位其他,肇事因素個別,肇事因素主要,肇事逃逸,職業,共享經濟或外送平台,GPS座標X,GPS座標Y,事故類別,﻿序號
"1207",,"66000",387130000C,(04)23274275,(04)23288582,"2025","7","4","7","52",臺中市,大甲區,"0","1","0","7.0","2.0","6.0","30.0","3.0","2.0","1.0","5.0","4.0","6.0","6.0","4.0","4.0","10.0","5.0","5.0","1.0","16.0","2.0","9.0","2.0","1.0",F01,"7.0","5.0","7.0","21.0","2.0","11.0",,"14.0","14.0","1.0","3.0","4.0",211413.288790389,2693221.52026813,"2.0","1208.0"
"1457",,"66000",387130000C,(04)23274275,(04)23288582,"2025","7","4","16","17",臺中市,后里區,"0","3","0","7.0","2.0","6.0","50.0","4.0","1.0","1.0","5.0","4.0","6.0","6.0","1.0","1.0","5.0","2.0","4.0","1.0","15.0","2.0","9.0","6.0","1.0",F01,"7.0","10.0","7.0","21.0","10.0","12.0",,"4.0","4.0","1.0","6.0","4.0",221375.967404418,2689313.22226491,"2.0","1458.0"
"1718",,"66000",387130000C,(04)23274275,(04)23288582,"2025","7","5","9","44",臺中市,潭子區,"0","2","0","7.0","2.0","6.0","50.0","4.0","1.0","1.0","5.0","4.0","6.0","6.0","4.0","4.0","5.0","5.0","5.0","2.0","16.0","2.0","9.0","6.0","1.0",F01,"7.0","6.0","7.0","21.0","1.0","11.0",,"48.0","48.0","1.0","13.0","4.0",220340.416145982,2678812.59887398,"2.0","1719.0"
"1804",,"66000",387130000C,(04)23274275,(04)23288582,"2025","7","5","12","42",臺中市,太平區,"0","1","0","7.0","3.0","6.0","30.0","4.0","1.0","1.0","5.0","4.0","6.0","6.0","4.0","4.0","10.0","5.0","5.0","2.0","15.0","2.0","9.0","4.0","1.0",F01,"7.0","9.0","7.0","21.0","2.0","11.0",,"12.0","12.0","1.0","4.0","4.0",221628.956359749,2668259.39197243,"2.0","1805.0"
"1839",,"66000",387130000C,(04)23274275,(04)23288582,"2025","7","5","14","20",臺中市,南屯區,"0","1","0","7.0","2.0","6.0","50.0","13.0","9.0","1.0","5.0","4.0","6.0","6.0","4.0","4.0","5.0","4.0","5.0","2.0","17.0","3.0","10.0","2.0","1.0",F01,"7.0","6.0","7.0","21.0","2.0","16.0",,"85.0","85.0","1.0","12.0","4.0",120.603027,24.159499,"2.0","1840.0"
"2197",,"66000",387130000C,(04)23274275,(04)23288582,"2025","7","6","17","3",臺中市,豐原區,"0","1","0","6.0","2.0","6.0","50.0","13.0","9.0","1.0","5.0","4.0","6.0","6.0","4.0","4.0","9.0","5.0","5.0","1.0","17.0","2.0","1.0","6.0","4.0",F01,"7.0","9.0","7.0","21.0","1.0","12.0",,"59.0","59.0","1.0","12.0","4.0",222797.372640878,2682780.56171709,"2.0","2198.0"
"2214",,"66000",387130000C,(04)23274275,(04)23288582,"2025","7","6","18","3",臺中市,北區,"0","0","0","7.0",,,"40.0",,,,,,,,,,,,,,"17.0",,,,,F01,,,"7.0",,"1.0",,,"8.0","8.0","1.0","13.0","4.0",120.683762,24.14837,"3.0","2215.0"
"2296",,"66000",387130000C,(04)23274275,(04)23288582,"2025","7","7","9","14",臺中市,烏日區,"0","2","0","5.0","3.0","6.0","30.0","3.0","1.0","1.0","4.0","4.0","6.0","6.0","4.0","4.0","10.0","5.0","5.0","2.0","16.0","2.0","9.0","4.0","1.0",F01,"7.0","6.0","7.0","21.0","2.0","14.0",,"48.0","48.0","1.0","12.0","4.0",213350.516470138,2666590.43116476,"2.0","2297.0"
"2351",,"66000",387130000C,(04)23274275,(04)23288582,"2025","7","7","15","27",臺中市,東區,"0","3","0","7.0","2.0","6.0","50.0","4.0","1.0","1.0","5.0","4.0","6.0","6.0","2.0","1.0","10.0","5.0","5.0","2.0","16.0","3.0","10.0","6.0","1.0",F01,"7.0","6.0","7.0","21.0","2.0","11.0",,"48.0","48.0","1.0","12.0","4.0",120.6956,24.141278,"2.0","2352.0"
"2702",,"66000",387130000C,(04)23274275,(04)23288582,"2025","7","8","15","0",臺中市,大里區,"0","2","0","7.0","2.0","6.0","50.0","4.0","1.0","1.0","5.0","4.0","6.0","6.0","1.0","1.0","10.0","5.0","5.0","2.0","16.0","2.0","9.0","4.0","1.0",F01,"7.0","1.0","7.0","21.0","2.0","11.0",,"51.0","51.0","1.0","2.0","4.0",220417.982826476,2664175.95295999,"2.0","2703.0"
"2849",,"66000",387130000C,(04)23274275,(04)23288582,"2025","7","8","21","19",臺中市,太平區,"0","1","0","7.0","1.0","6.0","50.0","13.0","9.0","1.0","5.0","4.0","6.0","6.0","4.0","4.0","5.0","4.0","5.0","1.0","17.0","2.0","9.0","4.0","1.0",F01,"7.0","9.0","7.0","21.0","2.0","12.0",,"59.0","59.0","1.0","13.0","4.0",221199.905530667,2669219.35005094,"2.0","2850.0"
"2961",,"66000",387130000C,(04)23274275,(04)23288582,"2025","7","9","8","57",臺中市,大里區,"0","1","0","5.0","3.0","6.0","40.0","4.0","2.0","1.0","4.0","4.0","6.0","6.0","4.0","4.0","5.0","4.0","4.0","1.0","1.0","3.0","10.0","6.0","1.0",F01,"7.0","9.0","7.0","21.0","2.0","11.0",,"83.0","83.0","1.0","12.0","4.0",120.703008,24.089136,"2.0","2962.0"
"3575",,"66000",387130000C,(04)23274275,(04)23288582,"2025","7","10","15","26",臺中市,神岡區,"0","2","0","6.0","1.0","6.0","50.0","5.0","1.0","1.0","5.0","4.0","6.0","6.0","1.0","1.0","10.0","5.0","5.0","1.0","16.0","2.0","9.0","1.0","1.0",F01,"7.0","5.0","7.0","21.0","2.0","14.0",,"47.0","47.0","1.0","12.0","4.0",215541.480446464,2684960.24373008,"2.0","3576.0"
"3635",,"66000",387130000C,(04)23274275,(04)23288582,"2025","7","10","17","25",臺中市,北屯區,"0","2","0","7.0","3.0","6.0","30.0","13.0","9.0","1.0","5.0","4.0","6.0","6.0","4.0","4.0","10.0","5.0","5.0","2.0","12.0","2.0","9.0","4.0","1.0",F01,"7.0","6.0","7.0","21.0","1.0","14.0",,"48.0","48.0","1.0","3.0","4.0",219187.242001273,2674828.88650773,"2.0","3636.0"
"3943",,"66000",387130000C,(04)23274275,(04)23288582,"2025","7","11","12","11",臺中市,南區,"0","2","0","7.0","2.0","6.0","50.0","3.0","1.0","1.0","5.0","4.0","6.0","6.0","1.0","1.0","9.0","4.0","4.0","2.0","17.0","2.0","9.0","6.0","1.0",F01,"7.0","9.0","7.0","21.0","2.0","15.0",,"7.0","7.0","1.0","12.0","4.0",217497.691610708,2668418.28174287,"2.0","3944.0"
"4223",,"66000",387130000C,(04)23274275,(04)23288582,"2025","7","12","6","31",臺中市,太平區,"0","1","0","7.0","2.0","6.0","30.0","11.0","9.0","1.0","4.0","4.0","6.0","6.0","4.0","4.0","10.0","5.0","5.0","1.0","18.0","2.0","9.0","5.0","4.0",F01,"7.0","9.0","7.0","21.0","2.0","16.0",,"59.0","59.0","1.0","6.0","4.0",227993.23996185,2672249.76017801,"2.0","4224.0"
"4253",,"66000",387130000C,(04)23274275,(04)23288582,"2025","7","12","8","56",臺中市,北屯區,"0","1","0","7.0","2.0","6.0","30.0","4.0","1.0","1.0","5.0","4.0","6.0","6.0","4.0","4.0","10.0","5.0","5.0","2.0","16.0","2.0","9.0","6.0","4.0",F01,"7.0","5.0","7.0","21.0","2.0","14.0",,"12.0","12.0","1.0","12.0","4.0",216509.260317298,2675756.39816413,"2.0","4254.0"
"4265",,"66000",387130000C,(04)23274275,(04)23288582,"2025","7","12","9","50",臺中市,大里區,"0","1","0","7.0","2.0","6.0","40.0","13.0","9.0","1.0","5.0","4.0","6.0","6.0","4.0","4.0","10.0","5.0","5.0","2.0","16.0","2.0","9.0","4.0","1.0",F01,"7.0","15.0","7.0","21.0","2.0","11.0",,"84.0","84.0","1.0","12.0","4.0",217223.075325078,2666311.88220158,"2.0","4266.0"
"4290",,"66000",387130000C,(04)23274275,(04)23288582,"2025","7","12","10","53",臺中市,豐原區,"0","1","0","7.0","2.0","6.0","15.0","13.0","13.0","1.0","5.0","4.0","6.0","6.0","4.0","4.0","10.0","5.0","5.0","1.0","18.0","2.0","9.0","5.0","4.0",F01,"7.0","15.0","7.0","21.0","2.0","16.0",,"59.0","59.0","1.0","12.0","3.0",220726.71688672,2681379.13475511,"2.0","4291.0"
"4361",,"66000",387130000C,(04)23274275,(04)23288582,"2025","7","12","13","39",臺中市,豐原區,"0","2","0","7.0","2.0","6.0","50.0","4.0","1.0","1.0","5.0","4.0","6.0","6.0","4.0","4.0","10.0","5.0","5.0","2.0","16.0","2.0","9.0","4.0","1.0",F01,"7.0","6.0","7.0","21.0","2.0","14.0",,"85.0","85.0","1.0","13.0","4.0",222283.719782456,2683954.09006204,"2.0","4362.0"
"4435",,"66000",387130000C,(04)23274275,(04)23288582,"2025","7","12","16","50",臺中市,北區,"0","1","0","7.0","2.0","6.0","50.0","13.0","9.0","1.0","5.0","4.0","6.0","6.0","4.0","4.0","5.0","4.0","5.0","2.0","18.0","2.0","9.0","5.0","1.0",F01,"7.0","9.0","7.0","21.0","2.0","14.0",,"84.0","84.0","1.0","13.0","4.0",217146.86613878,2671530.18866289,"2.0","4436.0"
"4483",,"66000",387130000C,(04)23274275,(04)23288582,"2025","7","12","19","33",臺中市,北屯區,"0","3","0","7.0","1.0","6.0","50.0","5.0","1.0","1.0","5.0","4.0","6.0","6.0","2.0","1.0","10.0","5.0","5.0","2.0","16.0","2.0","8.0","4.0","1.0",F01,"7.0","6.0","7.0","21.0","2.0","12.0",,"48.0","48.0","1.0","12.0","1.0",219163.579030322,2674974.13278133,"2.0","4484.0"
"4501",,"66000",387130000C,(04)23274275,(04)23288582,"2025","7","12","20","59",臺中市,梧棲區,"0","0","0","7.0",,,"50.0",,,,,,,,,,,,,,"12.0",,,,,F01,,,,,,,,"58.0","58.0","1.0",,,120.541434,24.256725,"3.0","4502.0"
"4527",,"66000",387130000C,(04)23274275,(04)23288582,"2025","7","13","1","35",臺中市,潭子區,"0","1","0","7.0","1.0","6.0","60.0","13.0","8.0","1.0","5.0","4.0","6.0","6.0","4.0","4.0","1.0","4.0","4.0","1.0","18.0","2.0","9.0","6.0","1.0",F01,"7.0","9.0","7.0","21.0","8.0","12.0",,"26.0","26.0","1.0","12.0","4.0",220120.935829267,2679304.46487631,"2.0","4528.0"
"4539",,"66000",387130000C,(04)23274275,(04)23288582,"2025","7","13","6","37",臺中市,西屯區,"0","1","0","7.0","1.0","6.0","50.0","13.0","9.0","1.0","5.0","4.0","6.0","6.0","1.0","1.0","1.0","4.0","5.0","1.0","17.0","2.0","9.0","5.0","4.0",F01,"7.0","9.0","7.0","21.0","2.0","11.0",,"59.0","59.0","1.0","13.0","4.0",209634.364997692,2675442.7856218,"2.0","4540.0"
"4605",,"66000",387130000C,(04)23274275,(04)23288582,"2025","7","13","11","25",臺中市,大里區,"0","1","0","7.0","2.0","6.0","50.0","4.0","1.0","1.0","5.0","4.0","6.0","6.0","1.0","1.0","10.0","5.0","5.0","2.0","15.0","2.0","9.0","2.0","1.0",F02,"7.0","9.0","7.0","21.0","2.0","11.0",,"84.0","84.0","1.0","12.0","4.0",218225.247004468,2665571.02130477,"2.0","4606.0"
"4643",,"66000",387130000C,(04)23274275,(04)23288582,"2025","7","13","13","24",臺中市,東區,"0","0","0","7.0",,,"0.0",,,,,,,,,,,,,,"18.0",,,,,F01,,,"7.0",,"2.0",,,"82.0","82.0","1.0","13.0","4.0",120.692489,24.140065,"4.0","4644.0"
"4655",,"66000",387130000C,(04)23274275,(04)23288582,"2025","7","13","13","58",臺中市,沙鹿區,"0","2","0","7.0","2.0","6.0","50.0","13.0","7.0","1.0","5.0","4.0","6.0","6.0","4.0","4.0","1.0","4.0","4.0","2.0","12.0","2.0","9.0","2.0","1.0",F02,"7.0","8.0","7.0","21.0","2.0","14.0",,"40.0","40.0","1.0","13.0","4.0",205290.74651036,2681425.51239304,"2.0","4656.0"
"4693",,"66000",387130000C,(04)23274275,(04)23288582,"2025","7","13","16","10",臺中市,清水區,"0","1","0","7.0","3.0","6.0","30.0","13.0","9.0","1.0","5.0","4.0","6.0","6.0","4.0","4.0","10.0","5.0","5.0","2.0","18.0","2.0","9.0","5.0","1.0",F01,"7.0","9.0","7.0","21.0","2.0","12.0",,"84.0","84.0","1.0","12.0","4.0",207421.629977418,2685148.03174977,"2.0","4694.0"
"4742",,"66000",387130000C,(04)23274275,(04)23288582,"2025","7","13","18","20",臺中市,豐原區,"0","1","0","7.0","1.0","6.0","20.0","13.0","13.0","1.0","5.0","4.0","6.0","6.0","4.0","4.0","9.0","5.0","5.0","1.0","18.0","2.0","9.0","4.0","1.0",F02,"7.0","9.0","7.0","21.0","2.0","15.0",,"54.0","54.0","1.0","13.0","4.0",224902.04415623,2685560.20610231,"2.0","4743.0"
"4748",,"66000",387130000C,(04)23274275,(04)23288582,"2025","7","13","18","37",臺中市,南屯區,"0","0","0","7.0",,,,,,,,,,,,,,,,,,,,,,F01,,,,,,,,"84.0","84.0","1.0",,,120.651951,24.15072,"3.0","4749.0"
"4755",,"66000",387130000C,(04)23274275,(04)23288582,"2025","7","13","18","57",臺中市,豐原區,"0","1","0","7.0","1.0","6.0","0.0","18.0","21.0","1.0","4.0","4.0","6.0","6.0","4.0","4.0","10.0","5.0","5.0","2.0","18.0","2.0","9.0","6.0","1.0",F02,"7.0","9.0","7.0","21.0","2.0","12.0",,"84.0","84.0","1.0","12.0","4.0",220938.249432444,2682217.64608571,"2.0","4756.0"
"4788",,"66000",387130000C,(04)23274275,(04)23288582,"2025","7","13","21","52",臺中市,大里區,"0","0","0","7.0",,,"50.0",,,,,,,,,,,,,,"17.0",,,,,F01,,,"7.0",,"2.0",,,"8.0","8.0","1.0","12.0","4.0",120.704237,24.106401,"3.0","4789.0"
"4915",,"66000",387130000C,(04)23274275,(04)23288582,"2025","7","14","10","45",臺中市,豐原區,"0","1","0","7.0","2.0","6.0","30.0","4.0","2.0","1.0","5.0","3.0","6.0","6.0","4.0","4.0","10.0","5.0","5.0","1.0","18.0","2.0","9.0","6.0","1.0",F01,"7.0","9.0","7.0","21.0","2.0","14.0",,"59.0","59.0","1.0","13.0","4.0",222061.256259659,2684933.0236561,"2.0","4916.0"
"5044",,"66000",387130000C,(04)23274275,(04)23288582,"2025","7","14","16","50",臺中市,西屯區,"0","0","0","7.0",,,"50.0",,,,,,,,,,,,,,,,,,,F02,,,"7.0",,"9.0",,,"50.0","50.0","1.0","12.0","4.0",120.646057,24.168286,"3.0","5045.0"
"5054",,"66000",387130000C,(04)23274275,(04)23288582,"2025","7","14","17","6",臺中市,西屯區,"0","2","0","7.0","1.0","6.0","50.0","4.0","1.0","1.0","5.0","4.0","6.0","6.0","1.0","1.0","10.0","5.0","5.0","1.0","16.0","2.0","9.0","6.0","1.0",F01,"7.0","6.0","7.0","21.0","2.0","13.0",,"11.0","11.0","1.0","12.0","1.0",215104.886438788,2673184.80157477,"2.0","5055.0"
"5118",,"66000",387130000C,(04)23274275,(04)23288582,"2025","7","14","18","36",臺中市,南區,"0","0","0","7.0",,,"50.0",,,,,,,,,,,,,,,,,,,F01,,,"7.0",,"1.0",,,"84.0","84.0","1.0","3.0","4.0",120.666262,24.127164,"3.0","5119.0"
"5125",,"66000",387130000C,(04)23274275,(04)23288582,"2025","7","14","19","18",臺中市,太平區,"0","1","0","7.0","1.0","6.0","50.0","4.0","1.0","1.0","5.0","4.0","6.0","6.0","1.0","1.0","10.0","5.0","5.0","2.0","17.0","2.0","9.0","6.0","1.0",F01,"7.0","6.0","7.0","21.0","2.0","12.0",,"48.0","48.0","1.0","13.0","4.0",221749.400007388,2671584.76560129,"2.0","5126.0"
"5157",,"66000",387130000C,(04)23274275,(04)23288582,"2025","7","14","21","20",臺中市,南屯區,"0","1","0","6.0","1.0","6.0","50.0","13.0","9.0","1.0","5.0","4.0","6.0","6.0","4.0","4.0","5.0","4.0","5.0","2.0","17.0","2.0","9.0","6.0","1.0",F01,"7.0","9.0","7.0","21.0","7.0","14.0",,"59.0","59.0","1.0","12.0","4.0",213178.215756861,2670569.72013673,"2.0","5158.0"
"5227",,"66000",387130000C,(04)23274275,(04)23288582,"2025","7","15","7","55",臺中市,豐原區,"0","2","0","5.0","2.0","6.0","50.0","4.0","2.0","1.0","4.0","4.0","6.0","6.0","1.0","1.0","5.0","5.0","4.0","2.0","16.0","2.0","8.0","6.0","1.0",F01,"7.0","6.0","7.0","21.0","2.0","14.0",,"42.0","42.0","1.0","13.0","4.0",220536.453934819,2682136.51935447,"2.0","5228.0"
"5425",,"66000",387130000C,(04)23274275,(04)23288582,"2025","7","15","15","15",臺中市,北屯區,"0","1","0","7.0","2.0","6.0","50.0","13.0","9.0","1.0","5.0","4.0","6.0","6.0","4.0","4.0","9.0","4.0","5.0","2.0","18.0","2.0","9.0","6.0","1.0",F02,"7.0","9.0","7.0","21.0","2.0","12.0",,"82.0","82.0","1.0","12.0","4.0",217747.779680124,2676412.28309257,"2.0","5426.0"
"5442",,"66000",387130000C,(04)23274275,(04)23288582,"2025","7","15","16","10",臺中市,北區,"0","2","0","7.0","3.0","6.0","50.0","4.0","1.0","1.0","5.0","4.0","6.0","6.0","4.0","4.0","10.0","5.0","5.0","2.0","16.0","2.0","9.0","6.0","1.0",F01,"7.0","6.0","7.0","21.0","2.0","11.0",,"20.0","20.0","1.0","12.0","4.0",216517.260159024,2673761.3007228,"2.0","5443.0"
"5456",,"66000",387130000C,(04)23274275,(04)23288582,"2025","7","15","16","41",臺中市,大甲區,"0","1","0","7.0","2.0","6.0","40.0","11.0","9.0","1.0","5.0","4.0","6.0","6.0","4.0","4.0","6.0","5.0","5.0","1.0","18.0","2.0","9.0","6.0","1.0",F01,"7.0","1.0","7.0","21.0","2.0","14.0",,"51.0","51.0","1.0","12.0","4.0",212282.091295557,2692806.49887291,"2.0","5457.0"
"5463",,"66000",387130000C,(04)23274275,(04)23288582,"2025","7","15","16","56",臺中市,豐原區,"0","2","0","7.0","3.0","6.0","50.0","13.0","7.0","1.0","5.0","4.0","6.0","6.0","4.0","4.0","5.0","5.0","4.0","2.0","17.0","2.0","9.0","4.0","1.0",F01,"7.0","8.0","7.0","21.0","2.0","13.0",,"84.0","84.0","1.0","12.0","4.0",222714.048662516,2681854.50353538,"2.0","5464.0"
"5487",,"66000",387130000C,(04)23274275,(04)23288582,"2025","7","15","17","24",臺中市,東區,"0","1","0","7.0","1.0","6.0","50.0","4.0","1.0","1.0","5.0","4.0","6.0","6.0","1.0","1.0","9.0","4.0","5.0","2.0","12.0","3.0","10.0","1.0","1.0",F01,"7.0","6.0","7.0","21.0","2.0","14.0",,"36.0","36.0","1.0","12.0","1.0",120.690193,24.129636,"2.0","5488.0"
"5543",,"66000",387130000C,(04)23274275,(04)23288582,"2025","7","15","19","15",臺中市,霧峰區,"0","2","0","7.0","1.0","6.0","50.0","4.0","1.0","1.0","5.0","4.0","6.0","6.0","4.0","4.0","10.0","5.0","5.0","2.0","16.0","2.0","9.0","4.0","1.0",F01,"7.0","6.0","7.0","21.0","2.0","14.0",,"14.0","14.0","1.0","12.0","4.0",219530.200889592,2662779.60430829,"2.0","5544.0"
"5553",,"66000",387130000C,(04)23274275,(04)23288582,"2025","7","15","19","41",臺中市,南區,"0","1","0","7.0","1.0","6.0","50.0","13.0","8.0","1.0","5.0","4.0","6.0","6.0","4.0","4.0","3.0","4.0","4.0","2.0","17.0","2.0","8.0","6.0","1.0",F01,"7.0","9.0","7.0","21.0","2.0","12.0",,"84.0","84.0","1.0","4.0","1.0",214688.239361881,2668174.22603682,"2.0","5554.0"
"5601",,"66000",387130000C,(04)23274275,(04)23288582,"2025","7","16","7","0",臺中市,烏日區,"0","0","0","7.0",,,"50.0",,,,,,,,,,,,,,"13.0",,,,,F01,,,"7.0",,"2.0",,,"56.0","56.0","1.0","4.0","1.0",120.607427,24.110313,"3.0","5602.0"
"5713",,"66000",387130000C,(04)23274275,(04)23288582,"2025","7","16","10","55",臺中市,南區,"0","0","0","7.0",,,"50.0",,,,,,,,,,,,,,"16.0",,,,,F01,,,"7.0",,"1.0",,,"11.0","11.0","1.0","12.0","4.0",120.660499,24.113829,"3.0","5714.0"
"5752",,"66000",387130000C,(04)23274275,(04)23288582,"2025","7","16","11","57",臺中市,北屯區,"0","1","0","7.0","2.0","6.0","50.0","11.0","9.0","1.0","5.0","4.0","6.0","6.0","4.0","4.0","1.0","5.0","5.0","2.0","18.0","2.0","9.0","1.0","1.0",F01,"7.0","9.0","7.0","21.0","2.0","11.0","14.0","87.0","87.0","1.0","4.0","4.0",228017.805229919,2677750.03734524,"2.0","5753.0"
"5844",,"66000",387130000C,(04)23274275,(04)23288582,"2025","7","16","15","42",臺中市,太平區,"0","1","0","5.0","2.0","6.0","50.0","4.0","1.0","1.0","4.0","4.0","6.0","6.0","2.0","1.0","10.0","5.0","5.0","2.0","16.0","2.0","9.0","4.0","1.0",F01,"7.0","6.0","7.0","21.0","9.0","12.0",,"11.0","11.0","1.0","12.0","4.0",221865.416384747,2669661.79675339,"2.0","5845.0"
"5905",,"66000",387130000C,(04)23274275,(04)23288582,"2025","7","16","18","5",臺中市,大雅區,"0","1","0","7.0","3.0","6.0","30.0","4.0","2.0","1.0","5.0","4.0","6.0","6.0","4.0","4.0","10.0","5.0","5.0","2.0","17.0","2.0","8.0","4.0","1.0",F01,"7.0","5.0","7.0","21.0","2.0","14.0",,"47.0","47.0","1.0","12.0","4.0",213954.450487719,2680405.94003877,"2.0","5906.0"
"5955",,"66000",387130000C,(04)23274275,(04)23288582,"2025","7","16","21","20",臺中市,潭子區,"0","1","0","7.0","1.0","6.0","0.0","11.0","13.0","1.0","5.0","4.0","6.0","6.0","4.0","4.0","10.0","5.0","5.0","2.0","18.0","2.0","9.0","6.0","1.0",F01,"7.0","9.0","7.0","21.0","2.0","16.0",,"85.0","85.0","1.0","13.0","4.0",220238.260431404,2679600.25778322,"2.0","5956.0"
"5971",,"66000",387130000C,(04)23274275,(04)23288582,"2025","7","16","23","6",臺中市,西屯區,"0","1","0","7.0","1.0","6.0","40.0","13.0","8.0","1.0","5.0","4.0","6.0","6.0","1.0","1.0","1.0","5.0","3.0","2.0","18.0","2.0","9.0","6.0","1.0",F02,"7.0","9.0","7.0","21.0","2.0","15.0",,"82.0","82.0","1.0","12.0","1.0",210507.763132142,2675498.69778998,"2.0","5972.0"
"5983",,"66000",387130000C,(04)23274275,(04)23288582,"2025","7","17","6","0",臺中市,大甲區,"0","1","0","7.0","1.0","6.0","50.0","13.0","9.0","1.0","5.0","4.0","6.0","6.0","4.0","4.0","5.0","5.0","4.0","1.0","17.0","2.0","9.0","1.0","1.0",F01,"7.0","9.0","7.0","21.0","2.0","11.0",,"84.0","84.0","1.0","12.0","4.0",210672.283016417,2694181.37423113,"2.0","5984.0"
"6012",,"66000",387130000C,(04)23274275,(04)23288582,"2025","7","17","7","35",臺中市,太平區,"0","1","0","7.0","2.0","6.0","50.0","13.0","8.0","1.0","5.0","4.0","6.0","6.0","4.0","4.0","9.0","4.0","4.0","2.0","17.0","2.0","9.0","6.0","1.0",F01,"7.0","9.0","7.0","21.0","2.0","14.0",,"59.0","59.0","1.0","3.0","4.0",220883.857574896,2672676.74055906,"2.0","6013.0"
"6021",,"66000",387130000C,(04)23274275,(04)23288582,"2025","7","17","7","48",臺中市,東區,"0","1","0","7.0","3.0","6.0","50.0","4.0","1.0","1.0","5.0","4.0","6.0","6.0","1.0","1.0","10.0","5.0","5.0","2.0","17.0","2.0","7.0","5.0","4.0",F01,"7.0","5.0","7.0","21.0","2.0","11.0",,"84.0","84.0","1.0","12.0","1.0",219683.508484661,2669649.88256386,"2.0","6022.0"
"6062",,"66000",387130000C,(04)23274275,(04)23288582,"2025","7","17","8","54",臺中市,大里區,"0","1","0","7.0","3.0","6.0","0.0","4.0","1.0","1.0","5.0","4.0","6.0","6.0","1.0","1.0","10.0","5.0","5.0","2.0","16.0","2.0","9.0","4.0","1.0",F01,"7.0","1.0","7.0","21.0","2.0","11.0",,"51.0","51.0","1.0","3.0","4.0",219371.108511587,2663893.20113953,"2.0","6063.0"
"6121",,"66000",387130000C,(04)23274275,(04)23288582,"2025","7","17","11","7",臺中市,豐原區,"0","1","0","7.0","3.0","6.0","50.0","3.0","1.0","1.0","5.0","4.0","6.0","6.0","4.0","4.0","5.0","5.0","5.0","2.0","17.0","2.0","8.0","4.0","4.0",F01,"7.0","15.0","7.0","21.0","2.0","11.0",,"84.0","84.0","1.0","12.0","4.0",220999.500235033,2682672.26875133,"2.0","6122.0"
"6297",,"66000",387130000C,(04)23274275,(04)23288582,"2025","7","17","17","34",臺中市,大雅區,"0","1","0","7.0","3.0","6.0","0.0","5.0","2.0","1.0","5.0","4.0","6.0","6.0","1.0","1.0","9.0","4.0","4.0","1.0","12.0","2.0","9.0","6.0","1.0",F01,"7.0","9.0","7.0","21.0","2.0","14.0",,"84.0","84.0","1.0","13.0","4.0",214339.849984992,2679221.90766341,"2.0","6298.0"
"6389",,"66000",387130000C,(04)23274275,(04)23288582,"2025","7","17","21","7",臺中市,北區,"0","2","0","7.0","2.0","6.0","50.0","4.0","1.0","1.0","5.0","4.0","6.0","6.0","4.0","4.0","5.0","4.0","5.0","2.0","15.0","2.0","8.0","6.0","1.0",F01,"7.0","9.0","7.0","21.0","2.0","14.0",,"37.0","37.0","1.0","12.0","4.0",216883.258124516,2671359.68917047,"2.0","6390.0"
"6440",,"66000",387130000C,(04)23274275,(04)23288582,"2025","7","18","7","5",臺中市,烏日區,"0","2","0","7.0","2.0","6.0","40.0","13.0","8.0","1.0","5.0","4.0","6.0","6.0","4.0","4.0","5.0","4.0","4.0","1.0","12.0","2.0","9.0","4.0","1.0",F01,"7.0","8.0","7.0","21.0","2.0","13.0",,"40.0","40.0","1.0","6.0","4.0",211472.528932981,2666857.86075687,"2.0","6441.0"
"6536",,"66000",387130000C,(04)23274275,(04)23288582,"2025","7","18","10","0",臺中市,東區,"0","2","0","7.0","2.0","6.0","40.0","4.0","1.0","1.0","5.0","4.0","6.0","6.0","1.0","1.0","5.0","5.0","4.0","2.0","16.0","2.0","9.0","2.0","1.0",F01,"7.0","5.0","7.0","21.0","2.0","14.0",,"22.0","22.0","1.0","13.0","4.0",219522.342452838,2670567.9062568,"2.0","6537.0"
"6579",,"66000",387130000C,(04)23274275,(04)23288582,"2025","7","18","12","1",臺中市,大雅區,"0","1","0","7.0","3.0","6.0","30.0","3.0","1.0","1.0","5.0","4.0","6.0","6.0","4.0","4.0","10.0","5.0","5.0","1.0","16.0","3.0","10.0","2.0","1.0",F02,"7.0","6.0","7.0","21.0","6.0","11.0",,"12.0","12.0","1.0","13.0","4.0",120.666357,24.225577,"2.0","6580.0"
"6598",,"66000",387130000C,(04)23274275,(04)23288582,"2025","7","18","12","40",臺中市,北區,"0","1","0","7.0","2.0","6.0","30.0","3.0","1.0","1.0","5.0","4.0","6.0","6.0","4.0","4.0","10.0","5.0","5.0","2.0","17.0","2.0","9.0","5.0","1.0",F01,"7.0","6.0","7.0","21.0","2.0","11.0",,"14.0","14.0","1.0","13.0","4.0",218273.164210964,2672295.24853971,"2.0","6599.0"