field_1,序號,縣市別代碼,機關代碼,市話,傳真,年,月,日,時,分,縣市,區,死亡數量,受傷數量,2-30,天候,道路照明設備,道路類別,道路速限,道路型態,事故位置,路面鋪裝,路面狀態,路面缺陷,障礙物,視距,號誌種類,號誌動作,分向設施,快車道或一般車道間,快慢車道間,路面邊線,事故類型及型態,受傷程度,主要傷處,保護裝備,行動電話或功能裝置,當事者區分(類別),車輛用途,當事者行動狀態,駕照狀態,駕照種類,飲酒情形,車輛撞擊部位最初,車輛撞擊部位其他,肇事因素個別,肇事因素主要,肇事逃逸,職業,共享經濟或外送平台,GPS座標X,GPS座標Y,事故類別,﻿序號
"6614",,"66000",387130000C,(04)23274275,(04)23288582,"2025","7","18","13","20",臺中市,沙鹿區,"0","1","0","7.0","2.0","6.0","40.0","13.0","8.0","1.0","5.0","4.0","6.0","6.0","4.0","4.0","1.0","4.0","4.0","1.0","18.0","2.0","1.0","6.0","1.0",F01,"7.0","9.0","7.0","21.0","2.0","11.0","14.0","59.0","59.0","1.0","6.0","4.0",209057.603173876,2682804.30774046,"2.0","6615.0"
"6627",,"66000",387130000C,(04)23274275,(04)23288582,"2025","7","18","13","56",臺中市,大里區,"0","1","0","7.0","2.0","6.0","50.0","13.0","9.0","1.0","5.0","4.0","6.0","6.0","4.0","4.0","5.0","5.0","5.0","2.0","18.0","2.0","9.0","4.0","1.0",F01,"7.0","9.0","7.0","21.0","1.0","12.0",,"84.0","84.0","1.0","13.0","4.0",219680.604447919,2664650.51258687,"2.0","6628.0"
"6822",,"66000",387130000C,(04)23274275,(04)23288582,"2025","7","18","19","27",臺中市,南屯區,"0","1","0","7.0","1.0","6.0","0.0","18.0","23.0","1.0","5.0","4.0","6.0","6.0","4.0","4.0","10.0","5.0","5.0","2.0","9.0","3.0","10.0","5.0","4.0",F01,"7.0","9.0","7.0","21.0","9.0","12.0",,"84.0","84.0","2.0","13.0","4.0",120.647627,24.148964,"2.0","6823.0"
"6845",,"66000",387130000C,(04)23274275,(04)23288582,"2025","7","18","20","22",臺中市,北屯區,"0","1","0","5.0","1.0","6.0","50.0","13.0","9.0","1.0","4.0","4.0","6.0","6.0","4.0","4.0","5.0","4.0","5.0","2.0","12.0","2.0","7.0","4.0","1.0",F01,"7.0","9.0","7.0","21.0","2.0","12.0",,"84.0","84.0","1.0","5.0","4.0",216514.469372697,2675983.64838517,"2.0","6846.0"
"6938",,"66000",387130000C,(04)23274275,(04)23288582,"2025","7","19","8","27",臺中市,霧峰區,"0","1","0","7.0","3.0","6.0","50.0","13.0","7.0","1.0","5.0","4.0","6.0","6.0","4.0","4.0","5.0","5.0","4.0","1.0","17.0","2.0","7.0","4.0","1.0",F01,"7.0","11.0","7.0","21.0","2.0","12.0",,"46.0","46.0","1.0","12.0","4.0",219456.830719372,2663040.13353165,"2.0","6939.0"
"7030",,"66000",387130000C,(04)23274275,(04)23288582,"2025","7","19","12","10",臺中市,西區,"0","1","0","7.0","2.0","6.0","50.0","4.0","1.0","1.0","5.0","4.0","6.0","6.0","1.0","1.0","10.0","5.0","5.0","2.0","18.0","2.0","1.0","6.0","1.0",F01,"7.0","9.0","7.0","21.0","2.0","16.0",,"84.0","84.0","1.0","13.0","4.0",216292.683049014,2670536.09067654,"2.0","7031.0"
"7186",,"66000",387130000C,(04)23274275,(04)23288582,"2025","7","19","19","51",臺中市,西區,"0","1","0","7.0","1.0","6.0","50.0","4.0","2.0","1.0","5.0","4.0","6.0","6.0","1.0","1.0","1.0","4.0","4.0","2.0","18.0","2.0","9.0","4.0","1.0",F02,"7.0","15.0","7.0","21.0","2.0","16.0",,"82.0","82.0","1.0","12.0","4.0",216093.29748438,2669860.98294259,"2.0","7187.0"
"7276",,"66000",387130000C,(04)23274275,(04)23288582,"2025","7","20","8","50",臺中市,西區,"0","1","0","7.0","2.0","6.0","50.0","4.0","1.0","1.0","5.0","4.0","6.0","6.0","1.0","1.0","10.0","5.0","5.0","2.0","15.0","2.0","9.0","1.0","1.0",F01,"7.0","9.0","7.0","21.0","2.0","14.0",,"21.0","21.0","1.0","12.0","4.0",215164.324704748,2670193.04155671,"2.0","7277.0"
"7288",,"66000",387130000C,(04)23274275,(04)23288582,"2025","7","20","9","16",臺中市,霧峰區,"0","1","0","5.0","2.0","6.0","30.0","3.0","1.0","1.0","4.0","4.0","6.0","6.0","4.0","4.0","10.0","5.0","5.0","2.0","17.0","4.0","11.0","5.0","4.0",F01,"7.0","5.0","7.0","21.0","2.0","11.0",,"84.0","84.0","1.0","13.0","4.0",120.679593,24.062786,"2.0","7289.0"
"7320",,"66000",387130000C,(04)23274275,(04)23288582,"2025","7","20","10","51",臺中市,南屯區,"0","1","0","7.0","2.0","6.0","0.0","13.0","21.0","1.0","5.0","4.0","6.0","6.0","4.0","4.0","10.0","5.0","5.0","2.0","18.0","2.0","9.0","6.0","1.0",F01,"7.0","9.0","7.0","21.0","2.0","14.0",,"59.0","59.0","1.0","12.0","4.0",212753.593352058,2672085.0197002,"2.0","7321.0"
"7537",,"66000",387130000C,(04)23274275,(04)23288582,"2025","7","20","21","40",臺中市,東區,"0","1","0","5.0","1.0","6.0","40.0","13.0","8.0","1.0","4.0","4.0","6.0","6.0","4.0","4.0","5.0","5.0","4.0","2.0","17.0","2.0","9.0","2.0","1.0",F01,"7.0","9.0","7.0","21.0","2.0","12.0",,"59.0","59.0","1.0","13.0","1.0",219756.680242049,2670411.69114509,"2.0","7538.0"
"7838",,"66000",387130000C,(04)23274275,(04)23288582,"2025","7","21","16","46",臺中市,大里區,"0","1","0","5.0","2.0","6.0","50.0","5.0","1.0","1.0","4.0","4.0","6.0","6.0","1.0","1.0","10.0","5.0","5.0","2.0","15.0","2.0","8.0","6.0","1.0",F01,"7.0","9.0","7.0","21.0","2.0","12.0",,"21.0","21.0","1.0","6.0","4.0",219404.183923454,2664950.57027887,"2.0","7839.0"
"7944",,"66000",387130000C,(04)23274275,(04)23288582,"2025","7","21","19","12",臺中市,太平區,"0","1","0","5.0","1.0","6.0","50.0","4.0","4.0","1.0","4.0","4.0","1.0","6.0","2.0","1.0","5.0","5.0","4.0","1.0","16.0","2.0","8.0","4.0","1.0",F01,"7.0","11.0","7.0","21.0","1.0","14.0",,"45.0","45.0","1.0","3.0","4.0",221624.025827743,2669509.55085034,"2.0","7945.0"
"7968",,"66000",387130000C,(04)23274275,(04)23288582,"2025","7","21","20","17",臺中市,豐原區,"0","1","0","5.0","3.0","6.0","50.0","4.0","1.0","1.0","4.0","4.0","6.0","6.0","2.0","1.0","5.0","4.0","5.0","1.0","17.0","2.0","9.0","4.0","4.0",F01,"7.0","6.0","7.0","21.0","2.0","12.0",,"11.0","11.0","1.0","12.0","1.0",221802.628782777,2683183.76181856,"2.0","7969.0"
"8027",,"66000",387130000C,(04)23274275,(04)23288582,"2025","7","22","7","11",臺中市,南區,"0","2","0","7.0","2.0","6.0","50.0","13.0","9.0","1.0","5.0","4.0","6.0","6.0","4.0","4.0","5.0","5.0","5.0","2.0","17.0","2.0","9.0","1.0","1.0",F01,"7.0","9.0","7.0","21.0","2.0","14.0",,"84.0","84.0","1.0","12.0","4.0",216324.363601477,2667556.59687296,"2.0","8028.0"
"8042",,"66000",387130000C,(04)23274275,(04)23288582,"2025","7","22","7","40",臺中市,沙鹿區,"0","1","0","6.0","3.0","6.0","50.0","13.0","8.0","1.0","5.0","4.0","6.0","6.0","4.0","4.0","3.0","4.0","4.0","2.0","18.0","2.0","9.0","6.0","1.0",F01,"7.0","11.0","7.0","21.0","2.0","11.0",,"84.0","84.0","1.0","12.0","4.0",205452.558674276,2681015.65675769,"2.0","8043.0"
"8129",,"66000",387130000C,(04)23274275,(04)23288582,"2025","7","22","10","55",臺中市,潭子區,"0","1","0","7.0","2.0","6.0","50.0","13.0","9.0","1.0","5.0","4.0","6.0","6.0","4.0","4.0","5.0","5.0","5.0","2.0","18.0","2.0","8.0","6.0","1.0",F01,"7.0","9.0","7.0","21.0","2.0","14.0",,"84.0","84.0","1.0","12.0","4.0",219691.962156717,2678047.78885207,"2.0","8130.0"
"8141",,"66000",387130000C,(04)23274275,(04)23288582,"2025","7","22","11","28",臺中市,北屯區,"0","2","0","7.0","2.0","6.0","50.0","13.0","9.0","1.0","5.0","4.0","6.0","6.0","4.0","4.0","1.0","4.0","5.0","2.0","1.0","2.0","9.0","5.0","1.0",F01,"7.0","9.0","7.0","21.0","2.0","12.0",,"85.0","85.0","1.0","12.0","4.0",218889.753854328,2673297.95598857,"2.0","8142.0"
"8145",,"66000",387130000C,(04)23274275,(04)23288582,"2025","7","22","11","35",臺中市,大雅區,"0","0","0","7.0",,,"50.0",,,,,,,,,,,,,,,,,,,F02,,,"7.0",,"1.0",,,"7.0","7.0","1.0","13.0","4.0",120.650213,24.220345,"3.0","8146.0"
"8234",,"66000",387130000C,(04)23274275,(04)23288582,"2025","7","22","16","22",臺中市,潭子區,"0","1","0","7.0","2.0","6.0","50.0","3.0","1.0","1.0","5.0","4.0","6.0","6.0","4.0","4.0","5.0","4.0","4.0","2.0","18.0","2.0","9.0","4.0","1.0",F01,"7.0","11.0","7.0","21.0","2.0","12.0",,"59.0","59.0","1.0","13.0","4.0",220186.831823353,2677746.38244201,"2.0","8235.0"
"8314",,"66000",387130000C,(04)23274275,(04)23288582,"2025","7","22","18","48",臺中市,清水區,"0","0","0","7.0",,,"40.0",,,,,,,,,,,,,,,,,,,F01,,,"1.0",,"2.0",,,"58.0","58.0","1.0","12.0","4.0",120.572229,24.261966,"3.0","8315.0"
"8333",,"66000",387130000C,(04)23274275,(04)23288582,"2025","7","22","19","38",臺中市,西屯區,"0","1","0","7.0","1.0","6.0","0.0","13.0","21.0","4.0","5.0","4.0","6.0","6.0","4.0","4.0","10.0","5.0","5.0","2.0","17.0","2.0","8.0","6.0","1.0",F01,"7.0","9.0","7.0","21.0","2.0","11.0",,"56.0","56.0","1.0","4.0","1.0",210571.739241116,2675487.55563285,"2.0","8334.0"
"8449",,"66000",387130000C,(04)23274275,(04)23288582,"2025","7","23","8","32",臺中市,北屯區,"0","2","0","7.0","2.0","6.0","50.0","3.0","1.0","1.0","5.0","4.0","6.0","6.0","4.0","4.0","10.0","5.0","5.0","2.0","17.0","2.0","9.0","6.0","1.0",F02,"7.0","9.0","7.0","21.0","2.0","15.0",,"4.0","4.0","1.0","12.0","4.0",218858.148921767,2673250.0699258,"2.0","8450.0"
"8593",,"66000",387130000C,(04)23274275,(04)23288582,"2025","7","23","15","43",臺中市,后里區,"0","0","0","7.0","2.0","6.0","40.0","4.0","2.0","1.0","5.0","4.0","6.0","6.0","4.0","4.0","4.0","5.0","4.0","1.0","17.0","3.0","10.0","1.0","1.0",F01,"7.0","9.0","7.0","21.0","1.0","11.0",,"84.0","84.0","1.0","12.0","4.0",120.715418,24.310186,"3.0","8594.0"
"8629",,"66000",387130000C,(04)23274275,(04)23288582,"2025","7","23","16","50",臺中市,沙鹿區,"0","1","0","7.0","2.0","6.0","50.0","13.0","14.0","1.0","5.0","4.0","6.0","6.0","4.0","4.0","4.0","5.0","5.0","1.0","18.0","2.0","9.0","1.0","1.0",F01,"7.0","9.0","7.0","21.0","9.0","11.0",,"84.0","84.0","1.0","12.0","4.0",205300.102134406,2680527.60171761,"2.0","8630.0"
"8639",,"66000",387130000C,(04)23274275,(04)23288582,"2025","7","23","17","7",臺中市,太平區,"0","1","0","7.0","2.0","6.0","50.0","4.0","1.0","1.0","5.0","4.0","6.0","6.0","4.0","4.0","10.0","5.0","5.0","2.0","16.0","2.0","9.0","4.0","1.0",F01,"7.0","6.0","7.0","21.0","2.0","14.0",,"48.0","48.0","1.0","3.0","4.0",221957.153815927,2670156.44852088,"2.0","8640.0"
"8654",,"66000",387130000C,(04)23274275,(04)23288582,"2025","7","23","17","20",臺中市,大甲區,"0","1","0","7.0","3.0","6.0","50.0","11.0","8.0","1.0","5.0","4.0","6.0","6.0","4.0","4.0","10.0","5.0","5.0","1.0","18.0","2.0","9.0","1.0","1.0",F01,"7.0","9.0","7.0","21.0","2.0","11.0",,"84.0","84.0","1.0","4.0","4.0",212236.903326363,2692794.54754148,"2.0","8655.0"
"8656",,"66000",387130000C,(04)23274275,(04)23288582,"2025","7","23","17","20",臺中市,豐原區,"0","2","0","7.0","3.0","6.0","40.0","3.0","1.0","1.0","5.0","4.0","6.0","6.0","4.0","4.0","1.0","4.0","4.0","1.0","17.0","2.0","9.0","1.0","4.0",F01,"7.0","5.0","7.0","21.0","2.0","12.0",,"84.0","84.0","1.0","12.0","1.0",223029.384031989,2683837.13552015,"2.0","8657.0"
"8664",,"66000",387130000C,(04)23274275,(04)23288582,"2025","7","23","17","30",臺中市,北屯區,"0","1","0","7.0","3.0","6.0","50.0","4.0","2.0","1.0","5.0","4.0","6.0","6.0","4.0","4.0","5.0","4.0","5.0","2.0","13.0","2.0","9.0","2.0","1.0",F01,"7.0","9.0","7.0","21.0","2.0","11.0",,"7.0","7.0","1.0","6.0","4.0",220627.133002947,2675313.69673614,"2.0","8665.0"
"8674",,"66000",387130000C,(04)23274275,(04)23288582,"2025","7","23","17","45",臺中市,大里區,"0","1","0","7.0","2.0","9.0","50.0","13.0","7.0","1.0","5.0","4.0","6.0","6.0","4.0","4.0","5.0","5.0","4.0","2.0","17.0","2.0","9.0","4.0","1.0",F01,"7.0","11.0","7.0","21.0","2.0","14.0",,"45.0","45.0","1.0","2.0","4.0",217102.084755467,2667276.46491082,"2.0","8675.0"
"8745",,"66000",387130000C,(04)23274275,(04)23288582,"2025","7","23","21","7",臺中市,北區,"0","1","0","7.0","1.0","6.0","40.0","13.0","8.0","1.0","5.0","4.0","6.0","6.0","4.0","4.0","9.0","5.0","4.0","1.0","17.0","2.0","9.0","1.0","1.0",F01,"7.0","9.0","7.0","21.0","2.0","12.0",,"84.0","84.0","1.0","13.0","4.0",218548.566276249,2671932.37057775,"2.0","8746.0"
"8795",,"66000",387130000C,(04)23274275,(04)23288582,"2025","7","24","7","50",臺中市,梧棲區,"0","1","0","7.0","2.0","6.0","50.0","13.0","9.0","1.0","5.0","4.0","6.0","6.0","4.0","4.0","5.0","5.0","5.0","1.0","16.0","2.0","8.0","6.0","1.0",F01,"7.0","1.0","7.0","21.0","2.0","13.0",,"51.0","51.0","1.0","3.0","4.0",203391.94818524,2683466.51787287,"2.0","8796.0"
"8805",,"66000",387130000C,(04)23274275,(04)23288582,"2025","7","24","8","10",臺中市,北屯區,"0","2","0","7.0","2.0","6.0","30.0","4.0","1.0","1.0","5.0","4.0","6.0","6.0","4.0","4.0","10.0","5.0","5.0","2.0","15.0","2.0","9.0","1.0","1.0",F01,"7.0","9.0","7.0","21.0","2.0","11.0",,"12.0","12.0","1.0","12.0","4.0",217673.237051861,2674369.08705796,"2.0","8806.0"
"8818",,"66000",387130000C,(04)23274275,(04)23288582,"2025","7","24","8","26",臺中市,霧峰區,"0","1","0","7.0","2.0","6.0","50.0","3.0","1.0","1.0","5.0","4.0","6.0","6.0","4.0","4.0","10.0","5.0","5.0","1.0","17.0","3.0","10.0","6.0","1.0",F02,"7.0","7.0","7.0","21.0","2.0","15.0",,"84.0","84.0","1.0","13.0","4.0",120.698693,24.065638,"2.0","8819.0"
"8903",,"66000",387130000C,(04)23274275,(04)23288582,"2025","7","24","12","7",臺中市,西屯區,"0","1","0","7.0","2.0","6.0","40.0","13.0","8.0","1.0","5.0","4.0","6.0","6.0","4.0","4.0","1.0","5.0","5.0","2.0","30.0","2.0","9.0","5.0","4.0",F02,"7.0","9.0","7.0","21.0","2.0","12.0",,"84.0","84.0","1.0","13.0","4.0",213858.627992296,2672321.83636966,"2.0","8904.0"
"8912",,"66000",387130000C,(04)23274275,(04)23288582,"2025","7","24","12","33",臺中市,西區,"0","1","0","7.0","2.0","6.0","50.0","13.0","9.0","1.0","5.0","4.0","6.0","6.0","4.0","4.0","5.0","5.0","5.0","2.0","10.0","2.0","9.0","6.0","1.0",F01,"7.0","9.0","7.0","21.0","2.0","11.0",,"39.0","39.0","1.0","2.0","4.0",215065.82385328,2672339.86383322,"2.0","8913.0"
"8982",,"66000",387130000C,(04)23274275,(04)23288582,"2025","7","24","16","31",臺中市,太平區,"0","0","0","7.0",,,"50.0",,,,,,,,,,,,,,"16.0",,,,,F01,,,"1.0",,"2.0",,,"84.0","84.0","1.0","13.0","4.0",120.710802,24.126647,"3.0","8983.0"
"9016",,"66000",387130000C,(04)23274275,(04)23288582,"2025","7","24","17","26",臺中市,豐原區,"0","2","0","7.0","2.0","6.0","50.0","13.0","9.0","1.0","5.0","4.0","6.0","6.0","4.0","4.0","10.0","5.0","5.0","1.0","12.0","2.0","7.0","6.0","1.0",F01,"7.0","15.0","7.0","21.0","2.0","14.0",,"84.0","84.0","1.0","4.0","4.0",222123.585487517,2684309.36533974,"2.0","9017.0"
"9275",,"66000",387130000C,(04)23274275,(04)23288582,"2025","7","25","12","15",臺中市,清水區,"0","2","0","7.0","3.0","6.0","50.0","4.0","1.0","1.0","5.0","4.0","5.0","4.0","4.0","4.0","5.0","5.0","5.0","2.0","16.0","2.0","9.0","6.0","1.0",F01,"7.0","6.0","7.0","21.0","2.0","14.0",,"14.0","14.0","1.0","12.0","4.0",204341.727032154,2684710.73944653,"2.0","9276.0"
"9301",,"66000",387130000C,(04)23274275,(04)23288582,"2025","7","25","13","3",臺中市,大里區,"0","0","0","7.0",,,"50.0",,,,,,,,,,,,,,,,,,,F01,,,"1.0",,"2.0",,,"84.0","84.0","1.0","12.0","4.0",120.698718,24.101451,"3.0","9302.0"
"9411",,"66000",387130000C,(04)23274275,(04)23288582,"2025","7","25","17","14",臺中市,西區,"0","1","0","7.0","1.0","6.0","50.0","3.0","1.0","1.0","5.0","4.0","6.0","6.0","4.0","4.0","10.0","5.0","5.0","1.0","17.0","2.0","9.0","5.0","4.0",F01,"7.0","9.0","7.0","21.0","9.0","14.0",,"85.0","85.0","1.0","12.0","4.0",214953.578261887,2671863.02291194,"2.0","9412.0"
"9422",,"66000",387130000C,(04)23274275,(04)23288582,"2025","7","25","17","26",臺中市,南區,"0","2","0","7.0","2.0","6.0","50.0","13.0","9.0","1.0","5.0","4.0","6.0","6.0","4.0","4.0","9.0","4.0","5.0","2.0","17.0","2.0","8.0","6.0","1.0",F01,"7.0","8.0","7.0","21.0","2.0","14.0",,"40.0","40.0","1.0","13.0","4.0",216112.330076618,2667777.82539474,"2.0","9423.0"
"9508",,"66000",387130000C,(04)23274275,(04)23288582,"2025","7","25","21","1",臺中市,大雅區,"0","0","0","6.0",,,"40.0",,,,,,,,,,,,,,"17.0",,,,,F02,,,"7.0",,"2.0",,,"8.0","8.0","1.0","13.0","4.0",120.635618,24.235851,"3.0","9509.0"
"9524",,"66000",387130000C,(04)23274275,(04)23288582,"2025","7","25","21","44",臺中市,豐原區,"0","1","0","5.0","1.0","6.0","40.0","13.0","8.0","1.0","4.0","4.0","6.0","6.0","4.0","4.0","9.0","5.0","4.0","2.0","17.0","2.0","8.0","5.0","4.0",F01,"7.0","9.0","7.0","21.0","2.0","11.0",,"84.0","84.0","1.0","13.0","4.0",221316.951481847,2681879.08068683,"2.0","9525.0"
"9594",,"66000",387130000C,(04)23274275,(04)23288582,"2025","7","26","9","4",臺中市,豐原區,"0","1","0","5.0","2.0","6.0","50.0","13.0","9.0","1.0","4.0","4.0","6.0","6.0","4.0","4.0","5.0","4.0","5.0","1.0","13.0","2.0","9.0","6.0","1.0",F01,"7.0","9.0","7.0","21.0","2.0","11.0",,"84.0","84.0","1.0","13.0","4.0",221376.03030474,2681967.67358428,"2.0","9595.0"
"9712",,"66000",387130000C,(04)23274275,(04)23288582,"2025","7","26","13","21",臺中市,烏日區,"0","0","0","7.0",,,"30.0",,,,,,,,,,,,,,"16.0",,,,,F01,,,"7.0",,"2.0",,,"14.0","14.0","1.0","6.0","4.0",120.645858,24.082609,"3.0","9713.0"
"9742",,"66000",387130000C,(04)23274275,(04)23288582,"2025","7","26","14","42",臺中市,烏日區,"0","1","0","7.0","2.0","6.0","50.0","13.0","9.0","1.0","5.0","4.0","6.0","6.0","4.0","4.0","1.0","4.0","5.0","2.0","18.0","2.0","9.0","5.0","4.0",F01,"7.0","9.0","7.0","21.0","1.0","14.0",,"84.0","84.0","1.0","12.0","4.0",211048.157897016,2667251.84807222,"2.0","9743.0"
"9800",,"66000",387130000C,(04)23274275,(04)23288582,"2025","7","26","17","29",臺中市,霧峰區,"0","0","0","7.0",,,"50.0",,,,,,,,,,,,,,,,,,,F01,,,"7.0",,"2.0",,,"42.0","42.0","1.0","12.0","1.0",120.700325,24.059828,"3.0","9801.0"
"9807",,"66000",387130000C,(04)23274275,(04)23288582,"2025","7","26","17","55",臺中市,大里區,"0","0","0","7.0",,,"50.0",,,,,,,,,,,,,,,,,,,F01,,,"1.0",,"2.0",,,"48.0","48.0","1.0","12.0","4.0",120.676998,24.099416,"3.0","9808.0"
"9808",,"66000",387130000C,(04)23274275,(04)23288582,"2025","7","26","18","4",臺中市,潭子區,"0","1","0","7.0","3.0","6.0","50.0","13.0","7.0","1.0","5.0","4.0","6.0","6.0","4.0","4.0","5.0","4.0","4.0","2.0","17.0","2.0","9.0","5.0","1.0",F01,"7.0","6.0","7.0","21.0","2.0","14.0",,"44.0","44.0","1.0","13.0","4.0",218590.947618602,2678691.21410923,"2.0","9809.0"
"9830",,"66000",387130000C,(04)23274275,(04)23288582,"2025","7","26","19","16",臺中市,北屯區,"0","2","0","7.0","1.0","6.0","50.0","4.0","1.0","1.0","5.0","4.0","6.0","6.0","1.0","1.0","10.0","5.0","5.0","2.0","15.0","2.0","9.0","6.0","1.0",F01,"7.0","9.0","7.0","21.0","2.0","12.0",,"21.0","21.0","1.0","3.0","4.0",221809.537599388,2674546.01206312,"2.0","9831.0"
"9863",,"66000",387130000C,(04)23274275,(04)23288582,"2025","7","26","21","45",臺中市,西屯區,"0","1","0","6.0","1.0","6.0","50.0","4.0","2.0","1.0","5.0","4.0","6.0","6.0","2.0","1.0","10.0","5.0","5.0","2.0","13.0","2.0","9.0","6.0","1.0",F02,"7.0","9.0","7.0","21.0","2.0","11.0",,"7.0","7.0","1.0","13.0","4.0",214509.056173556,2674542.87311078,"2.0","9864.0"
"9867",,"66000",387130000C,(04)23274275,(04)23288582,"2025","7","26","22","3",臺中市,西屯區,"0","1","0","7.0","1.0","6.0","50.0","4.0","1.0","1.0","5.0","4.0","6.0","6.0","2.0","1.0","4.0","3.0","4.0","2.0","16.0","2.0","9.0","5.0","4.0",F01,"7.0","6.0","7.0","21.0","2.0","14.0",,"48.0","48.0","1.0","13.0","4.0",215712.931724421,2673178.56042154,"2.0","9868.0"
"10066",,"66000",387130000C,(04)23274275,(04)23288582,"2025","7","27","18","37",臺中市,大里區,"0","0","0","7.0",,,"50.0",,,,,,,,,,,,,,"17.0",,,,,F01,,,"7.0",,"2.0",,,"7.0","7.0","1.0","12.0","4.0",120.674638,24.112657,"3.0","10067.0"
"10092",,"66000",387130000C,(04)23274275,(04)23288582,"2025","7","27","20","21",臺中市,梧棲區,"0","1","0","5.0","1.0","6.0","50.0","3.0","1.0","1.0","4.0","4.0","6.0","6.0","4.0","4.0","10.0","5.0","5.0","2.0","16.0","2.0","9.0","5.0","1.0",F01,"7.0","6.0","7.0","21.0","2.0","14.0",,"14.0","14.0","1.0","6.0","4.0",203199.075724865,2684006.41759932,"2.0","10093.0"
"10109",,"66000",387130000C,(04)23274275,(04)23288582,"2025","7","27","21","43",臺中市,西區,"0","2","0","5.0","1.0","6.0","50.0","4.0","1.0","1.0","4.0","4.0","6.0","6.0","1.0","1.0","10.0","5.0","5.0","2.0","15.0","2.0","9.0","6.0","1.0",F01,"7.0","9.0","7.0","21.0","2.0","12.0",,"21.0","21.0","1.0","13.0","4.0",216444.962790465,2671628.06893648,"2.0","10110.0"
"10300",,"66000",387130000C,(04)23274275,(04)23288582,"2025","7","28","13","19",臺中市,西屯區,"0","1","0","6.0","2.0","6.0","50.0","13.0","9.0","1.0","5.0","4.0","6.0","6.0","4.0","4.0","3.0","4.0","5.0","2.0","12.0","2.0","9.0","6.0","4.0",F01,"7.0","9.0","7.0","21.0","2.0","14.0",,"42.0","42.0","1.0","12.0","4.0",214034.450089378,2673896.27893458,"2.0","10301.0"
"10324",,"66000",387130000C,(04)23274275,(04)23288582,"2025","7","28","14","29",臺中市,北屯區,"0","1","0","6.0","2.0","6.0","30.0","3.0","9.0","1.0","5.0","4.0","6.0","6.0","4.0","4.0","10.0","5.0","5.0","2.0","17.0","2.0","1.0","4.0","1.0",F01,"7.0","12.0","7.0","21.0","2.0","11.0",,"84.0","84.0","1.0","2.0","4.0",223125.52140659,2673046.33403698,"2.0","10325.0"
"10350",,"66000",387130000C,(04)23274275,(04)23288582,"2025","7","28","15","26",臺中市,北區,"0","1","0","5.0","3.0","6.0","50.0","5.0","1.0","1.0","4.0","4.0","6.0","6.0","2.0","1.0","10.0","5.0","5.0","2.0","17.0","2.0","9.0","5.0","4.0",F01,"7.0","9.0","7.0","21.0","2.0","14.0",,"42.0","42.0","1.0","13.0","4.0",218096.798695537,2672180.46180951,"2.0","10351.0"
"10462",,"66000",387130000C,(04)23274275,(04)23288582,"2025","7","28","18","12",臺中市,神岡區,"0","1","0","5.0","2.0","6.0","50.0","3.0","1.0","1.0","4.0","4.0","6.0","6.0","3.0","1.0","10.0","5.0","5.0","2.0","16.0","2.0","8.0","5.0","4.0",F01,"7.0","6.0","7.0","21.0","2.0","14.0",,"48.0","48.0","1.0","12.0","4.0",215577.656405079,2683344.49239798,"2.0","10463.0"
"10499",,"66000",387130000C,(04)23274275,(04)23288582,"2025","7","28","19","22",臺中市,北屯區,"0","1","0","5.0","2.0","6.0","50.0","13.0","9.0","1.0","4.0","4.0","6.0","6.0","4.0","4.0","1.0","2.0","5.0","2.0","17.0","3.0","10.0","6.0","1.0",F01,"7.0","9.0","7.0","21.0","2.0","16.0",,"82.0","82.0","1.0","12.0","4.0",120.679462,24.173872,"2.0","10500.0"
"10708",,"66000",387130000C,(04)23274275,(04)23288582,"2025","7","29","12","27",臺中市,南屯區,"0","0","0","7.0",,,"50.0",,,,,,,,,,,,,,,,,,,F01,,,"1.0",,"1.0",,,"84.0","84.0","1.0","13.0","4.0",120.61273,24.153221,"3.0","10709.0"
"10811",,"66000",387130000C,(04)23274275,(04)23288582,"2025","7","29","16","58",臺中市,大甲區,"0","1","0","6.0","3.0","6.0","50.0","3.0","1.0","1.0","5.0","4.0","6.0","6.0","4.0","4.0","10.0","5.0","5.0","2.0","17.0","2.0","9.0","6.0","1.0",F01,"7.0","6.0","7.0","21.0","2.0","11.0",,"14.0","14.0","1.0","6.0","4.0",211324.27437561,2693730.68166127,"2.0","10812.0"
"10896",,"66000",387130000C,(04)23274275,(04)23288582,"2025","7","29","19","20",臺中市,南屯區,"0","0","0","5.0",,,"50.0",,,,,,,,,,,,,,"12.0",,,,,F01,,,"7.0",,"1.0",,,"51.0","51.0","1.0","12.0","4.0",120.643044,24.135432,"3.0","10897.0"
"11297",,"66000",387130000C,(04)23274275,(04)23288582,"2025","7","30","17","50",臺中市,沙鹿區,"0","1","0","7.0","2.0","6.0","50.0","13.0","8.0","1.0","5.0","4.0","6.0","6.0","4.0","4.0","1.0","4.0","4.0","1.0","18.0","2.0","9.0","6.0","1.0",F02,"7.0","9.0","7.0","21.0","2.0","11.0",,"85.0","85.0","1.0","12.0","4.0",206772.874742585,2684090.85731868,"2.0","11298.0"