field_1,序號,縣市別代碼,機關代碼,市話,傳真,年,月,日,時,分,縣市,區,死亡數量,受傷數量,2-30,天候,道路照明設備,道路類別,道路速限,道路型態,事故位置,路面鋪裝,路面狀態,路面缺陷,障礙物,視距,號誌種類,號誌動作,分向設施,快車道或一般車道間,快慢車道間,路面邊線,事故類型及型態,受傷程度,主要傷處,保護裝備,行動電話或功能裝置,當事者區分(類別),車輛用途,當事者行動狀態,駕照狀態,駕照種類,飲酒情形,車輛撞擊部位最初,車輛撞擊部位其他,肇事因素個別,肇事因素主要,肇事逃逸,職業,共享經濟或外送平台,GPS座標X,GPS座標Y,事故類別,﻿序號
"11320",,"66000",387130000C,(04)23274275,(04)23288582,"2025","7","30","18","13",臺中市,潭子區,"0","1","0","6.0","3.0","6.0","50.0","3.0","8.0","1.0","4.0","4.0","3.0","6.0","4.0","4.0","5.0","4.0","5.0","1.0","17.0","2.0","9.0","4.0","1.0",F01,"7.0","9.0","7.0","21.0","2.0","11.0",,"4.0","4.0","1.0","13.0","4.0",219566.035148556,2678583.32131146,"2.0","11321.0"
"11333",,"66000",387130000C,(04)23274275,(04)23288582,"2025","7","30","18","35",臺中市,大里區,"0","1","0","5.0","1.0","6.0","50.0","13.0","7.0","1.0","4.0","2.0","6.0","6.0","4.0","4.0","5.0","4.0","4.0","2.0","18.0","2.0","9.0","6.0","1.0",F01,"7.0","9.0","7.0","21.0","6.0","14.0",,"84.0","84.0","1.0","12.0","4.0",218935.219321643,2667401.7095125,"2.0","11334.0"
"11672",,"66000",387130000C,(04)23274275,(04)23288582,"2025","7","31","16","7",臺中市,北區,"0","1","0","5.0","2.0","6.0","50.0","4.0","1.0","1.0","4.0","4.0","6.0","6.0","1.0","1.0","1.0","2.0","5.0","2.0","17.0","3.0","10.0","6.0","1.0",F01,"7.0","6.0","7.0","21.0","2.0","16.0",,"48.0","48.0","1.0","13.0","4.0",120.667553,24.165158,"2.0","11673.0"
"11803",,"66000",387130000C,(04)23274275,(04)23288582,"2025","7","31","19","33",臺中市,沙鹿區,"0","1","0","5.0","1.0","6.0","50.0","13.0","9.0","1.0","4.0","4.0","6.0","6.0","4.0","4.0","4.0","5.0","5.0","2.0","18.0","2.0","9.0","6.0","4.0",F01,"7.0","9.0","7.0","21.0","2.0","14.0",,"82.0","82.0","1.0","13.0","4.0",207267.536315339,2679467.38481466,"2.0","11804.0"
"11850",,"66000",387130000C,(04)23274275,(04)23288582,"2025","7","31","22","24",臺中市,北屯區,"0","1","0","6.0","1.0","6.0","50.0","4.0","1.0","1.0","5.0","4.0","6.0","6.0","1.0","1.0","10.0","5.0","5.0","2.0","17.0","2.0","8.0","4.0","1.0",F01,"7.0","9.0","7.0","21.0","2.0","12.0",,"4.0","4.0","1.0","3.0","4.0",219464.694915471,2675291.22809641,"2.0","11851.0"
"35",,"66000",387130000C,(04)23274275,(04)23288582,"2025","6","1","10","0",臺中市,北屯區,"0","1","0","7.0","1.0","6","50.0","3.0","1.0","1.0","5.0","4.0","6.0","6.0","2.0","1.0","10.0","5.0","5.0","2.0","17.0","2.0","9.0","5.0","4.0",F01,"7.0","9.0","7.0","21.0","2.0","12.0",,"21.0","21.0","1.0","13.0","4.0",221687.07715765,2674787.1389357,"2.0","36.0"
"39",,"66000",387130000C,(04)23274275,(04)23288582,"2025","6","1","10","27",臺中市,北屯區,"0","1","0","7.0","2.0","6","50.0","13.0","9.0","1.0","5.0","4.0","6.0","6.0","4.0","4.0","10.0","5.0","5.0","2.0","13.0","2.0","9.0","5.0","4.0",F01,"7.0","9.0","7.0","21.0","2.0","12.0",,"59.0","59.0","1.0","12.0","4.0",224240.28061157,2676268.6701218,"2.0","40.0"
"137",,"66000",387130000C,(04)23274275,(04)23288582,"2025","6","1","16","52",臺中市,東區,"0","1","0","7.0","3.0","6","50.0","4.0","1.0","1.0","5.0","4.0","6.0","6.0","1.0","1.0","10.0","5.0","5.0","2.0","17.0","2.0","6.0","6.0","4.0",F01,"7.0","5.0","7.0","21.0","7.0","13.0",,"84.0","84.0","1.0","12.0","4.0",218257.565456856,2670358.47119572,"2.0","138.0"
"139",,"66000",387130000C,(04)23274275,(04)23288582,"2025","6","1","16","56",臺中市,神岡區,"0","1","0","7.0","2.0","6","30.0","3.0","2.0","1.0","5.0","4.0","6.0","6.0","4.0","4.0","10.0","5.0","5.0","2.0","16.0","2.0","8.0","4.0","1.0",F01,"7.0","5.0","7.0","21.0","2.0","14.0",,"14.0","14.0","1.0","12.0","4.0",214968.209028615,2686054.23096409,"2.0","140.0"
"160",,"66000",387130000C,(04)23274275,(04)23288582,"2025","6","1","18","25",臺中市,西屯區,"0","2","0","7.0","1.0","6","30.0","4.0","9.0","1.0","5.0","4.0","6.0","6.0","1.0","1.0","5.0","5.0","5.0","2.0","16.0","2.0","9.0","5.0","4.0",F02,"7.0","6.0","7.0","21.0","2.0","11.0",,"12.0","12.0","1.0","12.0","4.0",211206.737204596,2673219.04383135,"2.0","161.0"
"219",,"66000",387130000C,(04)23274275,(04)23288582,"2025","6","2","6","20",臺中市,豐原區,"0","2","0","6.0","2.0","6","50.0","4.0","1.0","1.0","4.0","4.0","6.0","6.0","1.0","1.0","10.0","5.0","5.0","2.0","16.0","2.0","8.0","6.0","1.0",F01,"7.0","6.0","7.0","21.0","2.0","11.0",,"48.0","48.0","1.0","12.0","4.0",220466.903092039,2682774.92886931,"2.0","220.0"
"251",,"66000",387130000C,(04)23274275,(04)23288582,"2025","6","2","7","50",臺中市,大里區,"0","1","0","6.0","3.0","6","30.0","3.0","1.0","1.0","5.0","4.0","6.0","6.0","4.0","4.0","10.0","5.0","5.0","2.0","15.0","3.0","10.0","6.0","1.0",F01,"7.0","1.0","7.0","21.0","2.0","11.0",,"12.0","12.0","1.0","12.0","4.0",120.702271,24.081489,"2.0","252.0"
"371",,"66000",387130000C,(04)23274275,(04)23288582,"2025","6","2","12","18",臺中市,大里區,"0","1","0","5.0","2.0","6","40.0","13.0","8.0","1.0","4.0","4.0","6.0","6.0","4.0","4.0","5.0","5.0","4.0","1.0","17.0","2.0","9.0","4.0","1.0",F01,"7.0","9.0","7.0","21.0","2.0","14.0",,"84.0","84.0","1.0","12.0","1.0",218387.349246888,2667241.66121676,"2.0","372.0"
"485",,"66000",387130000C,(04)23274275,(04)23288582,"2025","6","2","17","13",臺中市,潭子區,"0","0","0","7.0",,,"50.0",,,,,,,,,,,,,,,,,,,F01,,,,,,,,"86.0","86.0","1.0",,"1.0",120.701212,24.194335,"3.0","486.0"
"507",,"66000",387130000C,(04)23274275,(04)23288582,"2025","6","2","17","45",臺中市,龍井區,"0","1","0","5.0","1.0","6","50.0","12.0","9.0","1.0","4.0","4.0","6.0","6.0","4.0","4.0","4.0","3.0","5.0","1.0","18.0","2.0","9.0","6.0","4.0",F02,"7.0","9.0","7.0","21.0","2.0","14.0",,"59.0","59.0","1.0","4.0","4.0",206231.960384598,2675987.35254876,"2.0","508.0"
"523",,"66000",387130000C,(04)23274275,(04)23288582,"2025","6","2","18","10",臺中市,大甲區,"0","2","0","6.0","1.0","6","50.0","3.0","1.0","1.0","4.0","4.0","6.0","6.0","1.0","1.0","5.0","5.0","5.0","1.0","16.0","2.0","9.0","1.0","1.0",F01,"7.0","9.0","7.0","21.0","2.0","12.0",,"21.0","21.0","1.0","12.0","4.0",210575.749257205,2693658.65972027,"2.0","524.0"
"543",,"66000",387130000C,(04)23274275,(04)23288582,"2025","6","2","19","8",臺中市,大里區,"0","0","0","7.0",,,"30.0",,,,,,,,,,,,,,"17.0",,,,,F01,,,"7.0",,"1.0",,,"84.0","84.0","1.0","2.0","4.0",120.683241,24.1147,"3.0","544.0"
"904",,"66000",387130000C,(04)23274275,(04)23288582,"2025","6","3","16","49",臺中市,東區,"0","0","0","7.0",,,"50.0",,,,,,,,,,,,,,"12.0",,,,,F01,,,"7.0",,"1.0",,,"8.0","8.0","1.0","12.0","1.0",120.686916,24.141741,"3.0","905.0"
"951",,"66000",387130000C,(04)23274275,(04)23288582,"2025","6","3","17","44",臺中市,北區,"0","1","0","5.0","2.0","6","50.0","4.0","9.0","1.0","4.0","4.0","6.0","6.0","1.0","1.0","5.0","5.0","5.0","2.0","17.0","2.0","9.0","5.0","4.0",F01,"7.0","9.0","7.0","21.0","2.0","14.0",,"84.0","84.0","1.0","13.0","4.0",216808.64363419,2672222.50358022,"2.0","952.0"
"952",,"66000",387130000C,(04)23274275,(04)23288582,"2025","6","3","17","45",臺中市,南區,"0","1","0","5.0","1.0","6","50.0","13.0","9.0","1.0","4.0","4.0","6.0","6.0","4.0","4.0","9.0","5.0","5.0","2.0","17.0","3.0","10.0","4.0","1.0",F01,"7.0","1.0","7.0","21.0","2.0","16.0",,"51.0","51.0","1.0","12.0","1.0",120.668291,24.118416,"2.0","953.0"
"966",,"66000",387130000C,(04)23274275,(04)23288582,"2025","6","3","18","4",臺中市,潭子區,"0","1","0","6.0","2.0","6","50.0","4.0","7.0","1.0","5.0","4.0","6.0","6.0","1.0","1.0","1.0","4.0","4.0","1.0","18.0","2.0","9.0","1.0","1.0",F01,"7.0","9.0","7.0","21.0","2.0","14.0",,"84.0","84.0","1.0","13.0","4.0",219878.051746217,2678955.44590025,"2.0","967.0"
"990",,"66000",387130000C,(04)23274275,(04)23288582,"2025","6","3","19","5",臺中市,南區,"0","1","0","7.0","1.0","6","30.0","3.0","1.0","1.0","5.0","4.0","6.0","6.0","4.0","4.0","10.0","5.0","5.0","2.0","16.0","3.0","10.0","4.0","1.0",F01,"7.0","6.0","7.0","21.0","2.0","14.0",,"14.0","14.0","1.0","12.0","4.0",120.655151,24.112507,"2.0","991.0"
"1003",,"66000",387130000C,(04)23274275,(04)23288582,"2025","6","3","19","29",臺中市,南屯區,"0","0","0","6.0",,,"50.0",,,,,,,,,,,,,,,,,,,F01,,,"7.0",,"1.0",,,"7.0","7.0","1.0","2.0","4.0",120.645043,24.136256,"3.0","1004.0"
"1034",,"66000",387130000C,(04)23274275,(04)23288582,"2025","6","3","21","27",臺中市,西區,"0","0","0","5.0",,,"50.0",,,,,,,,,,,,,,"13.0",,,,,F01,,,"7.0",,"1.0",,,"84.0","84.0","1.0","13.0","1.0",120.661534,24.1433,"3.0","1035.0"
"1067",,"66000",387130000C,(04)23274275,(04)23288582,"2025","6","4","6","50",臺中市,豐原區,"0","2","0","7.0","2.0","6","50.0","4.0","1.0","1.0","4.0","4.0","6.0","6.0","3.0","1.0","10.0","5.0","5.0","2.0","17.0","2.0","9.0","1.0","1.0",F01,"7.0","9.0","7.0","21.0","2.0","11.0",,"84.0","84.0","1.0","13.0","4.0",221092.133301891,2681737.99645143,"2.0","1068.0"
"1173",,"66000",387130000C,(04)23274275,(04)23288582,"2025","6","4","10","45",臺中市,南屯區,"0","2","0","6.0","2.0","6","50.0","3.0","1.0","1.0","5.0","4.0","6.0","6.0","4.0","4.0","10.0","5.0","5.0","2.0","16.0","2.0","9.0","6.0","4.0",F01,"7.0","6.0","7.0","21.0","2.0","11.0",,"48.0","48.0","1.0","13.0","4.0",212773.96523038,2671947.74511714,"2.0","1174.0"
"1197",,"66000",387130000C,(04)23274275,(04)23288582,"2025","6","4","11","50",臺中市,沙鹿區,"0","1","0","7.0","2.0","6","40.0","13.0","9.0","1.0","5.0","4.0","6.0","6.0","4.0","4.0","4.0","4.0","5.0","2.0","12.0","3.0","10.0","2.0","1.0",F02,"7.0","9.0","7.0","21.0","2.0","11.0",,"85.0","85.0","1.0","12.0","4.0",120.560394,24.234575,"2.0","1198.0"
"1213",,"66000",387130000C,(04)23274275,(04)23288582,"2025","6","4","12","27",臺中市,大肚區,"0","2","0","6.0","2.0","6","50.0","3.0","1.0","1.0","5.0","4.0","6.0","6.0","1.0","1.0","10.0","5.0","5.0","2.0","15.0","2.0","9.0","4.0","1.0",F02,"7.0","9.0","7.0","21.0","2.0","11.0",,"21.0","21.0","1.0","12.0","4.0",205808.5671661,2668709.78068606,"2.0","1214.0"
"1237",,"66000",387130000C,(04)23274275,(04)23288582,"2025","6","4","14","18",臺中市,西屯區,"0","2","0","6.0","2.0","6","40.0","13.0","7.0","1.0","5.0","4.0","6.0","6.0","4.0","4.0","5.0","4.0","4.0","2.0","17.0","2.0","7.0","6.0","4.0",F01,"7.0","9.0","7.0","21.0","2.0","14.0",,"56.0","56.0","1.0","12.0","4.0",214523.247699366,2674570.30412005,"2.0","1238.0"
"1385",,"66000",387130000C,(04)23274275,(04)23288582,"2025","6","4","21","29",臺中市,南區,"0","2","0","5.0","1.0","6","40.0","13.0","8.0","1.0","4.0","4.0","6.0","6.0","4.0","4.0","10.0","5.0","5.0","1.0","17.0","2.0","9.0","6.0","1.0",F01,"7.0","1.0","7.0","21.0","8.0","14.0",,"51.0","51.0","1.0","13.0","4.0",215279.293516208,2669158.34616118,"2.0","1386.0"
"1394",,"66000",387130000C,(04)23274275,(04)23288582,"2025","6","4","22","18",臺中市,南區,"0","1","0","5.0","1.0","6","50.0","3.0","2.0","1.0","4.0","4.0","6.0","6.0","4.0","4.0","5.0","5.0","5.0","2.0","17.0","2.0","9.0","6.0","4.0",F02,"7.0","21.0","7.0","21.0","8.0","11.0",,"84.0","84.0","1.0","12.0","4.0",216338.989371774,2667938.76285478,"2.0","1395.0"
"1461",,"66000",387130000C,(04)23274275,(04)23288582,"2025","6","5","8","19",臺中市,北區,"0","2","0","7.0","2.0","6","50.0","13.0","9.0","1.0","5.0","4.0","6.0","6.0","4.0","4.0","9.0","5.0","5.0","2.0","17.0","2.0","9.0","5.0","1.0",F01,"7.0","6.0","7.0","21.0","2.0","14.0",,"84.0","84.0","1.0","13.0","4.0",219416.913984792,2672159.51070077,"2.0","1462.0"
"1800",,"66000",387130000C,(04)23274275,(04)23288582,"2025","6","6","7","46",臺中市,梧棲區,"0","1","0","6.0","2.0","6","30.0","13.0","9.0","1.0","5.0","4.0","6.0","6.0","4.0","4.0","10.0","5.0","5.0","1.0","17.0","2.0","9.0","6.0","1.0",F01,"7.0","1.0","7.0","21.0","2.0","11.0",,"51.0","51.0","1.0","12.0","4.0",203057.84660603,2680362.1823311,"2.0","1801.0"
"1801",,"66000",387130000C,(04)23274275,(04)23288582,"2025","6","6","7","48",臺中市,霧峰區,"0","2","0","7.0","2.0","6","50.0","3.0","1.0","1.0","5.0","4.0","6.0","6.0","1.0","1.0","10.0","5.0","5.0","2.0","15.0","2.0","9.0","6.0","1.0",F01,"7.0","9.0","7.0","21.0","2.0","14.0",,"21.0","21.0","1.0","4.0","4.0",219497.690530102,2663317.3635383,"2.0","1802.0"
"1891",,"66000",387130000C,(04)23274275,(04)23288582,"2025","6","6","11","2",臺中市,大肚區,"0","1","0","7.0","2.0","6","50.0","13.0","9.0","1.0","5.0","4.0","6.0","6.0","4.0","4.0","9.0","5.0","5.0","1.0","17.0","2.0","9.0","5.0","4.0",F01,"7.0","6.0","7.0","21.0","9.0","15.0",,"87.0","87.0","1.0","6.0","4.0",207323.255511856,2673739.5176053,"2.0","1892.0"
"2233",,"66000",387130000C,(04)23274275,(04)23288582,"2025","6","7","10","15",臺中市,霧峰區,"0","1","0","7.0","2.0","6","50.0","13.0","7.0","1.0","5.0","4.0","6.0","6.0","4.0","4.0","5.0","5.0","4.0","1.0","17.0","2.0","9.0","6.0","1.0",F01,"7.0","9.0","7.0","21.0","2.0","14.0",,"84.0","84.0","1.0","13.0","4.0",219391.627480658,2662365.25382661,"2.0","2234.0"
"2437",,"66000",387130000C,(04)23274275,(04)23288582,"2025","6","7","18","35",臺中市,北區,"0","1","0","7.0","1.0","6","40.0","13.0","8.0","1.0","5.0","4.0","6.0","6.0","4.0","4.0","1.0","4.0","4.0","2.0","18.0","2.0","9.0","6.0","1.0",F01,"7.0","9.0","7.0","21.0","1.0","15.0",,"84.0","84.0","1.0","12.0","4.0",218492.244928245,2671325.58003059,"2.0","2438.0"
"2594",,"66000",387130000C,(04)23274275,(04)23288582,"2025","6","8","11","43",臺中市,太平區,"0","3","0","7.0","3.0","6","50.0","13.0","8.0","1.0","5.0","4.0","6.0","6.0","4.0","4.0","1.0","5.0","1.0","2.0","12.0","2.0","9.0","6.0","1.0",F01,"7.0","15.0","7.0","21.0","2.0","12.0",,"42.0","42.0","1.0","12.0","4.0",221275.348469572,2672555.89080451,"2.0","2595.0"
"2653",,"66000",387130000C,(04)23274275,(04)23288582,"2025","6","8","15","13",臺中市,龍井區,"0","1","0","7.0","3.0","6","30.0","13.0","9.0","1.0","5.0","4.0","6.0","6.0","4.0","4.0","10.0","5.0","5.0","1.0","18.0","2.0","1.0","6.0","1.0",F01,"7.0","9.0","7.0","21.0","5.0","14.0",,"59.0","59.0","1.0","6.0","4.0",203840.625027511,2677464.39854121,"2.0","2654.0"
"2662",,"66000",387130000C,(04)23274275,(04)23288582,"2025","6","8","15","49",臺中市,東區,"0","1","0","7.0","2.0","6","50.0","18.0","24.0","2.0","5.0","4.0","6.0","6.0","4.0","4.0","10.0","5.0","5.0","2.0","18.0","2.0","9.0","6.0","1.0",F01,"7.0","9.0","7.0","21.0","2.0","15.0",,"84.0","84.0","1.0","12.0","4.0",218742.323351141,2670573.0305646,"2.0","2663.0"
"2670",,"66000",387130000C,(04)23274275,(04)23288582,"2025","6","8","16","14",臺中市,北區,"0","2","0","7.0","3.0","6","50.0","4.0","2.0","1.0","5.0","4.0","6.0","6.0","4.0","4.0","5.0","4.0","4.0","2.0","16.0","2.0","9.0","5.0","4.0",F01,"7.0","6.0","7.0","21.0","2.0","14.0",,"11.0","11.0","1.0","13.0","4.0",217349.322360785,2672689.17625633,"2.0","2671.0"
"2695",,"66000",387130000C,(04)23274275,(04)23288582,"2025","6","8","17","20",臺中市,西區,"0","0","0","7.0",,,"50.0",,,,,,,,,,,,,,,,,,,F01,,,"7.0",,"2.0",,,"8.0","8.0","1.0","12.0","4.0",120.6704,24.135466,"3.0","2696.0"
"2782",,"66000",387130000C,(04)23274275,(04)23288582,"2025","6","9","7","5",臺中市,清水區,"0","1","0","7.0","3.0","6","50.0","3.0","1.0","1.0","5.0","4.0","6.0","6.0","3.0","1.0","5.0","4.0","5.0","2.0","16.0","2.0","7.0","6.0","1.0",F01,"7.0","6.0","7.0","21.0","9.0","14.0",,"14.0","14.0","1.0","12.0","4.0",204547.222617665,2684012.54701003,"2.0","2783.0"
"2930",,"66000",387130000C,(04)23274275,(04)23288582,"2025","6","9","13","41",臺中市,后里區,"0","1","0","7.0","3.0","6","50.0","13.0","9.0","1.0","5.0","4.0","6.0","6.0","4.0","4.0","9.0","5.0","5.0","1.0","17.0","2.0","9.0","6.0","1.0",F02,"7.0","9.0","7.0","21.0","2.0","12.0",,"58.0","58.0","1.0","3.0","4.0",222473.889736622,2689061.73553887,"2.0","2931.0"
"3018",,"66000",387130000C,(04)23274275,(04)23288582,"2025","6","9","16","51",臺中市,大肚區,"0","1","0","7.0","2.0","6","50.0","13.0","9.0","1.0","5.0","4.0","6.0","6.0","4.0","4.0","5.0","5.0","5.0","1.0","2.0","2.0","8.0","2.0","1.0",F02,"7.0","9.0","7.0","21.0","2.0","11.0",,"59.0","59.0","1.0","3.0","4.0",206874.848974678,2674310.69298398,"2.0","3019.0"
"3027",,"66000",387130000C,(04)23274275,(04)23288582,"2025","6","9","17","9",臺中市,太平區,"0","1","0","7.0","3.0","6","50.0","13.0","9.0","1.0","5.0","4.0","6.0","6.0","4.0","4.0","9.0","5.0","5.0","2.0","30.0","2.0","9.0","4.0","1.0",F02,"7.0","9.0","7.0","21.0","2.0","12.0","14.0","84.0","84.0","1.0","12.0","4.0",222082.503255082,2668824.9835259,"2.0","3028.0"
"3051",,"66000",387130000C,(04)23274275,(04)23288582,"2025","6","9","17","32",臺中市,西區,"0","1","0","7.0","2.0","6","50.0","3.0","1.0","1.0","5.0","4.0","6.0","6.0","4.0","4.0","10.0","5.0","5.0","2.0","17.0","2.0","9.0","6.0","1.0",F01,"7.0","11.0","7.0","21.0","2.0","11.0",,"46.0","46.0","1.0","12.0","4.0",215396.571633237,2670489.62053241,"2.0","3052.0"
"3282",,"66000",387130000C,(04)23274275,(04)23288582,"2025","6","10","9","47",臺中市,東區,"0","2","0","7.0","2.0","6","50.0","4.0","1.0","1.0","5.0","4.0","6.0","6.0","4.0","4.0","10.0","5.0","5.0","2.0","15.0","2.0","9.0","4.0","1.0",F01,"7.0","9.0","7.0","21.0","2.0","11.0",,"15.0","15.0","1.0","12.0","4.0",218594.186434593,2670638.81026414,"2.0","3283.0"
"3294",,"66000",387130000C,(04)23274275,(04)23288582,"2025","6","10","10","6",臺中市,南區,"0","1","0","7.0","2.0","6","0.0","13.0","21.0","4.0","5.0","4.0","6.0","6.0","4.0","4.0","10.0","5.0","5.0","2.0","17.0","2.0","9.0","6.0","1.0",F01,"7.0","15.0","7.0","21.0","2.0","15.0",,"84.0","84.0","1.0","12.0","4.0",216398.761975848,2668241.19273083,"2.0","3295.0"
"3321",,"66000",387130000C,(04)23274275,(04)23288582,"2025","6","10","10","52",臺中市,大安區,"0","1","0","7.0","2.0","6","50.0","4.0","9.0","1.0","5.0","4.0","6.0","6.0","1.0","1.0","6.0","3.0","5.0","2.0","15.0","2.0","9.0","4.0","1.0",F01,"7.0","9.0","7.0","21.0","7.0","11.0",,"21.0","21.0","1.0","12.0","4.0",209774.452448797,2697140.73715346,"2.0","3322.0"
"3420",,"66000",387130000C,(04)23274275,(04)23288582,"2025","6","10","14","37",臺中市,西屯區,"0","2","0","7.0","2.0","6","30.0","4.0","1.0","1.0","5.0","4.0","6.0","6.0","4.0","4.0","10.0","5.0","5.0","2.0","15.0","2.0","9.0","4.0","1.0",F01,"7.0","1.0","7.0","21.0","2.0","12.0",,"51.0","51.0","1.0","12.0","4.0",213690.14186222,2674590.68190007,"2.0","3421.0"
"3501",,"66000",387130000C,(04)23274275,(04)23288582,"2025","6","10","17","3",臺中市,大甲區,"0","1","0","7.0","3.0","6","50.0","11.0","9.0","1.0","5.0","4.0","6.0","6.0","4.0","4.0","10.0","5.0","5.0","2.0","17.0","2.0","9.0","1.0","1.0",F01,"7.0","9.0","7.0","21.0","2.0","11.0",,"7.0","7.0","1.0","6.0","4.0",212659.139655616,2693523.62744542,"2.0","3502.0"
"3556",,"66000",387130000C,(04)23274275,(04)23288582,"2025","6","10","18","11",臺中市,西屯區,"0","2","0","7.0","1.0","6","50.0","4.0","1.0","1.0","5.0","4.0","6.0","6.0","1.0","1.0","10.0","5.0","5.0","2.0","12.0","2.0","8.0","4.0","1.0",F01,"7.0","7.0","7.0","21.0","2.0","12.0","14.0","40.0","40.0","1.0","12.0","4.0",215653.234669344,2674588.23931107,"2.0","3557.0"
"3566",,"66000",387130000C,(04)23274275,(04)23288582,"2025","6","10","18","40",臺中市,北屯區,"0","1","0","7.0","1.0","6","50.0","3.0","1.0","1.0","5.0","4.0","6.0","6.0","4.0","4.0","10.0","5.0","5.0","2.0","13.0","2.0","9.0","1.0","1.0",F01,"7.0","9.0","7.0","21.0","2.0","11.0",,"7.0","7.0","1.0","12.0","4.0",221710.267933564,2672808.1955377,"2.0","3567.0"
"3570",,"66000",387130000C,(04)23274275,(04)23288582,"2025","6","10","19","19",臺中市,大雅區,"0","1","0","7.0","1.0","6","30.0","4.0","1.0","1.0","5.0","4.0","6.0","5.0","3.0","1.0","10.0","5.0","5.0","2.0","17.0","2.0","7.0","4.0","1.0",F01,"7.0","5.0","7.0","21.0","2.0","16.0",,"11.0","11.0","1.0","12.0","4.0",213024.337580738,2679354.30215599,"2.0","3571.0"
"3634",,"66000",387130000C,(04)23274275,(04)23288582,"2025","6","11","7","8",臺中市,大雅區,"0","2","0","7.0","1.0","6","30.0","3.0","1.0","1.0","5.0","4.0","6.0","6.0","4.0","4.0","5.0","5.0","5.0","1.0","17.0","2.0","4.0","4.0","1.0",F01,"7.0","9.0","7.0","21.0","2.0","14.0",,"12.0","12.0","1.0","13.0","4.0",216213.323038036,2678834.78413476,"2.0","3635.0"
"3694",,"66000",387130000C,(04)23274275,(04)23288582,"2025","6","11","8","20",臺中市,太平區,"0","2","0","7.0","3.0","6","50.0","3.0","1.0","1.0","5.0","4.0","6.0","6.0","4.0","4.0","10.0","5.0","5.0","2.0","16.0","2.0","9.0","2.0","1.0",F02,"7.0","6.0","7.0","21.0","2.0","12.0",,"14.0","14.0","1.0","12.0","4.0",222905.224526183,2671980.99866369,"2.0","3695.0"
"3852",,"66000",387130000C,(04)23274275,(04)23288582,"2025","6","11","15","25",臺中市,西屯區,"0","0","0","7.0",,,,,,,,,,,,,,,,,"17.0",,,,,F01,,,,,,,,"62.0","62.0","1.0",,,120.644515,24.184304,"3.0","3853.0"
"4050",,"66000",387130000C,(04)23274275,(04)23288582,"2025","6","12","7","25",臺中市,沙鹿區,"0","1","0","7.0","2.0","6","30.0","3.0","1.0","1.0","5.0","4.0","6.0","6.0","1.0","1.0","10.0","5.0","5.0","2.0","17.0","2.0","9.0","6.0","1.0",F01,"7.0","9.0","7.0","21.0","2.0","14.0",,"43.0","43.0","1.0","13.0","4.0",206365.970812166,2681802.37904177,"2.0","4051.0"
"4205",,"66000",387130000C,(04)23274275,(04)23288582,"2025","6","12","12","31",臺中市,中區,"0","1","0","5.0","1.0","6","50.0","13.0","9.0","1.0","4.0","4.0","6.0","6.0","4.0","4.0","10.0","5.0","5.0","1.0","30.0","2.0","9.0","5.0","4.0",F01,"7.0","9.0","7.0","21.0","2.0","12.0",,"84.0","84.0","1.0","12.0","4.0",217501.878885847,2670609.91906865,"2.0","4206.0"
"4252",,"66000",387130000C,(04)23274275,(04)23288582,"2025","6","12","15","15",臺中市,北屯區,"0","1","0","5.0","3.0","6","50.0","4.0","1.0","1.0","4.0","4.0","6.0","6.0","2.0","1.0","10.0","5.0","5.0","2.0","18.0","2.0","8.0","4.0","1.0",F01,"7.0","5.0","7.0","21.0","2.0","12.0",,"84.0","84.0","1.0","12.0","4.0",218916.213812929,2673316.50431954,"2.0","4253.0"
"4312",,"66000",387130000C,(04)23274275,(04)23288582,"2025","6","12","17","8",臺中市,沙鹿區,"0","2","0","7.0","1.0","6","50.0","4.0","1.0","1.0","5.0","4.0","6.0","6.0","4.0","4.0","4.0","4.0","4.0","2.0","16.0","2.0","9.0","1.0","1.0",F01,"7.0","6.0","7.0","21.0","1.0","14.0",,"48.0","48.0","1.0","12.0","4.0",206741.305065646,2679702.4480601,"2.0","4313.0"
"4502",,"66000",387130000C,(04)23274275,(04)23288582,"2025","6","13","7","23",臺中市,北屯區,"0","1","0","5.0","2.0","6","50.0","4.0","1.0","1.0","4.0","4.0","6.0","6.0","2.0","1.0","10.0","5.0","5.0","2.0","16.0","3.0","10.0","4.0","1.0",F01,"7.0","11.0","7.0","21.0","2.0","14.0",,"45.0","45.0","1.0","2.0","1.0",120.682064,24.194064,"2.0","4503.0"
"4519",,"66000",387130000C,(04)23274275,(04)23288582,"2025","6","13","7","41",臺中市,北區,"0","1","0","5.0","2.0","6","50.0","13.0","9.0","1.0","4.0","4.0","6.0","6.0","4.0","4.0","5.0","4.0","5.0","2.0","17.0","2.0","8.0","6.0","1.0",F01,"7.0","9.0","7.0","21.0","1.0","11.0",,"84.0","84.0","1.0","12.0","4.0",217352.166494697,2672290.13326063,"2.0","4520.0"
"4891",,"66000",387130000C,(04)23274275,(04)23288582,"2025","6","13","18","8",臺中市,大里區,"0","1","0","5.0","2.0","6","50.0","13.0","12.0","1.0","4.0","4.0","6.0","6.0","1.0","1.0","5.0","5.0","4.0","1.0","17.0","3.0","10.0","5.0","1.0",F01,"7.0","15.0","7.0","21.0","2.0","16.0",,"4.0","4.0","1.0","12.0","4.0",120.683883,24.111772,"2.0","4892.0"