field_1,序號,縣市別代碼,機關代碼,市話,傳真,年,月,日,時,分,縣市,區,死亡數量,受傷數量,2-30,天候,道路照明設備,道路類別,道路速限,道路型態,事故位置,路面鋪裝,路面狀態,路面缺陷,障礙物,視距,號誌種類,號誌動作,分向設施,快車道或一般車道間,快慢車道間,路面邊線,事故類型及型態,受傷程度,主要傷處,保護裝備,行動電話或功能裝置,當事者區分(類別),車輛用途,當事者行動狀態,駕照狀態,駕照種類,飲酒情形,車輛撞擊部位最初,車輛撞擊部位其他,肇事因素個別,肇事因素主要,肇事逃逸,職業,共享經濟或外送平台,GPS座標X,GPS座標Y,事故類別,﻿序號
"4915",,"66000",387130000C,(04)23274275,(04)23288582,"2025","6","13","18","45",臺中市,清水區,"0","1","0","5.0","3.0","6","40.0","13.0","8.0","1.0","4.0","4.0","6.0","6.0","4.0","4.0","1.0","4.0","4.0","2.0","12.0","2.0","9.0","2.0","1.0",F01,"7.0","15.0","7.0","21.0","1.0","15.0",,"84.0","84.0","1.0","12.0","4.0",202947.930655695,2685246.70528698,"2.0","4916.0"
"5042",,"66000",387130000C,(04)23274275,(04)23288582,"2025","6","14","9","5",臺中市,西區,"0","1","0","6.0","2.0","6","40.0","3.0","1.0","1.0","5.0","4.0","6.0","6.0","4.0","4.0","10.0","5.0","5.0","2.0","17.0","2.0","9.0","6.0","1.0",F01,"7.0","1.0","7.0","21.0","2.0","11.0",,"51.0","51.0","1.0","12.0","4.0",216998.0518284,2670419.58957074,"2.0","5043.0"
"5066",,"66000",387130000C,(04)23274275,(04)23288582,"2025","6","14","10","16",臺中市,大里區,"0","1","0","7.0","3.0","6","50.0","3.0","1.0","1.0","5.0","4.0","6.0","6.0","3.0","1.0","5.0","4.0","5.0","1.0","18.0","2.0","9.0","5.0","4.0",F01,"7.0","9.0","7.0","21.0","2.0","12.0",,"84.0","84.0","1.0","13.0","4.0",219321.489697258,2666589.40606015,"2.0","5067.0"
"5123",,"66000",387130000C,(04)23274275,(04)23288582,"2025","6","14","12","30",臺中市,西區,"0","1","0","6.0","2.0","6","25.0","13.0","9.0","1.0","5.0","4.0","6.0","6.0","4.0","4.0","5.0","4.0","5.0","2.0","17.0","2.0","7.0","6.0","1.0",F02,"7.0","15.0","7.0","21.0","2.0","11.0",,"82.0","82.0","1.0","12.0","4.0",214580.153564722,2671308.64014546,"2.0","5124.0"
"5196",,"66000",387130000C,(04)23274275,(04)23288582,"2025","6","14","15","17",臺中市,東區,"0","0","0","7.0",,,"50.0",,,,,,,,,,,,,,"16.0",,,,,F01,,,"7.0",,"1.0",,,"48.0","48.0","1.0","2.0","4.0",120.706049,24.144484,"3.0","5197.0"
"5228",,"66000",387130000C,(04)23274275,(04)23288582,"2025","6","14","16","45",臺中市,潭子區,"0","1","0","7.0","2.0","8","20.0","13.0","13.0","1.0","5.0","4.0","6.0","6.0","4.0","4.0","10.0","5.0","5.0","1.0","2.0","3.0","10.0","6.0","1.0",F01,"7.0","9.0","7.0","21.0","2.0","11.0",,"84.0","84.0","1.0","12.0","4.0",120.706542,24.219898,"2.0","5229.0"
"5235",,"66000",387130000C,(04)23274275,(04)23288582,"2025","6","14","16","53",臺中市,沙鹿區,"0","1","0","7.0","2.0","6","40.0","13.0","8.0","1.0","5.0","4.0","6.0","6.0","4.0","4.0","1.0","5.0","5.0","2.0","18.0","2.0","9.0","4.0","1.0",F01,"7.0","9.0","7.0","21.0","2.0","14.0",,"59.0","59.0","1.0","6.0","1.0",207441.476748824,2677384.59150982,"2.0","5236.0"
"5322",,"66000",387130000C,(04)23274275,(04)23288582,"2025","6","14","21","26",臺中市,南屯區,"0","1","0","7.0","2.0","6","50.0","5.0","2.0","1.0","5.0","4.0","6.0","6.0","2.0","1.0","1.0","4.0","5.0","2.0","12.0","2.0","9.0","4.0","1.0",F01,"7.0","1.0","7.0","21.0","4.0","14.0",,"84.0","84.0","1.0","12.0","1.0",213181.736525583,2670830.75210514,"2.0","5323.0"
"5394",,"66000",387130000C,(04)23274275,(04)23288582,"2025","6","15","8","28",臺中市,豐原區,"0","2","0","7.0","3.0","6","50.0","3.0","1.0","1.0","5.0","4.0","6.0","6.0","3.0","1.0","1.0","4.0","5.0","1.0","17.0","2.0","9.0","4.0","1.0",F01,"7.0","6.0","7.0","21.0","2.0","13.0",,"36.0","36.0","1.0","12.0","4.0",220444.349570867,2682867.23250311,"2.0","5395.0"
"5439",,"66000",387130000C,(04)23274275,(04)23288582,"2025","6","15","10","35",臺中市,北屯區,"0","1","0","7.0","2.0","6","50.0","13.0","9.0","1.0","5.0","4.0","6.0","6.0","4.0","4.0","9.0","4.0","5.0","2.0","12.0","2.0","7.0","6.0","1.0",F01,"7.0","9.0","7.0","21.0","2.0","12.0",,"59.0","59.0","1.0","6.0","4.0",222803.052543053,2674297.32342669,"2.0","5440.0"
"5487",,"66000",387130000C,(04)23274275,(04)23288582,"2025","6","15","12","44",臺中市,南區,"0","1","0","7.0","3.0","6","50.0","13.0","9.0","1.0","5.0","4.0","6.0","6.0","4.0","4.0","3.0","5.0","5.0","2.0","17.0","2.0","9.0","5.0","4.0",F02,"7.0","9.0","7.0","21.0","2.0","11.0",,"84.0","84.0","1.0","6.0","4.0",214435.560068459,2668427.92021571,"2.0","5488.0"
"5563",,"66000",387130000C,(04)23274275,(04)23288582,"2025","6","15","16","44",臺中市,梧棲區,"0","1","0","7.0","2.0","6","30.0","13.0","14.0","1.0","5.0","4.0","6.0","6.0","4.0","4.0","5.0","4.0","5.0","1.0","17.0","2.0","9.0","6.0","1.0",F01,"7.0","9.0","7.0","21.0","1.0","11.0",,"84.0","84.0","1.0","2.0","4.0",202734.355566866,2683556.85804175,"2.0","5564.0"
"5572",,"66000",387130000C,(04)23274275,(04)23288582,"2025","6","15","17","10",臺中市,北屯區,"0","1","0","7.0","3.0","6","50.0","5.0","1.0","1.0","5.0","4.0","6.0","6.0","1.0","1.0","10.0","5.0","5.0","2.0","3.0","3.0","10.0","2.0","1.0",F01,"7.0","9.0","7.0","21.0","2.0","11.0",,"21.0","21.0","1.0","6.0","4.0",120.681685,24.17266,"2.0","5573.0"
"5584",,"66000",387130000C,(04)23274275,(04)23288582,"2025","6","15","17","38",臺中市,烏日區,"0","1","0","7.0","2.0","6","50.0","12.0","8.0","1.0","5.0","4.0","6.0","6.0","4.0","4.0","1.0","4.0","1.0","2.0","18.0","2.0","9.0","5.0","4.0",F01,"7.0","9.0","7.0","21.0","2.0","11.0",,"84.0","84.0","1.0","12.0","4.0",214534.592896274,2666804.39828003,"2.0","5585.0"
"5591",,"66000",387130000C,(04)23274275,(04)23288582,"2025","6","15","18","7",臺中市,大雅區,"0","1","0","7.0","2.0","6","30.0","4.0","1.0","1.0","5.0","4.0","6.0","6.0","4.0","4.0","10.0","5.0","5.0","1.0","16.0","3.0","10.0","4.0","1.0",F01,"7.0","6.0","7.0","21.0","2.0","13.0",,"14.0","14.0","1.0","13.0","4.0",120.646786,24.23512,"2.0","5592.0"
"5695",,"66000",387130000C,(04)23274275,(04)23288582,"2025","6","16","7","14",臺中市,太平區,"0","0","0","5.0",,,"50.0",,,,,,,,,,,,,,"16.0",,,,,F01,,,"7.0",,"1.0",,,"39.0","39.0","1.0","12.0","4.0",120.710678,24.140807,"3.0","5696.0"
"5854",,"66000",387130000C,(04)23274275,(04)23288582,"2025","6","16","10","43",臺中市,西屯區,"0","1","0","7.0","2.0","6","50.0","4.0","1.0","1.0","5.0","4.0","6.0","6.0","2.0","1.0","10.0","5.0","5.0","2.0","13.0","3.0","10.0","6.0","1.0",F01,"7.0","9.0","7.0","21.0","2.0","13.0",,"42.0","42.0","1.0","12.0","4.0",120.655938,24.165527,"2.0","5855.0"
"5930",,"66000",387130000C,(04)23274275,(04)23288582,"2025","6","16","14","33",臺中市,南屯區,"0","1","0","7.0","1.0","6","50.0","4.0","1.0","1.0","5.0","4.0","6.0","6.0","2.0","1.0","5.0","2.0","4.0","2.0","12.0","2.0","9.0","5.0","4.0",F01,"7.0","6.0","7.0","21.0","2.0","14.0",,"48.0","48.0","1.0","13.0","4.0",214425.803957757,2669690.72800596,"2.0","5931.0"
"6065",,"66000",387130000C,(04)23274275,(04)23288582,"2025","6","16","18","14",臺中市,西區,"0","1","0","7.0","3.0","6","50.0","4.0","1.0","1.0","5.0","4.0","6.0","6.0","4.0","4.0","10.0","5.0","5.0","2.0","15.0","2.0","9.0","4.0","1.0",F01,"7.0","9.0","7.0","21.0","2.0","11.0",,"15.0","15.0","1.0","13.0","4.0",215325.032018253,2670744.30070836,"2.0","6066.0"
"6243",,"66000",387130000C,(04)23274275,(04)23288582,"2025","6","17","9","56",臺中市,龍井區,"0","1","0","7.0","3.0","6","50.0","4.0","1.0","1.0","5.0","4.0","6.0","6.0","4.0","4.0","10.0","5.0","5.0","1.0","18.0","2.0","7.0","4.0","1.0",F01,"7.0","9.0","7.0","21.0","1.0","11.0",,"6.0","6.0","1.0","12.0","4.0",201957.619589097,2675988.31734587,"2.0","6244.0"
"6376",,"66000",387130000C,(04)23274275,(04)23288582,"2025","6","17","16","2",臺中市,大肚區,"0","1","0","7.0","2.0","6","50.0","5.0","1.0","1.0","5.0","4.0","6.0","6.0","2.0","1.0","10.0","5.0","5.0","2.0","27.0","2.0","9.0","6.0","1.0",F01,"7.0","9.0","7.0","21.0","2.0","13.0",,"85.0","85.0","1.0","6.0","4.0",206749.295978838,2672751.56670555,"2.0","6377.0"
"6379",,"66000",387130000C,(04)23274275,(04)23288582,"2025","6","17","16","10",臺中市,清水區,"0","1","0","7.0","2.0","6","30.0","13.0","9.0","1.0","5.0","4.0","6.0","6.0","4.0","4.0","9.0","3.0","5.0","1.0","18.0","2.0","9.0","4.0","1.0",F01,"7.0","9.0","7.0","21.0","9.0","11.0",,"59.0","59.0","1.0","13.0","4.0",206452.330364867,2689467.52657817,"2.0","6380.0"
"6447",,"66000",387130000C,(04)23274275,(04)23288582,"2025","6","17","18","17",臺中市,大里區,"0","1","0","7.0","3.0","6","30.0","4.0","1.0","1.0","5.0","4.0","6.0","6.0","1.0","1.0","10.0","5.0","5.0","2.0","16.0","2.0","9.0","4.0","1.0",F01,"7.0","11.0","7.0","21.0","2.0","12.0",,"20.0","20.0","1.0","13.0","4.0",218069.291989767,2667843.19111304,"2.0","6448.0"
"6499",,"66000",387130000C,(04)23274275,(04)23288582,"2025","6","17","21","14",臺中市,北屯區,"0","0","0","7.0",,,"50.0",,,,,,,,,,,,,,"2.0",,,,,F02,,,"1.0",,"1.0",,,"40.0","40.0","1.0","6.0","4.0",120.685916,24.174036,"3.0","6500.0"
"6566",,"66000",387130000C,(04)23274275,(04)23288582,"2025","6","18","7","45",臺中市,北屯區,"0","1","0","7.0","3.0","6","50.0","13.0","9.0","1.0","5.0","4.0","6.0","6.0","4.0","4.0","9.0","5.0","5.0","2.0","17.0","2.0","9.0","2.0","2.0",F01,"7.0","9.0","7.0","21.0","9.0","11.0",,"62.0","62.0","1.0","4.0","4.0",219052.580883838,2674438.00558329,"2.0","6567.0"
"6604",,"66000",387130000C,(04)23274275,(04)23288582,"2025","6","18","8","46",臺中市,西屯區,"0","0","0","7.0",,,"0.0",,,,,,,,,,,,,,"17.0",,,,,F01,,,"7.0",,"1.0",,,"39.0","39.0","1.0","13.0","1.0",120.650247,24.162574,"3.0","6605.0"
"6873",,"66000",387130000C,(04)23274275,(04)23288582,"2025","6","18","18","28",臺中市,大肚區,"0","1","0","7.0","2.0","6","50.0","13.0","14.0","1.0","5.0","4.0","6.0","6.0","4.0","4.0","9.0","4.0","5.0","1.0","17.0","2.0","8.0","1.0","1.0",F01,"7.0","9.0","7.0","21.0","2.0","11.0",,"59.0","59.0","1.0","3.0","4.0",203415.096037816,2671763.76774079,"2.0","6874.0"
"6946",,"66000",387130000C,(04)23274275,(04)23288582,"2025","6","19","6","57",臺中市,太平區,"0","0","0","7.0",,,"50.0",,,,,,,,,,,,,,"17.0",,,,,F01,,,"7.0",,"1.0",,,"84.0","84.0","1.0","12.0","4.0",120.719224,24.15546,"3.0","6947.0"
"7175",,"66000",387130000C,(04)23274275,(04)23288582,"2025","6","19","15","35",臺中市,大里區,"0","2","0","7.0","3.0","6","25.0","13.0","8.0","1.0","5.0","4.0","6.0","6.0","4.0","4.0","3.0","4.0","4.0","1.0","16.0","2.0","8.0","5.0","4.0",F01,"7.0","8.0","7.0","21.0","2.0","13.0",,"40.0","40.0","1.0","13.0","4.0",219272.765261331,2667330.87310056,"2.0","7176.0"
"7195",,"66000",387130000C,(04)23274275,(04)23288582,"2025","6","19","16","15",臺中市,大雅區,"0","1","0","7.0","3.0","6","50.0","3.0","2.0","1.0","5.0","4.0","6.0","6.0","3.0","1.0","10.0","5.0","5.0","1.0","17.0","2.0","9.0","5.0","4.0",F01,"7.0","5.0","7.0","21.0","2.0","11.0",,"84.0","84.0","1.0","13.0","4.0",211868.174317744,2681135.05647479,"2.0","7196.0"
"7205",,"66000",387130000C,(04)23274275,(04)23288582,"2025","6","19","16","28",臺中市,北屯區,"0","1","0","7.0","2.0","6","50.0","4.0","1.0","1.0","5.0","4.0","6.0","6.0","4.0","4.0","10.0","5.0","5.0","2.0","17.0","2.0","9.0","1.0","1.0",F02,"7.0","6.0","7.0","21.0","2.0","11.0",,"14.0","14.0","1.0","12.0","4.0",219803.866120404,2674542.26795103,"2.0","7206.0"
"7297",,"66000",387130000C,(04)23274275,(04)23288582,"2025","6","19","18","41",臺中市,北屯區,"0","2","0","7.0","1.0","6","50.0","13.0","9.0","1.0","5.0","4.0","6.0","6.0","4.0","4.0","10.0","4.0","5.0","2.0","17.0","2.0","8.0","6.0","1.0",F01,"7.0","1.0","7.0","21.0","2.0","11.0",,"51.0","51.0","1.0","13.0","4.0",217533.916821766,2674271.83258647,"2.0","7298.0"
"7309",,"66000",387130000C,(04)23274275,(04)23288582,"2025","6","19","19","19",臺中市,西區,"0","1","0","7.0","1.0","6","50.0","4.0","1.0","1.0","5.0","4.0","6.0","6.0","1.0","1.0","5.0","4.0","5.0","2.0","15.0","2.0","7.0","6.0","1.0",F01,"7.0","9.0","7.0","21.0","2.0","11.0",,"21.0","21.0","1.0","12.0","4.0",215620.534076416,2671568.01590104,"2.0","7310.0"
"7315",,"66000",387130000C,(04)23274275,(04)23288582,"2025","6","19","19","37",臺中市,太平區,"0","1","0","7.0","1.0","6","40.0","3.0","1.0","1.0","5.0","4.0","6.0","6.0","1.0","1.0","10.0","5.0","5.0","2.0","18.0","2.0","9.0","5.0","4.0",F01,"7.0","9.0","7.0","21.0","1.0","14.0",,"84.0","84.0","1.0","12.0","4.0",220798.630259546,2671651.36303799,"2.0","7316.0"
"7432",,"66000",387130000C,(04)23274275,(04)23288582,"2025","6","20","8","29",臺中市,大里區,"0","1","0","7.0","3.0","6","50.0","4.0","1.0","1.0","5.0","4.0","6.0","6.0","1.0","1.0","10.0","5.0","5.0","2.0","16.0","2.0","9.0","4.0","1.0",F01,"7.0","6.0","7.0","21.0","2.0","11.0",,"48.0","48.0","1.0","13.0","4.0",217893.553095131,2667986.45401715,"2.0","7433.0"
"7691",,"66000",387130000C,(04)23274275,(04)23288582,"2025","6","20","17","34",臺中市,梧棲區,"0","2","0","7.0","3.0","6","50.0","3.0","1.0","1.0","5.0","4.0","6.0","6.0","4.0","4.0","10.0","5.0","5.0","2.0","16.0","2.0","9.0","5.0","1.0",F01,"7.0","9.0","7.0","21.0","2.0","11.0",,"4.0","4.0","1.0","6.0","4.0",203974.389686455,2682152.06425709,"2.0","7692.0"
"7703",,"66000",387130000C,(04)23274275,(04)23288582,"2025","6","20","17","48",臺中市,龍井區,"0","1","0","7.0","2.0","6","30.0","11.0","9.0","1.0","5.0","4.0","6.0","6.0","4.0","4.0","10.0","5.0","5.0","1.0","30.0","2.0","9.0","5.0","4.0",F01,"7.0","9.0","7.0","21.0","2.0","12.0",,"82.0","82.0","1.0","4.0","4.0",206895.400800577,2676061.41125824,"2.0","7704.0"
"7728",,"66000",387130000C,(04)23274275,(04)23288582,"2025","6","20","18","5",臺中市,霧峰區,"0","1","0","5.0","2.0","6","30.0","13.0","9.0","1.0","4.0","4.0","6.0","6.0","4.0","4.0","10.0","5.0","5.0","2.0","18.0","2.0","9.0","5.0","1.0",F01,"7.0","9.0","7.0","21.0","2.0","15.0",,"87.0","87.0","1.0","5.0","4.0",220386.903589515,2662868.50659645,"2.0","7729.0"
"7759",,"66000",387130000C,(04)23274275,(04)23288582,"2025","6","20","19","49",臺中市,潭子區,"0","2","0","6.0","1.0","6","50.0","4.0","1.0","1.0","5.0","4.0","6.0","6.0","4.0","4.0","5.0","4.0","4.0","1.0","17.0","2.0","9.0","4.0","1.0",F01,"7.0","5.0","7.0","21.0","2.0","12.0",,"84.0","84.0","1.0","13.0","4.0",220341.638598824,2678425.5192287,"2.0","7760.0"
"7795",,"66000",387130000C,(04)23274275,(04)23288582,"2025","6","20","22","6",臺中市,西屯區,"0","1","0","6.0","1.0","6","40.0","13.0","8.0","1.0","5.0","4.0","6.0","6.0","4.0","4.0","1.0","4.0","1.0","2.0","18.0","2.0","9.0","5.0","4.0",F01,"7.0","9.0","7.0","21.0","2.0","14.0",,"59.0","59.0","1.0","5.0","4.0",209566.498794124,2675229.22630128,"2.0","7796.0"
"7891",,"66000",387130000C,(04)23274275,(04)23288582,"2025","6","21","10","14",臺中市,烏日區,"0","1","0","7.0","3.0","6","50.0","13.0","9.0","1.0","5.0","4.0","6.0","6.0","4.0","4.0","5.0","5.0","5.0","2.0","17.0","2.0","9.0","4.0","1.0",F02,"7.0","15.0","7.0","21.0","10.0","14.0",,"84.0","84.0","1.0","12.0","4.0",213441.284759047,2666505.03081613,"2.0","7892.0"
"8061",,"66000",387130000C,(04)23274275,(04)23288582,"2025","6","21","16","32",臺中市,大甲區,"0","1","0","7.0","2.0","6","50.0","3.0","2.0","1.0","5.0","4.0","6.0","6.0","4.0","4.0","5.0","5.0","5.0","1.0","16.0","2.0","9.0","4.0","1.0",F02,"7.0","5.0","7.0","21.0","8.0","14.0",,"12.0","12.0","1.0","6.0","4.0",216328.437968739,2698442.40448912,"2.0","8062.0"
"8168",,"66000",387130000C,(04)23274275,(04)23288582,"2025","6","21","21","10",臺中市,梧棲區,"0","1","0","7.0","1.0","6","30.0","13.0","9.0","1.0","5.0","4.0","6.0","6.0","4.0","4.0","10.0","5.0","5.0","2.0","2.0","3.0","10.0","1.0","1.0",F02,"7.0","9.0","7.0","21.0","2.0","11.0",,"84.0","84.0","1.0","12.0","4.0",120.539591,24.246509,"2.0","8169.0"
"8178",,"66000",387130000C,(04)23274275,(04)23288582,"2025","6","21","22","10",臺中市,南屯區,"0","1","0","7.0","1.0","6","40.0","13.0","8.0","1.0","5.0","4.0","6.0","6.0","4.0","4.0","1.0","5.0","4.0","2.0","18.0","2.0","9.0","6.0","4.0",F02,"7.0","9.0","7.0","21.0","2.0","14.0",,"59.0","59.0","1.0","6.0","1.0",207958.302385265,2670773.45156652,"2.0","8179.0"
"8308",,"66000",387130000C,(04)23274275,(04)23288582,"2025","6","22","14","32",臺中市,東區,"0","0","0","7.0",,,"50.0",,,,,,,,,,,,,,"13.0",,,,,F01,,,"7.0",,"1.0",,,"7.0","7.0","1.0","12.0","4.0",120.689653,24.132655,"3.0","8309.0"
"8328",,"66000",387130000C,(04)23274275,(04)23288582,"2025","6","22","15","40",臺中市,西區,"0","1","0","7.0","2.0","6","30.0","4.0","1.0","1.0","5.0","4.0","6.0","6.0","4.0","4.0","10.0","5.0","5.0","2.0","15.0","2.0","5.0","6.0","1.0",F01,"7.0","9.0","7.0","21.0","2.0","11.0",,"12.0","12.0","1.0","12.0","1.0",215106.908026344,2672186.15083891,"2.0","8329.0"
"8332",,"66000",387130000C,(04)23274275,(04)23288582,"2025","6","22","15","51",臺中市,大里區,"0","0","0","7.0",,,"50.0",,,,,,,,,,,,,,"17.0",,,,,F01,,,"7.0",,"2.0",,,"84.0","84.0","1.0","13.0","4.0",120.704992,24.105566,"3.0","8333.0"
"8356",,"66000",387130000C,(04)23274275,(04)23288582,"2025","6","22","16","54",臺中市,大雅區,"0","1","0","7.0","1.0","6","25.0","13.0","13.0","1.0","5.0","4.0","6.0","6.0","4.0","4.0","9.0","5.0","5.0","1.0","11.0","2.0","7.0","2.0","1.0",F01,"7.0","9.0","7.0","21.0","2.0","11.0",,"4.0","4.0","1.0","2.0","4.0",211953.908099902,2680990.73655238,"2.0","8357.0"
"8399",,"66000",387130000C,(04)23274275,(04)23288582,"2025","6","22","19","7",臺中市,潭子區,"0","2","0","7.0","1.0","6","60.0","13.0","14.0","1.0","5.0","4.0","6.0","6.0","4.0","4.0","1.0","4.0","4.0","1.0","17.0","2.0","9.0","4.0","1.0",F01,"7.0","9.0","7.0","21.0","1.0","12.0",,"43.0","43.0","1.0","13.0","4.0",218267.428031196,2678780.0924244,"2.0","8400.0"
"8406",,"66000",387130000C,(04)23274275,(04)23288582,"2025","6","22","19","47",臺中市,西屯區,"0","1","0","7.0","1.0","6","0.0","13.0","21.0","2.0","5.0","4.0","6.0","6.0","4.0","4.0","10.0","5.0","5.0","2.0","18.0","2.0","8.0","5.0","4.0",F01,"7.0","9.0","7.0","21.0","2.0","12.0",,"59.0","59.0","1.0","12.0","4.0",210922.175058709,2675311.04511763,"2.0","8407.0"
"8607",,"66000",387130000C,(04)23274275,(04)23288582,"2025","6","23","11","20",臺中市,北屯區,"0","1","0","7.0","3.0","6","50.0","3.0","2.0","1.0","5.0","4.0","6.0","6.0","3.0","1.0","5.0","5.0","4.0","2.0","13.0","2.0","9.0","1.0","1.0",F01,"7.0","9.0","7.0","21.0","1.0","11.0",,"59.0","59.0","1.0","6.0","4.0",222903.33706982,2673764.08817644,"2.0","8608.0"
"8629",,"66000",387130000C,(04)23274275,(04)23288582,"2025","6","23","12","6",臺中市,中區,"0","1","0","7.0","3.0","6","50.0","13.0","9.0","1.0","5.0","4.0","6.0","6.0","4.0","4.0","5.0","4.0","5.0","2.0","13.0","2.0","9.0","1.0","1.0",F01,"7.0","9.0","7.0","21.0","1.0","11.0",,"7.0","7.0","1.0","6.0","4.0",217436.328475537,2670877.64309081,"2.0","8630.0"
"8685",,"66000",387130000C,(04)23274275,(04)23288582,"2025","6","23","14","35",臺中市,南屯區,"0","2","0","7.0","2.0","6","50.0","3.0","2.0","1.0","5.0","4.0","6.0","6.0","4.0","4.0","9.0","4.0","5.0","2.0","12.0","2.0","9.0","6.0","1.0",F01,"7.0","6.0","7.0","21.0","2.0","13.0",,"48.0","48.0","1.0","12.0","4.0",214871.038989683,2670413.27081894,"2.0","8686.0"
"8698",,"66000",387130000C,(04)23274275,(04)23288582,"2025","6","23","14","56",臺中市,豐原區,"0","0","0","7.0",,,"50.0",,,,,,,,,,,,,,"13.0",,,,,F01,,,"1.0",,"2.0",,,"58.0","58.0","1.0","12.0","4.0",120.73311,24.251403,"3.0","8699.0"
"8785",,"66000",387130000C,(04)23274275,(04)23288582,"2025","6","23","17","33",臺中市,東區,"0","2","0","7.0","3.0","6","50.0","13.0","7.0","1.0","5.0","4.0","6.0","6.0","4.0","4.0","5.0","4.0","4.0","2.0","16.0","2.0","9.0","2.0","1.0",F02,"7.0","1.0","7.0","21.0","2.0","14.0",,"84.0","84.0","1.0","12.0","4.0",219331.566025473,2669146.27793685,"2.0","8786.0"
"8817",,"66000",387130000C,(04)23274275,(04)23288582,"2025","6","23","18","13",臺中市,神岡區,"0","0","0","7.0",,,"50.0",,,,,,,,,,,,,,"12.0",,,,,F01,,,"7.0",,"1.0",,,"7.0","7.0","1.0","13.0","4.0",120.661233,24.269453,"4.0","8818.0"
"8842",,"66000",387130000C,(04)23274275,(04)23288582,"2025","6","23","19","10",臺中市,大雅區,"0","1","0","7.0","1.0","6","40.0","4.0","2.0","1.0","5.0","4.0","6.0","6.0","1.0","1.0","5.0","5.0","4.0","1.0","17.0","2.0","9.0","4.0","1.0",F02,"7.0","9.0","7.0","21.0","2.0","11.0",,"84.0","84.0","1.0","13.0","1.0",213041.916769999,2679006.27186111,"2.0","8843.0"
"8846",,"66000",387130000C,(04)23274275,(04)23288582,"2025","6","23","19","22",臺中市,太平區,"0","1","0","7.0","1.0","6","50.0","3.0","2.0","1.0","5.0","4.0","6.0","6.0","4.0","4.0","5.0","5.0","5.0","2.0","17.0","2.0","7.0","4.0","1.0",F01,"7.0","9.0","7.0","21.0","2.0","12.0",,"84.0","84.0","1.0","12.0","4.0",220567.876136468,2672552.90683441,"2.0","8847.0"
"8909",,"66000",387130000C,(04)23274275,(04)23288582,"2025","6","24","6","32",臺中市,西屯區,"0","2","0","7.0","2.0","6","50.0","13.0","9.0","1.0","5.0","4.0","6.0","6.0","4.0","4.0","1.0","4.0","5.0","2.0","12.0","2.0","9.0","4.0","1.0",F02,"7.0","8.0","7.0","21.0","2.0","14.0",,"40.0","40.0","1.0","12.0","4.0",214525.486519994,2673472.19555561,"2.0","8910.0"
"8963",,"66000",387130000C,(04)23274275,(04)23288582,"2025","6","24","8","9",臺中市,北區,"0","2","0","7.0","2.0","6","50.0","13.0","9.0","1.0","5.0","4.0","6.0","6.0","2.0","1.0","1.0","4.0","5.0","2.0","17.0","2.0","9.0","6.0","1.0",F01,"7.0","9.0","7.0","21.0","2.0","14.0",,"42.0","42.0","1.0","12.0","4.0",217155.397888304,2671880.36391436,"2.0","8964.0"
"9016",,"66000",387130000C,(04)23274275,(04)23288582,"2025","6","24","9","7",臺中市,西屯區,"0","1","0","7.0","2.0","6","50.0","3.0","1.0","1.0","5.0","4.0","6.0","6.0","2.0","1.0","10.0","5.0","5.0","2.0","16.0","3.0","10.0","5.0","4.0",F01,"7.0","6.0","7.0","21.0","2.0","11.0",,"11.0","11.0","1.0","13.0","1.0",120.641981,24.16333,"2.0","9017.0"
"9024",,"66000",387130000C,(04)23274275,(04)23288582,"2025","6","24","9","27",臺中市,太平區,"0","1","0","7.0","3.0","6","50.0","3.0","2.0","1.0","5.0","4.0","6.0","6.0","3.0","1.0","10.0","5.0","5.0","2.0","16.0","2.0","9.0","6.0","1.0",F01,"7.0","7.0","7.0","21.0","2.0","11.0",,"40.0","40.0","1.0","12.0","4.0",221555.314901333,2669864.64286887,"2.0","9025.0"
"9059",,"66000",387130000C,(04)23274275,(04)23288582,"2025","6","24","10","51",臺中市,大雅區,"0","1","0","7.0","1.0","6","30.0","13.0","9.0","1.0","5.0","4.0","6.0","6.0","4.0","4.0","10.0","5.0","5.0","2.0","17.0","2.0","8.0","4.0","1.0",F01,"7.0","6.0","7.0","21.0","2.0","11.0",,"20.0","20.0","1.0","3.0","4.0",215573.841689829,2679474.14345711,"2.0","9060.0"
"9094",,"66000",387130000C,(04)23274275,(04)23288582,"2025","6","24","12","8",臺中市,清水區,"0","2","0","7.0","2.0","6","50.0","3.0","2.0","1.0","5.0","4.0","6.0","6.0","3.0","1.0","8.0","3.0","5.0","2.0","12.0","2.0","9.0","4.0","1.0",F02,"7.0","6.0","7.0","21.0","2.0","11.0",,"11.0","11.0","1.0","12.0","4.0",205416.207821823,2684986.08270505,"2.0","9095.0"
"9147",,"66000",387130000C,(04)23274275,(04)23288582,"2025","6","24","14","39",臺中市,后里區,"0","1","0","7.0","3.0","6","50.0","3.0","1.0","1.0","5.0","4.0","6.0","6.0","4.0","4.0","5.0","5.0","5.0","2.0","13.0","2.0","7.0","4.0","1.0",F02,"7.0","6.0","7.0","21.0","8.0","11.0",,"53.0","53.0","1.0","6.0","4.0",222858.563381582,2688739.1436873,"2.0","9148.0"