field_1,序號,縣市別代碼,機關代碼,市話,傳真,年,月,日,時,分,縣市,區,死亡數量,受傷數量,2-30,天候,道路照明設備,道路類別,道路速限,道路型態,事故位置,路面鋪裝,路面狀態,路面缺陷,障礙物,視距,號誌種類,號誌動作,分向設施,快車道或一般車道間,快慢車道間,路面邊線,事故類型及型態,受傷程度,主要傷處,保護裝備,行動電話或功能裝置,當事者區分(類別),車輛用途,當事者行動狀態,駕照狀態,駕照種類,飲酒情形,車輛撞擊部位最初,車輛撞擊部位其他,肇事因素個別,肇事因素主要,肇事逃逸,職業,共享經濟或外送平台,GPS座標X,GPS座標Y,事故類別,﻿序號
"9195",,"66000",387130000C,(04)23274275,(04)23288582,"2025","6","24","16","26",臺中市,大雅區,"0","1","0","7.0","1.0","6","30.0","3.0","1.0","1.0","5.0","4.0","6.0","6.0","4.0","4.0","5.0","5.0","5.0","1.0","17.0","2.0","9.0","1.0","1.0",F01,"7.0","6.0","7.0","21.0","2.0","11.0",,"48.0","48.0","1.0","13.0","4.0",212033.575168549,2678275.41991663,"2.0","9196.0"
"9251",,"66000",387130000C,(04)23274275,(04)23288582,"2025","6","24","18","13",臺中市,西區,"0","1","0","7.0","2.0","6","30.0","13.0","24.0","1.0","5.0","4.0","6.0","6.0","4.0","4.0","5.0","4.0","5.0","2.0","18.0","2.0","9.0","6.0","1.0",F01,"7.0","9.0","7.0","21.0","2.0","11.0",,"84.0","84.0","1.0","13.0","4.0",214492.369969827,2671277.07322652,"2.0","9252.0"
"9289",,"66000",387130000C,(04)23274275,(04)23288582,"2025","6","24","19","47",臺中市,太平區,"0","1","0","7.0","2.0","6","30.0","4.0","1.0","1.0","5.0","4.0","6.0","6.0","2.0","1.0","5.0","5.0","4.0","1.0","17.0","2.0","9.0","4.0","1.0",F01,"7.0","6.0","7.0","21.0","2.0","11.0",,"48.0","48.0","1.0","12.0","4.0",221885.51718018,2669649.79602623,"2.0","9290.0"
"9445",,"66000",387130000C,(04)23274275,(04)23288582,"2025","6","25","10","59",臺中市,南區,"0","1","0","7.0","2.0","6","40.0","13.0","8.0","1.0","5.0","4.0","6.0","6.0","4.0","4.0","1.0","4.0","1.0","2.0","12.0","2.0","9.0","1.0","1.0",F01,"7.0","9.0","7.0","21.0","2.0","11.0",,"59.0","59.0","1.0","13.0","4.0",217440.82263057,2668753.32151866,"2.0","9446.0"
"9448",,"66000",387130000C,(04)23274275,(04)23288582,"2025","6","25","11","5",臺中市,西區,"0","1","0","7.0","2.0","6","50.0","13.0","9.0","1.0","5.0","4.0","6.0","6.0","4.0","4.0","5.0","4.0","5.0","2.0","11.0","2.0","8.0","6.0","4.0",F01,"7.0","9.0","7.0","21.0","2.0","12.0",,"4.0","4.0","1.0","13.0","4.0",216894.909112893,2671518.92212319,"2.0","9449.0"
"9459",,"66000",387130000C,(04)23274275,(04)23288582,"2025","6","25","11","29",臺中市,烏日區,"0","1","0","7.0","2.0","6","30.0","13.0","9.0","1.0","5.0","4.0","6.0","6.0","4.0","4.0","10.0","5.0","5.0","2.0","2.0","3.0","10.0","6.0","1.0",F01,"7.0","9.0","7.0","21.0","2.0","12.0",,"58.0","58.0","1.0","3.0","4.0",120.634529,24.110039,"2.0","9460.0"
"9540",,"66000",387130000C,(04)23274275,(04)23288582,"2025","6","25","15","15",臺中市,北屯區,"0","1","0","6.0","2.0","6","0.0","18.0","21.0","1.0","5.0","4.0","6.0","6.0","4.0","4.0","10.0","5.0","5.0","2.0","17.0","2.0","9.0","1.0","1.0",F01,"7.0","15.0","7.0","21.0","2.0","14.0",,"39.0","39.0","1.0","6.0","4.0",218740.940327069,2674060.13967396,"2.0","9541.0"
"9553",,"66000",387130000C,(04)23274275,(04)23288582,"2025","6","25","15","54",臺中市,南區,"0","1","0","7.0","2.0","6","50.0","4.0","1.0","1.0","5.0","4.0","6.0","6.0","4.0","4.0","10.0","5.0","5.0","2.0","17.0","2.0","9.0","6.0","1.0",F01,"7.0","6.0","7.0","21.0","2.0","11.0",,"12.0","12.0","1.0","2.0","4.0",215052.769521058,2669671.23424817,"2.0","9554.0"
"9576",,"66000",387130000C,(04)23274275,(04)23288582,"2025","6","25","16","36",臺中市,太平區,"0","2","0","6.0","3.0","6","50.0","3.0","1.0","1.0","5.0","4.0","6.0","6.0","4.0","4.0","10.0","5.0","5.0","2.0","16.0","2.0","9.0","1.0","1.0",F01,"7.0","6.0","7.0","21.0","2.0","11.0",,"84.0","84.0","1.0","3.0","4.0",221485.40430462,2672155.76880855,"2.0","9577.0"
"9577",,"66000",387130000C,(04)23274275,(04)23288582,"2025","6","25","16","36",臺中市,清水區,"0","1","0","7.0","2.0","6","40.0","4.0","1.0","1.0","5.0","4.0","6.0","6.0","1.0","1.0","1.0","2.0","4.0","1.0","16.0","2.0","9.0","6.0","1.0",F01,"7.0","6.0","7.0","21.0","2.0","11.0",,"48.0","48.0","1.0","13.0","4.0",206836.60878503,2684713.21134426,"2.0","9578.0"
"9629",,"66000",387130000C,(04)23274275,(04)23288582,"2025","6","25","17","44",臺中市,龍井區,"0","1","0","7.0","1.0","6","50.0","13.0","9.0","1.0","5.0","4.0","6.0","6.0","4.0","4.0","9.0","5.0","5.0","2.0","30.0","2.0","9.0","5.0","4.0",F01,"7.0","9.0","7.0","21.0","2.0","15.0",,"85.0","85.0","1.0","12.0","4.0",206706.479177887,2675642.78591052,"2.0","9630.0"
"9859",,"66000",387130000C,(04)23274275,(04)23288582,"2025","6","26","10","10",臺中市,西屯區,"0","1","0","7.0","2.0","6","40.0","13.0","8.0","1.0","5.0","4.0","6.0","6.0","4.0","4.0","1.0","5.0","3.0","2.0","18.0","2.0","9.0","6.0","1.0",F01,"7.0","9.0","7.0","21.0","2.0","12.0",,"82.0","82.0","1.0","12.0","4.0",209865.889851838,2675364.04931164,"2.0","9860.0"
"9899",,"66000",387130000C,(04)23274275,(04)23288582,"2025","6","26","11","57",臺中市,霧峰區,"0","1","0","7.0","3.0","6","40.0","13.0","8.0","1.0","5.0","4.0","6.0","6.0","4.0","4.0","3.0","4.0","4.0","1.0","17.0","2.0","9.0","4.0","1.0",F01,"7.0","9.0","7.0","21.0","2.0","14.0",,"4.0","4.0","1.0","12.0","4.0",219140.627647384,2662776.785827,"2.0","9900.0"
"9940",,"66000",387130000C,(04)23274275,(04)23288582,"2025","6","26","13","52",臺中市,太平區,"0","1","0","7.0","2.0","6","50.0","4.0","2.0","1.0","5.0","4.0","6.0","6.0","2.0","1.0","10.0","5.0","5.0","2.0","17.0","2.0","9.0","6.0","1.0",F01,"7.0","15.0","7.0","21.0","1.0","14.0",,"42.0","42.0","1.0","2.0","4.0",220640.543235821,2671819.0326517,"2.0","9941.0"
"10023",,"66000",387130000C,(04)23274275,(04)23288582,"2025","6","26","17","14",臺中市,清水區,"0","1","0","7.0","3.0","6","50.0","4.0","1.0","1.0","5.0","4.0","6.0","6.0","2.0","1.0","9.0","4.0","5.0","1.0","16.0","2.0","9.0","6.0","1.0",F01,"7.0","9.0","7.0","21.0","2.0","14.0",,"21.0","21.0","1.0","12.0","4.0",205993.291255459,2684816.37306881,"2.0","10024.0"
"10211",,"66000",387130000C,(04)23274275,(04)23288582,"2025","6","27","7","49",臺中市,大肚區,"0","2","0","7.0","2.0","6","50.0","5.0","1.0","1.0","5.0","4.0","6.0","6.0","1.0","1.0","10.0","5.0","5.0","2.0","15.0","2.0","9.0","2.0","1.0",F01,"7.0","9.0","7.0","21.0","2.0","11.0",,"21.0","21.0","1.0","12.0","4.0",203550.454558715,2671761.44249924,"2.0","10212.0"
"10390",,"66000",387130000C,(04)23274275,(04)23288582,"2025","6","27","14","39",臺中市,豐原區,"0","0","0","6.0",,,"50.0",,,,,,,,,,,,,,"10.0",,,,,F02,,,"7.0",,"2.0",,,"23.0","23.0","1.0","13.0","4.0",120.736404,24.251135,"3.0","10391.0"
"10420",,"66000",387130000C,(04)23274275,(04)23288582,"2025","6","27","15","38",臺中市,豐原區,"0","2","0","6.0","2.0","6","50.0","13.0","9.0","1.0","4.0","4.0","6.0","6.0","4.0","4.0","9.0","5.0","5.0","2.0","17.0","2.0","9.0","4.0","1.0",F02,"7.0","1.0","7.0","21.0","2.0","11.0",,"51.0","51.0","1.0","13.0","4.0",222782.138410185,2682779.26195699,"2.0","10421.0"
"10435",,"66000",387130000C,(04)23274275,(04)23288582,"2025","6","27","15","56",臺中市,梧棲區,"0","2","0","7.0","3.0","6","50.0","3.0","1.0","1.0","5.0","4.0","6.0","6.0","4.0","4.0","10.0","5.0","5.0","2.0","16.0","2.0","9.0","1.0","1.0",F02,"7.0","6.0","7.0","21.0","2.0","14.0",,"20.0","20.0","1.0","6.0","4.0",203302.704036002,2683223.7059143,"2.0","10436.0"
"10479",,"66000",387130000C,(04)23274275,(04)23288582,"2025","6","27","17","3",臺中市,大肚區,"0","1","0","7.0","2.0","6","30.0","3.0","9.0","1.0","5.0","4.0","6.0","6.0","4.0","4.0","10.0","5.0","5.0","2.0","17.0","2.0","9.0","2.0","1.0",F01,"7.0","6.0","7.0","21.0","2.0","11.0",,"59.0","59.0","1.0","6.0","4.0",203133.12079393,2673410.04063254,"2.0","10480.0"
"10480",,"66000",387130000C,(04)23274275,(04)23288582,"2025","6","27","17","5",臺中市,豐原區,"0","0","0","6.0",,,"40.0",,,,,,,,,,,,,,,,,,,F02,,,"7.0",,"2.0",,,"84.0","84.0","1.0","12.0","4.0",120.727654,24.251344,"3.0","10481.0"
"10536",,"66000",387130000C,(04)23274275,(04)23288582,"2025","6","27","18","2",臺中市,北屯區,"0","3","0","7.0","1.0","6","50.0","4.0","2.0","1.0","5.0","4.0","6.0","6.0","1.0","1.0","5.0","4.0","5.0","2.0","17.0","2.0","8.0","6.0","1.0",F01,"7.0","9.0","7.0","21.0","2.0","11.0",,"4.0","4.0","1.0","13.0","1.0",220110.788966274,2674386.23539871,"2.0","10537.0"
"10548",,"66000",387130000C,(04)23274275,(04)23288582,"2025","6","27","18","25",臺中市,西屯區,"0","1","0","7.0","2.0","6","50.0","3.0","1.0","1.0","5.0","4.0","6.0","6.0","1.0","1.0","10.0","5.0","5.0","2.0","9.0","3.0","10.0","5.0","4.0",F01,"7.0","5.0","7.0","21.0","2.0","12.0",,"82.0","82.0","1.0","13.0","1.0",120.653118,24.156216,"2.0","10549.0"
"10556",,"66000",387130000C,(04)23274275,(04)23288582,"2025","6","27","18","42",臺中市,東區,"0","0","0","7.0",,,,,,,,,,,,,,,,,"18.0",,,,,F01,,,,,,,,"85.0","85.0","1.0",,,120.690508,24.127359,"4.0","10557.0"
"10612",,"66000",387130000C,(04)23274275,(04)23288582,"2025","6","27","21","3",臺中市,南區,"0","0","0","7.0",,,"50.0",,,,,,,,,,,,,,"13.0",,,,,F01,,,"7.0",,"2.0",,,"7.0","7.0","1.0","12.0","4.0",120.657009,24.113869,"4.0","10613.0"
"10619",,"66000",387130000C,(04)23274275,(04)23288582,"2025","6","27","21","21",臺中市,西區,"0","0","0","7.0",,,"50.0",,,,,,,,,,,,,,,,,,,F01,,,"7.0",,"2.0",,,"41.0","41.0","1.0","12.0","4.0",120.674776,24.143194,"3.0","10620.0"
"10651",,"66000",387130000C,(04)23274275,(04)23288582,"2025","6","28","2","53",臺中市,西屯區,"0","2","0","7.0","1.0","6","50.0","4.0","1.0","1.0","5.0","4.0","6.0","6.0","1.0","1.0","5.0","4.0","4.0","2.0","16.0","2.0","9.0","5.0","4.0",F01,"7.0","6.0","7.0","21.0","2.0","12.0",,"23.0","23.0","1.0","12.0","4.0",214222.076455901,2674362.40263413,"2.0","10652.0"
"10667",,"66000",387130000C,(04)23274275,(04)23288582,"2025","6","28","7","17",臺中市,大里區,"0","1","0","7.0","3.0","6","40.0","13.0","9.0","1.0","5.0","4.0","6.0","6.0","4.0","4.0","9.0","5.0","5.0","2.0","16.0","2.0","9.0","6.0","1.0",F01,"7.0","9.0","7.0","21.0","1.0","11.0",,"84.0","84.0","1.0","13.0","4.0",220774.673673211,2664327.05623612,"2.0","10668.0"
"10682",,"66000",387130000C,(04)23274275,(04)23288582,"2025","6","28","8","11",臺中市,東區,"0","1","0","7.0","2.0","6","30.0","13.0","9.0","1.0","5.0","4.0","6.0","6.0","4.0","4.0","10.0","5.0","5.0","2.0","11.0","2.0","9.0","1.0","1.0",F01,"7.0","9.0","7.0","21.0","2.0","11.0","12.0","8.0","8.0","1.0","12.0","4.0",219095.677523814,2668876.33487419,"2.0","10683.0"
"10737",,"66000",387130000C,(04)23274275,(04)23288582,"2025","6","28","10","33",臺中市,西區,"0","1","0","7.0","3.0","6","50.0","4.0","1.0","1.0","5.0","4.0","6.0","6.0","4.0","4.0","10.0","5.0","5.0","2.0","15.0","2.0","7.0","4.0","1.0",F02,"7.0","9.0","7.0","21.0","2.0","11.0",,"15.0","15.0","1.0","12.0","4.0",214952.35241713,2670993.73899885,"2.0","10738.0"
"10822",,"66000",387130000C,(04)23274275,(04)23288582,"2025","6","28","13","5",臺中市,東勢區,"0","1","0","7.0","1.0","6","15.0","13.0","13.0","1.0","5.0","4.0","6.0","6.0","4.0","4.0","6.0","3.0","5.0","1.0","12.0","2.0","7.0","5.0","4.0",F02,"7.0","9.0","7.0","21.0","2.0","14.0",,"8.0","8.0","1.0","12.0","4.0",230798.65298061,2685907.15267689,"2.0","10823.0"
"10899",,"66000",387130000C,(04)23274275,(04)23288582,"2025","6","28","16","51",臺中市,豐原區,"0","1","0","7.0","2.0","6","30.0","12.0","9.0","1.0","5.0","4.0","6.0","6.0","4.0","4.0","4.0","5.0","5.0","1.0","18.0","2.0","9.0","1.0","1.0",F01,"7.0","9.0","7.0","21.0","2.0","15.0",,"84.0","84.0","1.0","12.0","4.0",224853.079848538,2683486.23954487,"2.0","10900.0"
"10964",,"66000",387130000C,(04)23274275,(04)23288582,"2025","6","28","19","11",臺中市,南區,"0","1","0","7.0","1.0","6","50.0","13.0","13.0","1.0","5.0","2.0","6.0","6.0","4.0","4.0","10.0","5.0","5.0","2.0","17.0","2.0","9.0","4.0","1.0",F01,"7.0","9.0","7.0","21.0","2.0","11.0",,"84.0","84.0","1.0","13.0","1.0",214283.564400781,2668618.23829239,"2.0","10965.0"
"11061",,"66000",387130000C,(04)23274275,(04)23288582,"2025","6","29","7","30",臺中市,清水區,"0","2","0","7.0","3.0","6","30.0","11.0","9.0","1.0","5.0","4.0","6.0","6.0","4.0","4.0","10.0","4.0","5.0","1.0","2.0","2.0","8.0","6.0","1.0",F01,"7.0","9.0","7.0","21.0","11.0","12.0",,"59.0","59.0","1.0","12.0","4.0",208755.209171661,2687058.46503533,"2.0","11062.0"
"11095",,"66000",387130000C,(04)23274275,(04)23288582,"2025","6","29","10","43",臺中市,北區,"0","1","0","7.0","2.0","6","50.0","4.0","1.0","1.0","5.0","4.0","6.0","6.0","1.0","1.0","10.0","5.0","5.0","2.0","18.0","2.0","9.0","5.0","4.0",F01,"7.0","15.0","7.0","21.0","2.0","12.0",,"84.0","84.0","1.0","13.0","4.0",218130.569014649,2671287.17940126,"2.0","11096.0"
"11150",,"66000",387130000C,(04)23274275,(04)23288582,"2025","6","29","13","56",臺中市,北屯區,"0","1","0","7.0","2.0","6","40.0","13.0","8.0","1.0","5.0","4.0","6.0","6.0","4.0","4.0","5.0","5.0","4.0","2.0","17.0","2.0","9.0","6.0","1.0",F01,"7.0","9.0","7.0","21.0","2.0","11.0",,"59.0","59.0","1.0","4.0","1.0",218285.178414026,2675494.27181044,"2.0","11151.0"
"11197",,"66000",387130000C,(04)23274275,(04)23288582,"2025","6","29","16","16",臺中市,太平區,"0","1","0","6.0","2.0","6","30.0","4.0","2.0","1.0","5.0","4.0","6.0","6.0","4.0","4.0","10.0","5.0","5.0","2.0","18.0","2.0","9.0","6.0","1.0",F01,"7.0","9.0","7.0","21.0","1.0","15.0",,"84.0","84.0","1.0","12.0","4.0",221326.148213675,2668917.96527221,"2.0","11198.0"
"11326",,"66000",387130000C,(04)23274275,(04)23288582,"2025","6","30","7","1",臺中市,大甲區,"0","1","0","7.0","3.0","6","50.0","4.0","1.0","1.0","5.0","4.0","6.0","6.0","4.0","4.0","5.0","5.0","5.0","1.0","17.0","2.0","9.0","1.0","1.0",F01,"7.0","6.0","7.0","21.0","2.0","14.0",,"48.0","48.0","1.0","6.0","4.0",212390.648054512,2694282.56670223,"2.0","11327.0"
"11359",,"66000",387130000C,(04)23274275,(04)23288582,"2025","6","30","7","42",臺中市,清水區,"0","1","0","7.0","3.0","6","50.0","13.0","9.0","1.0","5.0","4.0","6.0","6.0","4.0","4.0","9.0","4.0","5.0","2.0","18.0","2.0","9.0","6.0","1.0",F01,"7.0","9.0","7.0","21.0","11.0","14.0",,"87.0","87.0","1.0","12.0","4.0",206869.77699539,2685202.08964056,"2.0","11360.0"
"11460",,"66000",387130000C,(04)23274275,(04)23288582,"2025","6","30","10","45",臺中市,太平區,"0","1","0","7.0","2.0","6","50.0","13.0","9.0","1.0","5.0","4.0","6.0","6.0","4.0","4.0","4.0","4.0","5.0","2.0","17.0","3.0","10.0","6.0","1.0",F01,"7.0","8.0","7.0","21.0","5.0","16.0",,"40.0","40.0","1.0","12.0","4.0",120.712423,24.12575,"2.0","11461.0"
"11481",,"66000",387130000C,(04)23274275,(04)23288582,"2025","6","30","11","28",臺中市,南屯區,"0","1","0","7.0","2.0","6","50.0","13.0","9.0","1.0","5.0","4.0","6.0","6.0","4.0","4.0","9.0","4.0","5.0","2.0","17.0","2.0","9.0","4.0","1.0",F01,"7.0","9.0","7.0","21.0","2.0","15.0",,"59.0","59.0","1.0","3.0","3.0",214084.960761945,2670679.92738118,"2.0","11482.0"
"11536",,"66000",387130000C,(04)23274275,(04)23288582,"2025","6","30","13","8",臺中市,北屯區,"0","0","0","7.0",,,"30.0",,,,,,,,,,,,,,,,,,,F01,,,"7.0",,"1.0",,,"58.0","58.0","1.0","12.0","1.0",120.712326,24.173616,"3.0","11537.0"
"11672",,"66000",387130000C,(04)23274275,(04)23288582,"2025","6","30","17","38",臺中市,大里區,"0","0","0","7.0",,,"50.0",,,,,,,,,,,,,,,,,,,F02,,,"7.0",,"2.0",,,"84.0","84.0","1.0","12.0","4.0",120.699112,24.110163,"3.0","11673.0"
"11697",,"66000",387130000C,(04)23274275,(04)23288582,"2025","6","30","18","10",臺中市,大里區,"0","0","0","6.0","1.0","6","40.0","13.0","14.0","1.0","5.0","4.0","6.0","6.0","4.0","4.0","9.0","4.0","4.0","1.0","12.0",,,,,F01,,,"7.0",,"1.0",,,"59.0","59.0","1.0","12.0","1.0",120.67834,24.109509,"3.0","11698.0"
"11731",,"66000",387130000C,(04)23274275,(04)23288582,"2025","6","30","20","18",臺中市,北區,"0","1","0","7.0","1.0","6","50.0","4.0","2.0","1.0","5.0","4.0","6.0","6.0","1.0","1.0","5.0","5.0","5.0","2.0","17.0","2.0","9.0","6.0","1.0",F01,"7.0","5.0","7.0","21.0","2.0","11.0",,"84.0","84.0","1.0","6.0","4.0",218160.310967257,2672815.69852801,"2.0","11732.0"
"54",,"66000",387130000C,(04)23274275,(04)23288582,"2025","4","1","7","40",臺中市,太平區,"0","0","0","7.0","2.0","6.0","50.0",,,,,,,,,,,,,,"16.0",,,,,F01,,,"7.0",,"2.0","13.0",,"11.0","11.0","1.0","12.0","4.0",120.715945,24.134404,"3.0","55.0"
"204",,"66000",387130000C,(04)23274275,(04)23288582,"2025","4","1","13","56",臺中市,西區,"0","0","0","7.0",,,"50.0",,,,,,,,,,,,,,"17.0",,,,,F01,,,"7.0",,"1.0",,,"49.0","49.0","1.0","12.0","4.0",120.658977,24.155921,"4.0","205.0"
"699",,"66000",387130000C,(04)23274275,(04)23288582,"2025","4","2","15","28",臺中市,大肚區,"0","1","0","7.0","2.0","6.0","50.0","5.0","1.0","1.0","5.0","4.0","6","6","1.0","1.0","10.0","5.0","5.0","2.0","18.0","2.0","9.0","4.0","1.0",F01,"7.0","5.0","7.0","21.0","8.0","12.0",,"53.0","53.0","1.0","6.0","4.0",203574.351638978,2671766.0161413,"2.0","700.0"
"816",,"66000",387130000C,(04)23274275,(04)23288582,"2025","4","2","18","19",臺中市,大里區,"0","2","0","7.0","1.0","6.0","40.0","3.0","2.0","1.0","5.0","4.0","6","6","4.0","4.0","5.0","5.0","4.0","2.0","12.0","2.0","9.0","6.0","1.0",F01,"7.0","9.0","7.0","21.0","2.0","12.0",,"8.0","8.0","1.0","13.0","4.0",217581.803218634,2667188.0947577,"2.0","817.0"
"847",,"66000",387130000C,(04)23274275,(04)23288582,"2025","4","2","19","0",臺中市,龍井區,"0","1","0","7.0","3.0","6.0","30.0","3.0","1.0","1.0","5.0","4.0","6","6","4.0","4.0","10.0","5.0","5.0","2.0","16.0","2.0","9.0","6.0","1.0",F01,"7.0","6.0","7.0","21.0","2.0","11.0",,"48.0","48.0","1.0","6.0","4.0",202139.255119473,2675801.85966188,"2.0","848.0"
"869",,"66000",387130000C,(04)23274275,(04)23288582,"2025","4","2","19","39",臺中市,霧峰區,"0","2","0","7.0","1.0","6.0","40.0","3.0","2.0","1.0","5.0","4.0","6","6","4.0","4.0","5.0","5.0","5.0","1.0","16.0","2.0","1.0","4.0","1.0",F01,"7.0","11.0","7.0","21.0","2.0","13.0",,"14.0","14.0","1.0","12.0","4.0",217339.81648022,2662236.89693118,"2.0","870.0"
"1046",,"66000",387130000C,(04)23274275,(04)23288582,"2025","4","3","12","16",臺中市,豐原區,"0","1","0","7.0","2.0","6.0","50.0","5.0","1.0","1.0","5.0","4.0","6","6","2.0","1.0","5.0","5.0","5.0","1.0","17.0","2.0","8.0","6.0","1.0",F02,"7.0","15.0","7.0","21.0","2.0","12.0",,"84.0","84.0","1.0","12.0","4.0",221605.100791101,2681700.18969745,"2.0","1047.0"
"1068",,"66000",387130000C,(04)23274275,(04)23288582,"2025","4","3","13","36",臺中市,北區,"0","1","0","7.0","2.0","6.0","50.0","4.0","1.0","1.0","5.0","4.0","6","6","4.0","4.0","10.0","5.0","5.0","2.0","15.0","2.0","9.0","1.0","1.0",F02,"7.0","9.0","7.0","21.0","2.0","11.0",,"13.0","13.0","1.0","13.0","4.0",218603.278809752,2672318.6599671,"2.0","1069.0"
"1086",,"66000",387130000C,(04)23274275,(04)23288582,"2025","4","3","14","28",臺中市,大里區,"0","0","0","7.0",,,"40.0",,,,,,,,,,,,,,"16.0",,,,,F01,,,"7.0",,"2.0",,,"11.0","11.0","1.0","13.0","4.0",120.692099,24.115637,"3.0","1087.0"
"1109",,"66000",387130000C,(04)23274275,(04)23288582,"2025","4","3","15","33",臺中市,清水區,"0","1","0","7.0","3.0","6.0","30.0","13.0","9.0","1.0","5.0","4.0","6","6","4.0","4.0","10.0","5.0","5.0","2.0","13.0","2.0","9.0","4.0","1.0",F01,"7.0","9.0","7.0","21.0","2.0","11.0",,"84.0","84.0","1.0","12.0","4.0",207563.517272152,2685367.89536411,"2.0","1110.0"
"1136",,"66000",387130000C,(04)23274275,(04)23288582,"2025","4","3","16","42",臺中市,西區,"0","2","0","7.0","2.0","6.0","50.0","3.0","1.0","1.0","5.0","4.0","6","6","4.0","4.0","10.0","5.0","5.0","2.0","17.0","2.0","9.0","4.0","1.0",F01,"7.0","6.0","7.0","21.0","2.0","11.0",,"14.0","14.0","1.0","12.0","4.0",215312.836037655,2671369.85323633,"2.0","1137.0"
"1170",,"66000",387130000C,(04)23274275,(04)23288582,"2025","4","3","18","14",臺中市,北區,"0","2","0","7.0","1.0","6.0","50.0","4.0","1.0","1.0","5.0","4.0","6","6","1.0","1.0","10.0","5.0","5.0","2.0","15.0","2.0","9.0","6.0","1.0",F02,"7.0","9.0","7.0","21.0","2.0","11.0",,"21.0","21.0","1.0","12.0","4.0",217196.566128372,2671973.18913937,"2.0","1171.0"
"1216",,"66000",387130000C,(04)23274275,(04)23288582,"2025","4","3","20","38",臺中市,大雅區,"0","2","0","7.0","1.0","6.0","50.0","13.0","9.0","1.0","5.0","4.0","6","6","4.0","4.0","5.0","4.0","5.0","1.0","17.0","2.0","7.0","6.0","1.0",F01,"7.0","6.0","7.0","21.0","2.0","14.0",,"39.0","39.0","1.0","13.0","4.0",214937.183083464,2680492.41012993,"2.0","1217.0"
"1299",,"66000",387130000C,(04)23274275,(04)23288582,"2025","4","4","9","0",臺中市,豐原區,"0","1","0","7.0","1.0","6.0","50.0","3.0","2.0","1.0","5.0","4.0","6","6","4.0","4.0","5.0","4.0","4.0","2.0","17.0","2.0","9.0","1.0","1.0",F01,"7.0","9.0","7.0","21.0","2.0","13.0",,"58.0","58.0","1.0","4.0","4.0",223486.356698674,2683378.42350542,"2.0","1300.0"
"1357",,"66000",387130000C,(04)23274275,(04)23288582,"2025","4","4","12","30",臺中市,西屯區,"0","1","0","7.0","1.0","6.0","50.0","13.0","9.0","1.0","5.0","4.0","6","6","4.0","4.0","5.0","4.0","5.0","2.0","13.0","3.0","10.0","6.0","1.0",F02,"7.0","5.0","7.0","21.0","2.0","16.0",,"84.0","84.0","1.0","12.0","4.0",120.644616,24.171467,"2.0","1358.0"
"1368",,"66000",387130000C,(04)23274275,(04)23288582,"2025","4","4","13","0",臺中市,霧峰區,"0","0","0","7.0",,,"50.0",,,,,,,,,,,,,,"17.0",,,,,F01,,,"7.0",,"1.0",,,"68.0","68.0","1.0","13.0","4.0",120.694195,24.05,"3.0","1369.0"
"1369",,"66000",387130000C,(04)23274275,(04)23288582,"2025","4","4","13","1",臺中市,豐原區,"0","2","0","7.0","2.0","6.0","50.0","5.0","4.0","1.0","5.0","4.0","6","6","1.0","1.0","5.0","5.0","4.0","2.0","17.0","2.0","9.0","5.0","4.0",F02,"7.0","5.0","7.0","21.0","2.0","11.0",,"84.0","84.0","1.0","12.0","4.0",222127.294716226,2682995.61585796,"2.0","1370.0"
"1376",,"66000",387130000C,(04)23274275,(04)23288582,"2025","4","4","13","17",臺中市,后里區,"0","1","0","7.0","2.0","8.0","30.0","13.0","13.0","1.0","5.0","4.0","6","6","4.0","4.0","10.0","5.0","5.0","2.0","18.0","2.0","9.0","5.0","4.0",F01,"7.0","9.0","7.0","21.0","2.0","11.0","14.0","59.0","59.0","1.0","12.0","4.0",222948.99948419,2687252.89103221,"2.0","1377.0"
"1395",,"66000",387130000C,(04)23274275,(04)23288582,"2025","4","4","14","30",臺中市,石岡區,"0","2","0","7.0","2.0","6.0","10.0","13.0","13.0","1.0","5.0","4.0","6","6","4.0","4.0","8.0","5.0","5.0","2.0","2.0","2.0","9.0","1.0","1.0",F01,"7.0","9.0","7.0","21.0","2.0","11.0",,"43.0","43.0","1.0","12.0","4.0",227542.779645651,2685610.25816958,"2.0","1396.0"
"1406",,"66000",387130000C,(04)23274275,(04)23288582,"2025","4","4","14","51",臺中市,神岡區,"0","1","0","7.0","2.0","6.0","30.0","4.0","2.0","1.0","5.0","4.0","6","6","4.0","4.0","10.0","5.0","5.0","2.0","16.0","4.0","11.0","6.0","1.0",F01,"7.0","5.0","7.0","21.0","2.0","12.0",,"47.0","47.0","1.0","12.0","4.0",120.685725,24.251438,"2.0","1407.0"
"1419",,"66000",387130000C,(04)23274275,(04)23288582,"2025","4","4","15","12",臺中市,后里區,"0","1","0","7.0","2.0","6.0","30.0","13.0","8.0","1.0","5.0","4.0","6","6","4.0","4.0","10.0","5.0","5.0","2.0","18.0","2.0","9.0","5.0","1.0",F01,"7.0","9.0","7.0","21.0","2.0","11.0",,"84.0","84.0","1.0","12.0","4.0",222825.712698898,2688810.64236807,"2.0","1420.0"