field_1,序號,縣市別代碼,機關代碼,市話,傳真,年,月,日,時,分,縣市,區,死亡數量,受傷數量,2-30,天候,道路照明設備,道路類別,道路速限,道路型態,事故位置,路面鋪裝,路面狀態,路面缺陷,障礙物,視距,號誌種類,號誌動作,分向設施,快車道或一般車道間,快慢車道間,路面邊線,事故類型及型態,受傷程度,主要傷處,保護裝備,行動電話或功能裝置,當事者區分(類別),車輛用途,當事者行動狀態,駕照狀態,駕照種類,飲酒情形,車輛撞擊部位最初,車輛撞擊部位其他,肇事因素個別,肇事因素主要,肇事逃逸,職業,共享經濟或外送平台,GPS座標X,GPS座標Y,事故類別,﻿序號
"1422",,"66000",387130000C,(04)23274275,(04)23288582,"2025","4","4","15","26",臺中市,南屯區,"0","1","0","7.0","2.0","6.0","50.0","13.0","9.0","1.0","5.0","4.0","6","6","4.0","4.0","1.0","4.0","5.0","2.0","17.0","2.0","9.0","4.0","1.0",F01,"7.0","15.0","7.0","21.0","2.0","12.0",,"84.0","84.0","1.0","12.0","4.0",212794.794402356,2671829.74017523,"2.0","1423.0"
"1429",,"66000",387130000C,(04)23274275,(04)23288582,"2025","4","4","16","13",臺中市,北區,"0","1","0","7.0","3.0","6.0","50.0","4.0","2.0","1.0","5.0","4.0","6","6","1.0","1.0","3.0","2.0","4.0","2.0","12.0","2.0","8.0","5.0","4.0",F01,"7.0","9.0","7.0","21.0","2.0","12.0",,"84.0","84.0","1.0","13.0","4.0",217992.339372708,2672951.52415721,"2.0","1430.0"
"1437",,"66000",387130000C,(04)23274275,(04)23288582,"2025","4","4","16","39",臺中市,豐原區,"0","1","0","7.0","3.0","6.0","30.0","3.0","1.0","1.0","5.0","4.0","6","6","4.0","4.0","10.0","5.0","5.0","1.0","17.0","2.0","7.0","6.0","1.0",F01,"7.0","6.0","7.0","21.0","2.0","11.0",,"14.0","14.0","1.0","13.0","4.0",222632.848083856,2684765.55687956,"2.0","1438.0"
"1466",,"66000",387130000C,(04)23274275,(04)23288582,"2025","4","4","19","8",臺中市,西屯區,"0","0","0","7.0",,,"40.0",,,,,,,,,,,,,,"17.0",,,,,F01,,,"7.0",,"1.0",,,"82.0","82.0","1.0","13.0","4.0",120.664547,24.179485,"4.0","1467.0"
"1506",,"66000",387130000C,(04)23274275,(04)23288582,"2025","4","5","0","5",臺中市,西區,"0","0","0","7.0",,,"50.0",,,,,,,,,,,,,,,,,,,F01,,,"7.0",,"1.0",,,"84.0","84.0","1.0","12.0","4.0",120.679721,24.134838,"3.0","1507.0"
"1537",,"66000",387130000C,(04)23274275,(04)23288582,"2025","4","5","8","31",臺中市,烏日區,"0","2","0","6.0","2.0","6.0","40.0","13.0","12.0","1.0","5.0","4.0","6","6","4.0","4.0","1.0","4.0","4.0","1.0","2.0","2.0","7.0","6.0","1.0",F01,"7.0","9.0","7.0","21.0","2.0","13.0",,"84.0","84.0","1.0","6.0","4.0",207695.303307697,2667393.30713181,"2.0","1538.0"
"1544",,"66000",387130000C,(04)23274275,(04)23288582,"2025","4","5","9","29",臺中市,大雅區,"0","1","0","6.0","2.0","6.0","40.0","13.0","8.0","1.0","5.0","4.0","6","6","4.0","4.0","1.0","4.0","4.0","1.0","17.0","2.0","9.0","6.0","1.0",F01,"7.0","9.0","7.0","21.0","2.0","11.0",,"8.0","8.0","1.0","13.0","4.0",213317.851578295,2680797.53287063,"2.0","1545.0"
"1644",,"66000",387130000C,(04)23274275,(04)23288582,"2025","4","5","15","21",臺中市,大甲區,"0","2","0","6.0","3.0","6.0","50.0","4.0","1.0","1.0","5.0","4.0","6","6","1.0","1.0","5.0","5.0","5.0","1.0","16.0","2.0","9.0","4.0","1.0",F01,"7.0","6.0","7.0","21.0","2.0","12.0",,"11.0","11.0","1.0","3.0","1.0",211827.577131918,2693776.93461931,"2.0","1645.0"
"1671",,"66000",387130000C,(04)23274275,(04)23288582,"2025","4","5","17","4",臺中市,南屯區,"0","1","0","7.0","2.0","6.0","50.0","13.0","9.0","1.0","5.0","4.0","6","6","4.0","4.0","1.0","5.0","5.0","2.0","16.0","3.0","10.0","4.0","1.0",F01,"7.0","6.0","7.0","21.0","2.0","14.0",,"48.0","48.0","1.0","6.0","1.0",120.64372,24.135628,"2.0","1672.0"
"1702",,"66000",387130000C,(04)23274275,(04)23288582,"2025","4","5","18","21",臺中市,沙鹿區,"0","1","0","7.0","1.0","6.0","40.0","13.0","8.0","1.0","5.0","4.0","6","6","4.0","4.0","1.0","4.0","4.0","2.0","18.0","2.0","9.0","4.0","1.0",F01,"7.0","9.0","7.0","21.0","2.0","14.0","12.0","59.0","59.0","1.0","6.0","1.0",205447.903229748,2678207.51355297,"2.0","1703.0"
"1730",,"66000",387130000C,(04)23274275,(04)23288582,"2025","4","5","20","57",臺中市,北屯區,"0","1","0","7.0","1.0","6.0","50.0","13.0","8.0","1.0","5.0","4.0","6","6","4.0","4.0","5.0","4.0","4.0","1.0","18.0","2.0","9.0","6.0","1.0",F01,"7.0","9.0","7.0","21.0","2.0","11.0",,"84.0","84.0","1.0","12.0","4.0",219376.784449326,2673344.63266358,"2.0","1731.0"
"1756",,"66000",387130000C,(04)23274275,(04)23288582,"2025","4","5","23","48",臺中市,南區,"0","1","0","7.0","1.0","6.0","50.0","3.0","1.0","1.0","5.0","4.0","6","6","1.0","1.0","10.0","5.0","5.0","2.0","17.0","2.0","9.0","1.0","1.0",F01,"7.0","9.0","7.0","21.0","2.0","14.0",,"84.0","84.0","1.0","12.0","4.0",216983.428709871,2668977.86898166,"2.0","1757.0"
"1837",,"66000",387130000C,(04)23274275,(04)23288582,"2025","4","6","13","0",臺中市,南區,"0","1","0","7.0","2.0","6.0","50.0","4.0","2.0","1.0","5.0","4.0","6","6","2.0","1.0","5.0","5.0","5.0","2.0","18.0","2.0","9.0","1.0","1.0",F01,"7.0","9.0","7.0","21.0","1.0","14.0",,"84.0","84.0","1.0","13.0","4.0",214482.019534716,2668389.59527008,"2.0","1838.0"
"1907",,"66000",387130000C,(04)23274275,(04)23288582,"2025","4","6","17","17",臺中市,大雅區,"0","1","0","7.0","2.0","6.0","40.0","13.0","9.0","1.0","5.0","4.0","6","6","4.0","4.0","1.0","4.0","5.0","1.0","17.0","2.0","9.0","2.0","1.0",F01,"7.0","9.0","7.0","21.0","8.0","11.0",,"84.0","84.0","1.0","12.0","4.0",212631.018126065,2681536.38687595,"2.0","1908.0"
"1938",,"66000",387130000C,(04)23274275,(04)23288582,"2025","4","6","18","50",臺中市,后里區,"0","2","0","7.0","1.0","6.0","50.0","4.0","1.0","1.0","5.0","4.0","6","6","1.0","1.0","10.0","5.0","5.0","2.0","16.0","2.0","9.0","1.0","1.0",F01,"7.0","11.0","7.0","21.0","2.0","11.0",,"46.0","46.0","1.0","2.0","4.0",221757.992308632,2688798.44908339,"2.0","1939.0"
"1983",,"66000",387130000C,(04)23274275,(04)23288582,"2025","4","6","22","52",臺中市,南區,"0","1","0","7.0","1.0","6.0","50.0","13.0","9.0","1.0","5.0","4.0","6","6","4.0","4.0","9.0","4.0","5.0","2.0","12.0","2.0","8.0","1.0","1.0",F02,"7.0","11.0","7.0","21.0","2.0","14.0",,"45.0","45.0","1.0","12.0","4.0",216798.559388972,2669510.45619535,"2.0","1984.0"
"2008",,"66000",387130000C,(04)23274275,(04)23288582,"2025","4","7","7","21",臺中市,北屯區,"0","1","0","7.0","3.0","6.0","40.0","13.0","8.0","1.0","5.0","4.0","6","6","4.0","4.0","5.0","5.0","4.0","2.0","17.0","2.0","9.0","6.0","1.0",F01,"7.0","9.0","7.0","21.0","2.0","11.0",,"59.0","59.0","1.0","13.0","4.0",221989.26414458,2674128.01491624,"2.0","2009.0"
"2089",,"66000",387130000C,(04)23274275,(04)23288582,"2025","4","7","9","40",臺中市,太平區,"0","2","0","7.0","3.0","6.0","50.0","13.0","9.0","1.0","5.0","4.0","6","6","4.0","4.0","5.0","5.0","5.0","1.0","16.0","2.0","9.0","4.0","1.0",F01,"7.0","6.0","7.0","21.0","1.0","11.0",,"48.0","48.0","2.0","13.0","4.0",221367.590703827,2668600.36088197,"2.0","2090.0"
"2258",,"66000",387130000C,(04)23274275,(04)23288582,"2025","4","7","16","14",臺中市,豐原區,"0","1","0","7.0","2.0","6.0","50.0","3.0","1.0","1.0","5.0","4.0","6","6","3.0","1.0","10.0","5.0","5.0","2.0","16.0","2.0","9.0","6.0","1.0",F01,"7.0","6.0","7.0","21.0","2.0","12.0",,"24.0","24.0","1.0","12.0","4.0",222064.055295759,2683881.86833716,"2.0","2259.0"
"2440",,"66000",387130000C,(04)23274275,(04)23288582,"2025","4","8","7","37",臺中市,沙鹿區,"0","2","0","7.0","2.0","6.0","1.0","13.0","8.0","1.0","5.0","4.0","6","6","4.0","4.0","5.0","4.0","4.0","2.0","17.0","2.0","9.0","4.0","1.0",F01,"7.0","1.0","7.0","21.0","2.0","11.0",,"51.0","51.0","1.0","12.0","4.0",205200.027800371,2681127.31717691,"2.0","2441.0"
"2492",,"66000",387130000C,(04)23274275,(04)23288582,"2025","4","8","8","48",臺中市,北屯區,"0","1","0","7.0","2.0","6.0","50.0","4.0","9.0","1.0","5.0","4.0","6","6","2.0","1.0","1.0","4.0","5.0","2.0","12.0","2.0","9.0","1.0","1.0",F02,"7.0","6.0","7.0","21.0","2.0","12.0",,"48.0","48.0","1.0","12.0","4.0",220507.352427594,2674385.40711531,"2.0","2493.0"
"2504",,"66000",387130000C,(04)23274275,(04)23288582,"2025","4","8","9","6",臺中市,北區,"0","2","0","7.0","2.0","6.0","50.0","3.0","1.0","1.0","5.0","4.0","6","6","4.0","4.0","5.0","4.0","5.0","2.0","17.0","2.0","9.0","5.0","1.0",F01,"7.0","1.0","7.0","21.0","2.0","14.0",,"51.0","51.0","1.0","13.0","4.0",218162.909533406,2671433.74126895,"2.0","2505.0"
"2532",,"66000",387130000C,(04)23274275,(04)23288582,"2025","4","8","10","39",臺中市,東勢區,"0","1","0","7.0","3.0","6.0","50.0","13.0","9.0","1.0","5.0","4.0","6","6","4.0","4.0","9.0","5.0","5.0","2.0","13.0","2.0","9.0","5.0","4.0",F01,"7.0","9.0","7.0","21.0","2.0","11.0",,"7.0","7.0","1.0","12.0","4.0",232557.326220635,2683362.79530047,"2.0","2533.0"
"2697",,"66000",387130000C,(04)23274275,(04)23288582,"2025","4","8","17","46",臺中市,梧棲區,"0","1","0","7.0","3.0","6.0","50.0","13.0","9.0","1.0","5.0","4.0","6","6","4.0","4.0","9.0","5.0","5.0","2.0","17.0","2.0","7.0","4.0","2.0",F01,"7.0","9.0","7.0","21.0","2.0","11.0",,"62.0","62.0","1.0","4.0","4.0",203328.620402241,2682675.82937773,"2.0","2698.0"
"2736",,"66000",387130000C,(04)23274275,(04)23288582,"2025","4","8","19","30",臺中市,南屯區,"0","3","0","7.0","1.0","6.0","50.0","4.0","1.0","1.0","5.0","4.0","6","6","4.0","4.0","10.0","5.0","5.0","2.0","15.0","2.0","7.0","6.0","4.0",F02,"7.0","9.0","7.0","21.0","2.0","12.0",,"15.0","15.0","1.0","6.0","4.0",214952.35241713,2670993.73899885,"2.0","2737.0"
"2753",,"66000",387130000C,(04)23274275,(04)23288582,"2025","4","8","20","37",臺中市,南區,"0","2","0","7.0","3.0","6.0","50.0","5.0","9.0","1.0","5.0","4.0","6","6","4.0","4.0","10.0","5.0","5.0","2.0","17.0","2.0","9.0","5.0","4.0",F01,"7.0","5.0","7.0","21.0","2.0","11.0",,"84.0","84.0","1.0","3.0","4.0",215997.412814542,2669077.75951161,"2.0","2754.0"
"2775",,"66000",387130000C,(04)23274275,(04)23288582,"2025","4","8","21","41",臺中市,梧棲區,"0","1","0","7.0","1.0","6.0","0.0","13.0","21.0","4.0","5.0","4.0","6","6","4.0","4.0","10.0","5.0","5.0","2.0","18.0","2.0","1.0","6.0","1.0",F01,"7.0","9.0","7.0","21.0","11.0","11.0",,"59.0","59.0","1.0","13.0","4.0",203660.062775234,2682455.22632337,"2.0","2776.0"
"2871",,"66000",387130000C,(04)23274275,(04)23288582,"2025","4","9","8","24",臺中市,大甲區,"0","1","0","7.0","2.0","6.0","30.0","13.0","9.0","1.0","5.0","4.0","6","6","4.0","4.0","10.0","5.0","5.0","1.0","10.0","2.0","9.0","4.0","1.0",F01,"7.0","9.0","7.0","21.0","2.0","11.0",,"59.0","59.0","1.0","6.0","4.0",212952.585503782,2696070.32027615,"2.0","2872.0"
"2911",,"66000",387130000C,(04)23274275,(04)23288582,"2025","4","9","10","37",臺中市,西屯區,"0","1","0","7.0","1.0","6.0","50.0","3.0","1.0","1.0","5.0","4.0","1","4","4.0","4.0","5.0","5.0","5.0","2.0","29.0","2.0","9.0","5.0","4.0",F01,"7.0","9.0","7.0","21.0","2.0","11.0",,"59.0","59.0","1.0","12.0","4.0",211301.739709456,2674970.88305235,"2.0","2912.0"
"2955",,"66000",387130000C,(04)23274275,(04)23288582,"2025","4","9","12","40",臺中市,南區,"0","1","0","7.0","2.0","6.0","50.0","13.0","9.0","1.0","5.0","4.0","6","6","4.0","4.0","5.0","4.0","5.0","2.0","12.0","2.0","7.0","4.0","1.0",F01,"7.0","6.0","7.0","21.0","2.0","14.0",,"20.0","20.0","1.0","5.0","1.0",217242.53293964,2669204.64217617,"2.0","2956.0"
"3038",,"66000",387130000C,(04)23274275,(04)23288582,"2025","4","9","17","10",臺中市,南區,"0","1","0","7.0","2.0","6.0","50.0","3.0","1.0","1.0","5.0","4.0","6","6","4.0","4.0","10.0","5.0","5.0","2.0","17.0","2.0","9.0","6.0","1.0",F01,"7.0","15.0","7.0","21.0","2.0","14.0",,"84.0","84.0","1.0","12.0","4.0",216180.021414178,2669272.91089107,"2.0","3039.0"
"3079",,"66000",387130000C,(04)23274275,(04)23288582,"2025","4","9","18","26",臺中市,北區,"0","0","0","7.0",,,"30.0",,,,,,,,,,,,,,"17.0",,,,,F02,,,"7.0",,"1.0",,,"84.0","84.0","1.0","12.0","4.0",120.693003,24.157972,"4.0","3080.0"
"3123",,"66000",387130000C,(04)23274275,(04)23288582,"2025","4","9","20","18",臺中市,大肚區,"0","2","0","7.0","1.0","6.0","20.0","3.0","2.0","1.0","5.0","4.0","6","6","4.0","4.0","10.0","5.0","5.0","2.0","17.0","2.0","9.0","6.0","1.0",F01,"7.0","1.0","7.0","21.0","2.0","14.0",,"51.0","51.0","1.0","12.0","4.0",206301.778181107,2668781.57751336,"2.0","3124.0"
"3446",,"66000",387130000C,(04)23274275,(04)23288582,"2025","4","10","17","22",臺中市,大里區,"0","1","0","7.0","2.0","6.0","50.0","3.0","2.0","1.0","2.0","4.0","6","6","4.0","4.0","5.0","4.0","4.0","1.0","13.0","2.0","9.0","1.0","1.0",F01,"7.0","9.0","7.0","21.0","1.0","11.0",,"58.0","58.0","1.0","3.0","4.0",219362.474350619,2667164.33313509,"2.0","3447.0"
"3508",,"66000",387130000C,(04)23274275,(04)23288582,"2025","4","10","19","28",臺中市,太平區,"0","2","0","7.0","1.0","6.0","50.0","5.0","2.0","1.0","5.0","4.0","6","6","1.0","1.0","5.0","2.0","5.0","1.0","17.0","2.0","9.0","4.0","1.0",F01,"7.0","11.0","7.0","21.0","9.0","12.0",,"21.0","21.0","1.0","12.0","4.0",221895.854953931,2668140.47125155,"2.0","3509.0"
"3529",,"66000",387130000C,(04)23274275,(04)23288582,"2025","4","10","21","30",臺中市,中區,"0","2","0","7.0","1.0","6.0","40.0","4.0","1.0","1.0","5.0","4.0","6","6","1.0","1.0","10.0","5.0","5.0","2.0","17.0","2.0","9.0","4.0","1.0",F02,"7.0","5.0","7.0","21.0","2.0","11.0",,"4.0","4.0","1.0","12.0","4.0",217130.380379645,2671124.43490918,"2.0","3530.0"
"3552",,"66000",387130000C,(04)23274275,(04)23288582,"2025","4","11","3","6",臺中市,西屯區,"0","1","0","7.0","1.0","6.0","40.0","13.0","14.0","1.0","5.0","4.0","6","6","4.0","4.0","9.0","5.0","5.0","1.0","17.0","2.0","9.0","5.0","1.0",F02,"7.0","9.0","7.0","21.0","2.0","11.0",,"59.0","59.0","1.0","12.0","4.0",211499.553554205,2676093.70588532,"2.0","3553.0"
"3560",,"66000",387130000C,(04)23274275,(04)23288582,"2025","4","11","6","19",臺中市,大肚區,"0","2","0","7.0","3.0","6.0","50.0","13.0","7.0","1.0","5.0","4.0","6","6","4.0","4.0","9.0","5.0","4.0","2.0","12.0","2.0","9.0","6.0","1.0",F01,"7.0","9.0","7.0","21.0","2.0","11.0",,"42.0","42.0","1.0","6.0","4.0",202359.086277603,2673793.49310639,"2.0","3561.0"
"3563",,"66000",387130000C,(04)23274275,(04)23288582,"2025","4","11","6","40",臺中市,大里區,"0","1","0","7.0","3.0","6.0","50.0","13.0","9.0","1.0","5.0","4.0","6","6","4.0","4.0","10.0","5.0","5.0","2.0","11.0","2.0","9.0","1.0","1.0",F01,"7.0","9.0","7.0","21.0","1.0","11.0",,"59.0","59.0","1.0","12.0","4.0",219318.081619899,2665099.16010514,"2.0","3564.0"
"3619",,"66000",387130000C,(04)23274275,(04)23288582,"2025","4","11","8","1",臺中市,東區,"0","0","0","7.0",,,"50.0",,,,,,,,,,,,,,"13.0",,,,,F02,,,"7.0",,"1.0",,,"7.0","7.0","1.0","12.0","4.0",120.706186,24.129614,"3.0","3620.0"
"3670",,"66000",387130000C,(04)23274275,(04)23288582,"2025","4","11","9","15",臺中市,北區,"0","2","0","7.0","2.0","6.0","50.0","13.0","9.0","1.0","5.0","4.0","6","6","4.0","4.0","5.0","4.0","5.0","2.0","12.0","2.0","9.0","6.0","1.0",F02,"7.0","9.0","7.0","21.0","2.0","12.0",,"8.0","8.0","1.0","12.0","4.0",217603.496198788,2672478.38944878,"2.0","3671.0"
"3685",,"66000",387130000C,(04)23274275,(04)23288582,"2025","4","11","9","50",臺中市,龍井區,"0","2","0","7.0","2.0","6.0","40.0","13.0","8.0","1.0","5.0","4.0","6","6","2.0","1.0","3.0","5.0","3.0","2.0","13.0","2.0","9.0","6.0","1.0",F01,"7.0","9.0","7.0","21.0","2.0","11.0",,"7.0","7.0","1.0","5.0","4.0",208620.30074964,2675336.72202251,"2.0","3686.0"
"3945",,"66000",387130000C,(04)23274275,(04)23288582,"2025","4","11","18","0",臺中市,梧棲區,"0","2","0","7.0","2.0","6.0","40.0","13.0","8.0","1.0","5.0","4.0","6","6","4.0","4.0","1.0","4.0","4.0","1.0","12.0","2.0","9.0","1.0","1.0",F01,"7.0","7.0","7.0","21.0","2.0","13.0",,"40.0","40.0","1.0","3.0","4.0",204308.663303241,2682896.91167344,"2.0","3946.0"
"4030",,"66000",387130000C,(04)23274275,(04)23288582,"2025","4","11","21","16",臺中市,大里區,"0","0","0","7.0",,,"50.0",,,,,,,,,,,,,,"12.0",,,,,F01,,,"1.0",,"8.0",,,"84.0","84.0","1.0","13.0","4.0",120.705332,24.105291,"3.0","4031.0"
"4082",,"66000",387130000C,(04)23274275,(04)23288582,"2025","4","12","1","36",臺中市,龍井區,"0","1","0","7.0","3.0","6.0","30.0","4.0","1.0","1.0","5.0","4.0","6","6","4.0","4.0","10.0","5.0","5.0","1.0","18.0","2.0","7.0","5.0","4.0",F01,"7.0","15.0","7.0","21.0","2.0","14.0",,"6.0","6.0","1.0","13.0","4.0",202701.781696697,2675490.97348273,"2.0","4083.0"
"4089",,"66000",387130000C,(04)23274275,(04)23288582,"2025","4","12","7","19",臺中市,西屯區,"0","1","0","7.0","2.0","6.0","0.0","3.0","2.0","1.0","5.0","4.0","6","6","2.0","1.0","1.0","4.0","1.0","2.0","17.0","2.0","9.0","4.0","1.0",F01,"7.0","9.0","7.0","21.0","2.0","11.0",,"39.0","39.0","1.0","12.0","4.0",210909.314196541,2675363.35557767,"2.0","4090.0"
"4090",,"66000",387130000C,(04)23274275,(04)23288582,"2025","4","12","7","20",臺中市,西屯區,"0","1","0","7.0","2.0","6.0","50.0","13.0","9.0","1.0","5.0","4.0","6","6","4.0","4.0","5.0","4.0","5.0","2.0","12.0","2.0","9.0","6.0","1.0",F01,"7.0","8.0","7.0","21.0","2.0","12.0",,"40.0","40.0","1.0","13.0","4.0",213944.116603889,2675177.0202975,"2.0","4091.0"
"4142",,"66000",387130000C,(04)23274275,(04)23288582,"2025","4","12","10","16",臺中市,大肚區,"0","1","0","6.0","2.0","6.0","30.0","12.0","9.0","1.0","5.0","4.0","6","6","4.0","4.0","10.0","5.0","5.0","2.0","18.0","2.0","9.0","5.0","4.0",F01,"7.0","9.0","7.0","21.0","2.0","15.0",,"87.0","87.0","1.0","6.0","4.0",207561.274233427,2668095.09628915,"2.0","4143.0"
"4177",,"66000",387130000C,(04)23274275,(04)23288582,"2025","4","12","11","40",臺中市,潭子區,"0","1","0","7.0","2.0","6.0","50.0","4.0","1.0","1.0","5.0","4.0","6","6","4.0","4.0","10.0","5.0","5.0","2.0","17.0","2.0","9.0","6.0","1.0",F01,"7.0","5.0","7.0","21.0","1.0","11.0",,"58.0","58.0","1.0","13.0","4.0",220317.295900846,2678976.67050387,"2.0","4178.0"
"4198",,"66000",387130000C,(04)23274275,(04)23288582,"2025","4","12","12","28",臺中市,梧棲區,"0","0","0","7.0",,,"50.0",,,,,,,,,,,,,,"12.0",,,,,F01,,,,,,,,"8.0","8.0","1.0",,,120.534601,24.225203,"3.0","4199.0"
"4216",,"66000",387130000C,(04)23274275,(04)23288582,"2025","4","12","13","51",臺中市,北區,"0","1","0","7.0","2.0","6.0","40.0","3.0","1.0","1.0","5.0","4.0","6","6","1.0","1.0","1.0","4.0","4.0","2.0","16.0","2.0","9.0","6.0","1.0",F01,"7.0","11.0","7.0","21.0","2.0","13.0",,"45.0","45.0","1.0","12.0","1.0",217870.825795193,2671249.6650007,"2.0","4217.0"
"4253",,"66000",387130000C,(04)23274275,(04)23288582,"2025","4","12","15","41",臺中市,太平區,"0","2","0","6.0","2.0","6.0","40.0","13.0","7.0","1.0","5.0","4.0","6","6","4.0","4.0","5.0","5.0","4.0","1.0","16.0","2.0","9.0","4.0","1.0",F01,"7.0","7.0","7.0","21.0","2.0","14.0",,"39.0","39.0","1.0","12.0","4.0",221561.20348613,2672455.75157439,"2.0","4254.0"
"4296",,"66000",387130000C,(04)23274275,(04)23288582,"2025","4","12","17","32",臺中市,西屯區,"0","2","0","7.0","2.0","6.0","40.0","3.0","1.0","1.0","5.0","4.0","6","6","4.0","4.0","10.0","5.0","5.0","2.0","16.0","2.0","9.0","6.0","1.0",F01,"7.0","6.0","7.0","21.0","1.0","14.0",,"14.0","14.0","1.0","2.0","4.0",215307.166878567,2672837.65463418,"2.0","4297.0"
"4302",,"66000",387130000C,(04)23274275,(04)23288582,"2025","4","12","17","40",臺中市,清水區,"0","1","0","7.0","3.0","6.0","30.0","3.0","1.0","1.0","5.0","4.0","6","6","4.0","4.0","10.0","5.0","5.0","2.0","16.0","2.0","8.0","6.0","1.0",F01,"7.0","5.0","7.0","21.0","1.0","11.0",,"14.0","14.0","1.0","12.0","4.0",210160.994193147,2688785.18798935,"2.0","4303.0"
"4371",,"66000",387130000C,(04)23274275,(04)23288582,"2025","4","12","22","10",臺中市,北屯區,"0","1","0","5.0","3.0","6.0","50.0","13.0","9.0","1.0","4.0","4.0","6","6","4.0","4.0","5.0","4.0","5.0","2.0","18.0","2.0","9.0","6.0","1.0",F01,"7.0","9.0","7.0","21.0","9.0","12.0",,"59.0","59.0","1.0","13.0","4.0",221107.221775868,2673331.59798198,"2.0","4372.0"
"4374",,"66000",387130000C,(04)23274275,(04)23288582,"2025","4","12","22","25",臺中市,太平區,"0","1","0","5.0","1.0","6.0","50.0","13.0","9.0","1.0","4.0","4.0","6","6","4.0","4.0","5.0","4.0","5.0","2.0","17.0","2.0","1.0","5.0","4.0",F01,"7.0","9.0","7.0","21.0","2.0","12.0",,"59.0","59.0","1.0","4.0","1.0",220038.923688805,2672587.34701301,"2.0","4375.0"
"4460",,"66000",387130000C,(04)23274275,(04)23288582,"2025","4","13","9","42",臺中市,北屯區,"0","1","0","7.0","3.0","6.0","50.0","4.0","2.0","1.0","5.0","4.0","6","6","2.0","1.0","5.0","4.0","4.0","2.0","15.0","3.0","10.0","4.0","1.0",F01,"7.0","9.0","7.0","21.0","2.0","14.0",,"21.0","21.0","1.0","12.0","4.0",120.694586,24.165715,"2.0","4461.0"
"4628",,"66000",387130000C,(04)23274275,(04)23288582,"2025","4","13","18","8",臺中市,烏日區,"0","0","0","7.0",,,"40.0",,,,,,,,,,,,,,"12.0",,,,,F01,,,"7.0",,"5.0",,,"85.0","85.0","1.0","13.0","1.0",120.639349,24.10487,"3.0","4629.0"
"4629",,"66000",387130000C,(04)23274275,(04)23288582,"2025","4","13","18","15",臺中市,南區,"0","1","0","7.0","1.0","6.0","50.0","3.0","1.0","1.0","5.0","3.0","1","6","2.0","1.0","5.0","5.0","5.0","2.0","18.0","2.0","9.0","2.0","2.0",F01,"7.0","6.0","7.0","21.0","2.0","14.0",,"84.0","84.0","1.0","13.0","4.0",215487.45145153,2667602.34488421,"2.0","4630.0"
"4702",,"66000",387130000C,(04)23274275,(04)23288582,"2025","4","14","7","14",臺中市,神岡區,"0","1","0","7.0","2.0","6.0","30.0","3.0","1.0","1.0","5.0","4.0","6","6","4.0","4.0","10.0","5.0","5.0","2.0","16.0","2.0","9.0","5.0","4.0",F01,"7.0","5.0","7.0","21.0","2.0","11.0","12.0","84.0","84.0","1.0","13.0","4.0",219387.330752736,2682801.03255534,"2.0","4703.0"
"4753",,"66000",387130000C,(04)23274275,(04)23288582,"2025","4","14","8","13",臺中市,北區,"0","2","0","7.0","2.0","6.0","50.0","13.0","7.0","1.0","5.0","4.0","6","6","1.0","1.0","5.0","5.0","4.0","2.0","17.0","2.0","9.0","6.0","1.0",F01,"7.0","11.0","7.0","21.0","2.0","12.0",,"34.0","34.0","1.0","12.0","4.0",217022.177244533,2673899.88896885,"2.0","4754.0"
"4772",,"66000",387130000C,(04)23274275,(04)23288582,"2025","4","14","8","36",臺中市,西屯區,"0","1","0","7.0","2.0","6.0","50.0","4.0","2.0","1.0","5.0","4.0","6","6","1.0","1.0","9.0","3.0","4.0","2.0","13.0","2.0","8.0","5.0","4.0",F02,"7.0","9.0","7.0","21.0","2.0","13.0",,"8.0","8.0","1.0","13.0","4.0",214531.944199814,2673983.51980571,"2.0","4773.0"
"4859",,"66000",387130000C,(04)23274275,(04)23288582,"2025","4","14","11","27",臺中市,神岡區,"0","1","0","7.0","1.0","8.0","20.0","13.0","13.0","1.0","5.0","4.0","6","6","4.0","4.0","5.0","5.0","5.0","1.0","18.0","2.0","9.0","5.0","4.0",F02,"7.0","9.0","7.0","21.0","1.0","14.0",,"84.0","84.0","1.0","12.0","4.0",217006.656899304,2682475.33822078,"2.0","4860.0"
"5024",,"66000",387130000C,(04)23274275,(04)23288582,"2025","4","14","17","22",臺中市,西屯區,"0","1","0","7.0","2.0","6.0","30.0","13.0","9.0","1.0","5.0","4.0","6","6","4.0","4.0","10.0","5.0","5.0","2.0","18.0","2.0","9.0","5.0","4.0",F01,"7.0","9.0","7.0","21.0","2.0","14.0",,"59.0","59.0","1.0","13.0","4.0",210698.119122026,2673426.43907881,"2.0","5025.0"
"5105",,"66000",387130000C,(04)23274275,(04)23288582,"2025","4","14","20","25",臺中市,西屯區,"0","2","0","7.0","1.0","6.0","40.0","4.0","1.0","1.0","5.0","4.0","6","6","1.0","1.0","5.0","4.0","4.0","2.0","15.0","2.0","9.0","1.0","1.0",F02,"7.0","9.0","7.0","21.0","2.0","11.0",,"85.0","85.0","1.0","4.0","4.0",212013.088797135,2675515.30424516,"2.0","5106.0"