field_1,序號,縣市別代碼,機關代碼,市話,傳真,年,月,日,時,分,縣市,區,死亡數量,受傷數量,2-30,天候,道路照明設備,道路類別,道路速限,道路型態,事故位置,路面鋪裝,路面狀態,路面缺陷,障礙物,視距,號誌種類,號誌動作,分向設施,快車道或一般車道間,快慢車道間,路面邊線,事故類型及型態,受傷程度,主要傷處,保護裝備,行動電話或功能裝置,當事者區分(類別),車輛用途,當事者行動狀態,駕照狀態,駕照種類,飲酒情形,車輛撞擊部位最初,車輛撞擊部位其他,肇事因素個別,肇事因素主要,肇事逃逸,職業,共享經濟或外送平台,GPS座標X,GPS座標Y,事故類別,﻿序號
"5116",,"66000",387130000C,(04)23274275,(04)23288582,"2025","4","14","20","46",臺中市,梧棲區,"0","1","0","7.0","1.0","6.0","50.0","13.0","9.0","1.0","5.0","4.0","6","6","1.0","1.0","9.0","5.0","5.0","1.0","12.0","2.0","5.0","6.0","1.0",F01,"7.0","9.0","7.0","21.0","2.0","14.0",,"82.0","82.0","1.0","13.0","4.0",203175.473451068,2682764.2737286,"2.0","5117.0"
"5118",,"66000",387130000C,(04)23274275,(04)23288582,"2025","4","14","21","1",臺中市,西屯區,"0","0","0","7.0",,,"50.0",,,,,,,,,,,,,,"12.0",,,,,F01,,,"7.0",,"2.0",,,"8.0","8.0","1.0","12.0","4.0",120.644439,24.17432,"4.0","5119.0"
"5241",,"66000",387130000C,(04)23274275,(04)23288582,"2025","4","15","8","7",臺中市,北區,"0","2","0","7.0","3.0","6.0","40.0","4.0","2.0","1.0","5.0","4.0","6","6","1.0","1.0","1.0","3.0","4.0","2.0","16.0","2.0","9.0","6.0","1.0",F01,"7.0","6.0","7.0","21.0","2.0","13.0",,"42.0","42.0","1.0","12.0","4.0",217961.527109243,2673167.00457331,"2.0","5242.0"
"5243",,"66000",387130000C,(04)23274275,(04)23288582,"2025","4","15","8","7",臺中市,北屯區,"0","2","0","7.0","1.0","6.0","50.0","4.0","1.0","4.0","5.0","4.0","6","6","2.0","1.0","10.0","5.0","5.0","2.0","17.0","2.0","9.0","5.0","4.0",F01,"7.0","6.0","7.0","21.0","2.0","12.0",,"11.0","11.0","1.0","4.0","1.0",220727.326653205,2673743.37168808,"2.0","5244.0"
"5302",,"66000",387130000C,(04)23274275,(04)23288582,"2025","4","15","10","0",臺中市,西區,"0","2","0","7.0","2.0","6.0","50.0","3.0","2.0","1.0","5.0","4.0","6","6","4.0","4.0","5.0","5.0","5.0","1.0","16.0","2.0","9.0","6.0","1.0",F01,"7.0","6.0","7.0","21.0","2.0","11.0",,"20.0","20.0","1.0","13.0","4.0",215120.495002958,2671634.79734875,"2.0","5303.0"
"5303",,"66000",387130000C,(04)23274275,(04)23288582,"2025","4","15","10","0",臺中市,北區,"0","1","0","7.0","2.0","6.0","50.0","4.0","1.0","1.0","5.0","4.0","6","6","2.0","1.0","10.0","5.0","5.0","2.0","17.0","3.0","10.0","1.0","1.0",F01,"7.0","6.0","7.0","21.0","2.0","13.0",,"20.0","20.0","1.0","13.0","4.0",120.685148,24.160354,"2.0","5304.0"
"5476",,"66000",387130000C,(04)23274275,(04)23288582,"2025","4","15","16","56",臺中市,清水區,"0","1","0","7.0","3.0","6.0","50.0","4.0","1.0","1.0","5.0","4.0","6","6","1.0","1.0","9.0","4.0","5.0","1.0","18.0","2.0","9.0","1.0","1.0",F01,"7.0","9.0","7.0","21.0","2.0","15.0",,"59.0","59.0","1.0","12.0","4.0",206100.295980859,2685271.24066314,"2.0","5477.0"
"5479",,"66000",387130000C,(04)23274275,(04)23288582,"2025","4","15","17","2",臺中市,北屯區,"0","1","0","7.0","2.0","6.0","50.0","4.0","1.0","1.0","5.0","4.0","6","6","2.0","1.0","10.0","5.0","5.0","2.0","16.0","2.0","9.0","6.0","1.0",F01,"7.0","6.0","7.0","21.0","2.0","12.0",,"48.0","48.0","1.0","6.0","4.0",218557.346739142,2676407.14528125,"2.0","5480.0"
"5494",,"66000",387130000C,(04)23274275,(04)23288582,"2025","4","15","17","15",臺中市,豐原區,"0","2","0","7.0","2.0","6.0","50.0","13.0","9.0","1.0","5.0","4.0","6","6","4.0","4.0","5.0","5.0","5.0","2.0","17.0","2.0","9.0","6.0","4.0",F01,"7.0","11.0","7.0","21.0","2.0","12.0",,"39.0","39.0","1.0","12.0","4.0",221203.451406095,2682545.59527915,"2.0","5495.0"
"5608",,"66000",387130000C,(04)23274275,(04)23288582,"2025","4","15","21","56",臺中市,清水區,"0","1","0","7.0","1.0","6.0","40.0","3.0","1.0","1.0","5.0","4.0","6","6","2.0","1.0","1.0","4.0","5.0","1.0","10.0","2.0","1.0","6.0","1.0",F01,"7.0","9.0","7.0","21.0","8.0","11.0",,"4.0","4.0","1.0","6.0","4.0",202529.414418777,2685273.90894101,"2.0","5609.0"
"5692",,"66000",387130000C,(04)23274275,(04)23288582,"2025","4","16","8","2",臺中市,大里區,"0","1","0","7.0","2.0","6.0","50.0","13.0","9.0","1.0","5.0","4.0","6","6","4.0","4.0","1.0","4.0","5.0","1.0","18.0","2.0","9.0","1.0","1.0",F01,"7.0","9.0","7.0","21.0","2.0","12.0",,"59.0","59.0","1.0","4.0","4.0",217947.044554609,2665735.22161969,"2.0","5693.0"
"5799",,"66000",387130000C,(04)23274275,(04)23288582,"2025","4","16","11","20",臺中市,沙鹿區,"0","0","0","7.0",,,"30.0",,,,,,,,,,,,,,"11.0",,,,,F02,,,"7.0",,"2.0",,,"41.0","41.0","1.0","12.0","4.0",120.574059,24.237653,"4.0","5800.0"
"5817",,"66000",387130000C,(04)23274275,(04)23288582,"2025","4","16","11","48",臺中市,北區,"0","0","0","7.0",,,"50.0",,,,,,,,,,,,,,"17.0",,,,,F02,,,"7.0",,"2.0",,,"84.0","84.0","1.0","13.0","4.0",120.681828,24.166695,"3.0","5818.0"
"5893",,"66000",387130000C,(04)23274275,(04)23288582,"2025","4","16","15","27",臺中市,南區,"0","0","0","7.0",,,"50.0",,,,,,,,,,,,,,"17.0",,,,,F02,,,"7.0",,"2.0",,,"7.0","7.0","1.0","12.0","4.0",120.652193,24.113075,"3.0","5894.0"
"5939",,"66000",387130000C,(04)23274275,(04)23288582,"2025","4","16","17","10",臺中市,太平區,"0","1","0","7.0","3.0","6.0","50.0","13.0","9.0","1.0","5.0","4.0","6","6","4.0","4.0","5.0","5.0","5.0","2.0","13.0","2.0","1.0","1.0","1.0",F01,"7.0","9.0","7.0","21.0","1.0","12.0",,"59.0","59.0","1.0","3.0","4.0",220549.426097768,2672427.13205584,"2.0","5940.0"
"5953",,"66000",387130000C,(04)23274275,(04)23288582,"2025","4","16","17","28",臺中市,南屯區,"0","2","0","7.0","3.0","6.0","50.0","13.0","9.0","1.0","5.0","4.0","6","6","4.0","4.0","5.0","4.0","5.0","2.0","17.0","2.0","9.0","5.0","4.0",F01,"7.0","8.0","7.0","21.0","2.0","14.0",,"40.0","40.0","1.0","6.0","4.0",210809.691290724,2670511.69567511,"2.0","5954.0"
"5989",,"66000",387130000C,(04)23274275,(04)23288582,"2025","4","16","18","27",臺中市,神岡區,"0","1","0","7.0","1.0","6.0","20.0","12.0","13.0","1.0","5.0","4.0","6","6","4.0","4.0","4.0","5.0","5.0","1.0","18.0","2.0","1.0","5.0","4.0",F01,"7.0","9.0","7.0","21.0","1.0","11.0",,"59.0","59.0","1.0","12.0","4.0",219037.867802184,2680827.74451961,"2.0","5990.0"
"6062",,"66000",387130000C,(04)23274275,(04)23288582,"2025","4","17","7","7",臺中市,大里區,"0","1","0","7.0","2.0","6.0","30.0","13.0","9.0","1.0","5.0","4.0","6","6","4.0","4.0","10.0","5.0","5.0","2.0","10.0","3.0","10.0","1.0","1.0",F01,"7.0","15.0","7.0","21.0","1.0","11.0",,"41.0","41.0","1.0","13.0","4.0",120.701246,24.094169,"2.0","6063.0"
"6133",,"66000",387130000C,(04)23274275,(04)23288582,"2025","4","17","9","30",臺中市,西屯區,"0","1","0","7.0","2.0","6.0","40.0","13.0","8.0","1.0","5.0","4.0","6","6","4.0","4.0","1.0","4.0","4.0","2.0","12.0","2.0","9.0","6.0","1.0",F02,"7.0","9.0","7.0","21.0","2.0","11.0",,"59.0","59.0","1.0","12.0","4.0",213066.264165045,2672507.27592661,"2.0","6134.0"
"6163",,"66000",387130000C,(04)23274275,(04)23288582,"2025","4","17","10","41",臺中市,北區,"0","1","0","7.0","2.0","6.0","50.0","4.0","1.0","1.0","5.0","4.0","6","6","2.0","1.0","10.0","5.0","5.0","2.0","17.0","2.0","9.0","6.0","1.0",F01,"7.0","1.0","7.0","21.0","2.0","12.0",,"51.0","51.0","1.0","13.0","4.0",216520.425816407,2673250.06483343,"2.0","6164.0"
"6178",,"66000",387130000C,(04)23274275,(04)23288582,"2025","4","17","11","25",臺中市,北區,"0","2","0","7.0","2.0","6.0","50.0","13.0","7.0","1.0","5.0","4.0","6","6","4.0","4.0","5.0","5.0","4.0","2.0","17.0","2.0","9.0","5.0","4.0",F01,"7.0","15.0","7.0","21.0","2.0","12.0",,"4.0","4.0","1.0","13.0","4.0",217208.008383541,2674026.93400534,"2.0","6179.0"
"6327",,"66000",387130000C,(04)23274275,(04)23288582,"2025","4","17","17","22",臺中市,南區,"0","1","0","7.0","3.0","6.0","30.0","11.0","9.0","1.0","5.0","4.0","6","6","4.0","4.0","10.0","5.0","5.0","2.0","10.0","2.0","9.0","6.0","1.0",F01,"7.0","1.0","7.0","21.0","2.0","11.0",,"51.0","51.0","1.0","12.0","4.0",215850.882482287,2667524.7194618,"2.0","6328.0"
"6364",,"66000",387130000C,(04)23274275,(04)23288582,"2025","4","17","18","35",臺中市,清水區,"0","1","0","7.0","1.0","6.0","50.0","13.0","9.0","1.0","5.0","4.0","6","6","4.0","4.0","9.0","5.0","5.0","1.0","18.0","2.0","8.0","6.0","1.0",F01,"7.0","9.0","7.0","21.0","2.0","15.0",,"59.0","59.0","1.0","12.0","4.0",213415.521063199,2685541.93993851,"2.0","6365.0"
"6409",,"66000",387130000C,(04)23274275,(04)23288582,"2025","4","17","20","12",臺中市,西屯區,"0","2","0","6.0","1.0","6.0","50.0","3.0","1.0","1.0","5.0","4.0","6","6","4.0","4.0","10.0","5.0","5.0","2.0","15.0","2.0","9.0","1.0","1.0",F01,"7.0","9.0","7.0","21.0","2.0","12.0",,"84.0","84.0","1.0","13.0","4.0",213933.743851427,2675013.13381128,"2.0","6410.0"
"6475",,"66000",387130000C,(04)23274275,(04)23288582,"2025","4","18","7","20",臺中市,霧峰區,"0","2","0","7.0","2.0","6.0","50.0","3.0","1.0","1.0","5.0","4.0","6","6","4.0","4.0","10.0","5.0","5.0","2.0","16.0","2.0","9.0","1.0","1.0",F02,"7.0","9.0","7.0","21.0","2.0","12.0",,"15.0","15.0","1.0","12.0","4.0",216907.174067367,2660285.15286669,"2.0","6476.0"
"6562",,"66000",387130000C,(04)23274275,(04)23288582,"2025","4","18","10","18",臺中市,沙鹿區,"0","1","0","7.0","2.0","6.0","30.0","13.0","9.0","1.0","5.0","4.0","6","6","4.0","4.0","5.0","5.0","4.0","2.0","18.0","2.0","9.0","1.0","1.0",F01,"7.0","9.0","7.0","21.0","2.0","12.0",,"59.0","59.0","1.0","13.0","4.0",206434.135756623,2681908.71444312,"2.0","6563.0"
"6692",,"66000",387130000C,(04)23274275,(04)23288582,"2025","4","18","15","48",臺中市,大雅區,"0","2","0","7.0","3.0","6.0","50.0","13.0","7.0","1.0","5.0","4.0","6","6","4.0","4.0","1.0","4.0","4.0","2.0","17.0","2.0","8.0","2.0","1.0",F02,"7.0","9.0","7.0","21.0","2.0","15.0",,"85.0","85.0","1.0","12.0","4.0",214644.422971983,2679572.89489498,"2.0","6693.0"
"6713",,"66000",387130000C,(04)23274275,(04)23288582,"2025","4","18","16","43",臺中市,南區,"0","2","0","7.0","2.0","6.0","50.0","4.0","1.0","1.0","5.0","4.0","6","6","4.0","4.0","9.0","4.0","4.0","2.0","17.0","2.0","8.0","6.0","1.0",F01,"7.0","1.0","7.0","21.0","2.0","13.0",,"51.0","51.0","1.0","12.0","4.0",216486.962266392,2669481.06163815,"2.0","6714.0"
"6740",,"66000",387130000C,(04)23274275,(04)23288582,"2025","4","18","17","23",臺中市,東區,"0","2","0","7.0","3.0","6.0","50.0","4.0","1.0","1.0","5.0","4.0","6","6","4.0","4.0","10.0","5.0","5.0","2.0","15.0","2.0","7.0","6.0","1.0",F01,"7.0","9.0","7.0","21.0","2.0","11.0",,"4.0","4.0","1.0","12.0","1.0",217903.72805636,2668893.47836008,"2.0","6741.0"
"6760",,"66000",387130000C,(04)23274275,(04)23288582,"2025","4","18","17","52",臺中市,外埔區,"0","1","0","7.0","1.0","6.0","50.0","13.0","9.0","1.0","5.0","4.0","6","6","4.0","4.0","9.0","4.0","4.0","2.0","11.0","2.0","9.0","1.0","1.0",F01,"7.0","9.0","7.0","21.0","2.0","13.0","12.0","85.0","85.0","1.0","12.0","4.0",215360.387178831,2692593.26559397,"2.0","6761.0"
"6897",,"66000",387130000C,(04)23274275,(04)23288582,"2025","4","19","6","34",臺中市,龍井區,"0","1","0","7.0","3.0","6.0","50.0","13.0","9.0","1.0","5.0","4.0","6","6","4.0","4.0","5.0","5.0","5.0","1.0","10.0","2.0","1.0","6.0","1.0",F01,"7.0","9.0","7.0","21.0","2.0","14.0",,"4.0","4.0","1.0","6.0","4.0",201824.648717063,2678867.81463164,"2.0","6898.0"
"6902",,"66000",387130000C,(04)23274275,(04)23288582,"2025","4","19","6","55",臺中市,南區,"0","0","0","7.0",,,"50.0",,,,,,,,,,,,,,"15.0",,,,,F01,,,"7.0",,"1.0",,,"12.0","12.0","1.0","4.0","4.0",120.646217,24.112398,"3.0","6903.0"
"6980",,"66000",387130000C,(04)23274275,(04)23288582,"2025","4","19","11","9",臺中市,太平區,"0","1","0","7.0","2.0","6.0","30.0","13.0","9.0","1.0","5.0","4.0","6","6","4.0","4.0","10.0","5.0","5.0","1.0","18.0","2.0","9.0","5.0","4.0",F01,"7.0","9.0","7.0","21.0","1.0","16.0",,"59.0","59.0","1.0","4.0","4.0",225290.489340068,2663825.69125511,"2.0","6981.0"
"6998",,"66000",387130000C,(04)23274275,(04)23288582,"2025","4","19","11","29",臺中市,龍井區,"0","1","0","7.0","2.0","6.0","50.0","4.0","2.0","1.0","5.0","4.0","6","6","4.0","4.0","5.0","5.0","5.0","2.0","13.0","2.0","9.0","5.0","4.0",F01,"7.0","9.0","7.0","21.0","1.0","11.0",,"84.0","84.0","1.0","3.0","4.0",207994.614620104,2675187.82344022,"2.0","6999.0"
"7026",,"66000",387130000C,(04)23274275,(04)23288582,"2025","4","19","12","48",臺中市,烏日區,"0","2","0","7.0","2.0","6.0","30.0","3.0","1.0","1.0","5.0","4.0","6","6","4.0","4.0","10.0","5.0","5.0","2.0","17.0","2.0","9.0","6.0","1.0",F01,"7.0","11.0","7.0","21.0","2.0","14.0",,"45.0","45.0","1.0","2.0","4.0",211973.083257498,2666507.42996295,"2.0","7027.0"
"7034",,"66000",387130000C,(04)23274275,(04)23288582,"2025","4","19","13","25",臺中市,大肚區,"0","1","0","7.0","2.0","6.0","50.0","13.0","14.0","1.0","5.0","4.0","6","6","4.0","4.0","1.0","4.0","4.0","1.0","13.0","2.0","1.0","1.0","1.0",F01,"7.0","9.0","7.0","21.0","9.0","11.0",,"59.0","59.0","1.0","3.0","4.0",206484.689912312,2668431.37363423,"2.0","7035.0"
"7040",,"66000",387130000C,(04)23274275,(04)23288582,"2025","4","19","13","30",臺中市,烏日區,"0","0","0","7.0",,,"30.0",,,,,,,,,,,,,,,,,,,F01,,,"7.0",,"2.0",,,"84.0","84.0","1.0","3.0","4.0",120.639041,24.108246,"3.0","7041.0"
"7103",,"66000",387130000C,(04)23274275,(04)23288582,"2025","4","19","16","50",臺中市,清水區,"0","1","0","7.0","3.0","6.0","40.0","5.0","1.0","1.0","5.0","4.0","6","6","3.0","1.0","1.0","4.0","4.0","2.0","16.0","2.0","9.0","1.0","1.0",F01,"7.0","11.0","7.0","21.0","2.0","14.0",,"45.0","45.0","1.0","12.0","4.0",204498.250788965,2686181.9414728,"2.0","7104.0"
"7115",,"66000",387130000C,(04)23274275,(04)23288582,"2025","4","19","17","14",臺中市,梧棲區,"0","1","0","7.0","3.0","6.0","50.0","13.0","9.0","1.0","5.0","4.0","6","6","4.0","4.0","5.0","5.0","5.0","2.0","18.0","2.0","9.0","1.0","1.0",F01,"7.0","9.0","7.0","21.0","1.0","16.0",,"87.0","87.0","1.0","3.0","4.0",203341.25635198,2683151.58849317,"2.0","7116.0"
"7140",,"66000",387130000C,(04)23274275,(04)23288582,"2025","4","19","18","2",臺中市,豐原區,"0","2","0","7.0","2.0","6.0","50.0","3.0","1.0","1.0","5.0","4.0","6","6","1.0","1.0","10.0","5.0","5.0","2.0","16.0","2.0","9.0","4.0","1.0",F01,"7.0","6.0","7.0","21.0","2.0","11.0",,"48.0","48.0","1.0","13.0","4.0",222214.197162891,2681898.77882616,"2.0","7141.0"
"7157",,"66000",387130000C,(04)23274275,(04)23288582,"2025","4","19","19","0",臺中市,南區,"0","1","0","7.0","1.0","6.0","50.0","4.0","1.0","1.0","5.0","4.0","6","6","1.0","1.0","10.0","5.0","5.0","2.0","16.0","3.0","10.0","6.0","1.0",F01,"7.0","6.0","7.0","21.0","2.0","14.0",,"11.0","11.0","1.0","13.0","4.0",120.681098,24.122357,"2.0","7158.0"
"7208",,"66000",387130000C,(04)23274275,(04)23288582,"2025","4","19","22","10",臺中市,北屯區,"0","1","0","7.0","1.0","6.0","50.0","13.0","9.0","1.0","5.0","4.0","6","6","4.0","4.0","10.0","5.0","5.0","2.0","17.0","2.0","9.0","5.0","4.0",F01,"7.0","9.0","7.0","21.0","1.0","12.0",,"8.0","8.0","1.0","12.0","4.0",222093.174773576,2674576.90564997,"2.0","7209.0"
"7221",,"66000",387130000C,(04)23274275,(04)23288582,"2025","4","20","0","23",臺中市,西區,"0","0","0","5.0",,,"40.0",,,,,,,,,,,,,,,,,,,F01,,,"7.0",,"1.0",,,"84.0","84.0","1.0","12.0","4.0",120.655235,24.150805,"4.0","7222.0"
"7254",,"66000",387130000C,(04)23274275,(04)23288582,"2025","4","20","9","2",臺中市,大里區,"0","1","0","7.0","2.0","6.0","50.0","4.0","1.0","1.0","5.0","4.0","6","6","1.0","1.0","10.0","5.0","5.0","1.0","16.0","2.0","9.0","1.0","1.0",F02,"7.0","6.0","7.0","21.0","2.0","14.0",,"48.0","48.0","1.0","11.0","4.0",217392.026833268,2667684.46824927,"2.0","7255.0"
"7269",,"66000",387130000C,(04)23274275,(04)23288582,"2025","4","20","9","44",臺中市,西屯區,"0","1","0","6.0","2.0","6.0","50.0","4.0","2.0","1.0","5.0","4.0","6","6","2.0","1.0","9.0","4.0","5.0","2.0","11.0","2.0","9.0","6.0","1.0",F01,"7.0","5.0","7.0","21.0","2.0","14.0",,"84.0","84.0","1.0","12.0","1.0",210392.953260532,2675788.96716449,"2.0","7270.0"
"7352",,"66000",387130000C,(04)23274275,(04)23288582,"2025","4","20","14","38",臺中市,大甲區,"0","2","0","6.0","3.0","6.0","40.0","13.0","8.0","1.0","5.0","4.0","6","6","4.0","4.0","5.0","5.0","4.0","1.0","16.0","2.0","9.0","2.0","1.0",F02,"7.0","6.0","7.0","21.0","2.0","12.0",,"84.0","84.0","1.0","6.0","4.0",210677.960037086,2694179.58631825,"2.0","7353.0"
"7383",,"66000",387130000C,(04)23274275,(04)23288582,"2025","4","20","16","30",臺中市,東勢區,"0","2","0","5.0","3.0","6.0","10.0","13.0","13.0","1.0","4.0","4.0","6","6","4.0","4.0","9.0","5.0","5.0","1.0","17.0","2.0","9.0","5.0","4.0",F02,"7.0","9.0","7.0","21.0","2.0","11.0",,"84.0","84.0","1.0","13.0","4.0",232037.469579104,2685545.13944378,"2.0","7384.0"
"7506",,"66000",387130000C,(04)23274275,(04)23288582,"2025","4","21","7","1",臺中市,西屯區,"0","1","0","7.0","2.0","6.0","50.0","3.0","1.0","1.0","5.0","4.0","6","6","4.0","4.0","5.0","5.0","5.0","2.0","17.0","2.0","1.0","6.0","1.0",F01,"7.0","9.0","7.0","21.0","2.0","16.0",,"84.0","84.0","1.0","12.0","4.0",210200.740978961,2676009.4587228,"2.0","7507.0"
"7771",,"66000",387130000C,(04)23274275,(04)23288582,"2025","4","21","18","4",臺中市,大甲區,"0","1","0","7.0","3.0","6.0","50.0","4.0","1.0","1.0","5.0","4.0","6","6","4.0","4.0","5.0","5.0","5.0","1.0","15.0","2.0","9.0","4.0","1.0",F01,"7.0","9.0","7.0","21.0","2.0","11.0",,"12.0","12.0","1.0","3.0","4.0",211590.729179584,2693991.77732891,"2.0","7772.0"
"7876",,"66000",387130000C,(04)23274275,(04)23288582,"2025","4","22","7","5",臺中市,南屯區,"0","1","0","7.0","2.0","6.0","50.0","4.0","2.0","1.0","5.0","4.0","6","6","3.0","1.0","1.0","3.0","5.0","2.0","16.0","3.0","10.0","1.0","1.0",F01,"7.0","5.0","7.0","21.0","2.0","11.0","14.0","84.0","84.0","1.0","3.0","4.0",120.646678,24.153691,"2.0","7877.0"
"7887",,"66000",387130000C,(04)23274275,(04)23288582,"2025","4","22","7","25",臺中市,北屯區,"0","1","0","7.0","2.0","6.0","50.0","4.0","24.0","1.0","5.0","4.0","6","6","2.0","1.0","10.0","5.0","5.0","2.0","16.0","2.0","8.0","6.0","1.0",F01,"7.0","1.0","7.0","21.0","2.0","11.0",,"51.0","51.0","1.0","12.0","4.0",222900.97284242,2672896.58214769,"2.0","7888.0"
"7915",,"66000",387130000C,(04)23274275,(04)23288582,"2025","4","22","7","52",臺中市,北區,"0","0","0","7.0",,,"30.0",,,,,,,,,,,,,,"17.0",,,,,F01,,,"7.0",,"2.0",,,"84.0","84.0","1.0","12.0","1.0",120.688823,24.159768,"3.0","7916.0"
"7938",,"66000",387130000C,(04)23274275,(04)23288582,"2025","4","22","8","16",臺中市,太平區,"0","1","0","7.0","2.0","6.0","50.0","13.0","9.0","1.0","5.0","4.0","6","6","3.0","1.0","5.0","5.0","5.0","2.0","16.0","2.0","9.0","6.0","1.0",F01,"7.0","11.0","7.0","21.0","2.0","14.0",,"45.0","45.0","1.0","12.0","4.0",221639.2505283,2667660.21317977,"2.0","7939.0"
"8119",,"66000",387130000C,(04)23274275,(04)23288582,"2025","4","22","13","57",臺中市,西屯區,"0","1","0","7.0","2.0","6.0","30.0","13.0","9.0","1.0","5.0","4.0","6","6","4.0","4.0","10.0","5.0","5.0","2.0","18.0","2.0","9.0","4.0","1.0",F02,"7.0","9.0","7.0","21.0","8.0","16.0",,"53.0","53.0","1.0","12.0","4.0",213469.729365331,2673866.37586441,"2.0","8120.0"
"8186",,"66000",387130000C,(04)23274275,(04)23288582,"2025","4","22","16","50",臺中市,南屯區,"0","0","0","7.0","3.0","6.0","50.0","13.0","9.0","1.0","5.0","4.0","6","6","4.0","4.0","5.0","4.0","5.0","2.0","17.0",,,,,F01,,,"1.0",,"1.0",,,"39.0","39.0","1.0","12.0","4.0",120.648171,24.146924,"3.0","8187.0"
"8194",,"66000",387130000C,(04)23274275,(04)23288582,"2025","4","22","17","0",臺中市,沙鹿區,"0","1","0","7.0","2.0","6.0","50.0","3.0","7.0","1.0","5.0","4.0","6","6","4.0","4.0","4.0","3.0","4.0","2.0","12.0","2.0","8.0","1.0","1.0",F01,"7.0","6.0","7.0","21.0","2.0","14.0",,"48.0","48.0","1.0","12.0","4.0",206180.573743615,2679482.33004744,"2.0","8195.0"
"8210",,"66000",387130000C,(04)23274275,(04)23288582,"2025","4","22","17","20",臺中市,大里區,"0","1","0","7.0","2.0","6.0","50.0","4.0","2.0","1.0","5.0","4.0","6","6","4.0","4.0","10.0","5.0","5.0","1.0","17.0","3.0","10.0","1.0","1.0",F01,"7.0","15.0","7.0","21.0","2.0","11.0",,"4.0","4.0","1.0","3.0","4.0",120.675893,24.107876,"2.0","8211.0"
"8234",,"66000",387130000C,(04)23274275,(04)23288582,"2025","4","22","17","34",臺中市,大甲區,"0","1","0","7.0","3.0","6.0","50.0","11.0","9.0","1.0","5.0","4.0","6","6","4.0","4.0","10.0","5.0","5.0","2.0","12.0","2.0","9.0","4.0","1.0",F01,"7.0","6.0","7.0","21.0","1.0","11.0",,"6.0","6.0","1.0","2.0","4.0",212643.400645804,2693519.34970636,"2.0","8235.0"
"8279",,"66000",387130000C,(04)23274275,(04)23288582,"2025","4","22","18","50",臺中市,大雅區,"0","0","0","7.0",,,"50.0",,,,,,,,,,,,,,,,,,,F01,,,"7.0",,"2.0",,,"84.0","84.0","1.0","13.0","4.0",120.665674,24.214006,"3.0","8280.0"
"8313",,"66000",387130000C,(04)23274275,(04)23288582,"2025","4","22","21","17",臺中市,南區,"0","1","0","7.0","1.0","6.0","50.0","13.0","9.0","1.0","5.0","4.0","6","6","4.0","4.0","9.0","5.0","5.0","2.0","12.0","2.0","9.0","4.0","1.0",F01,"7.0","11.0","7.0","21.0","2.0","14.0",,"42.0","42.0","1.0","12.0","1.0",214341.728338238,2668180.07254038,"2.0","8314.0"
"8517",,"66000",387130000C,(04)23274275,(04)23288582,"2025","4","23","12","31",臺中市,南屯區,"0","0","0","7.0",,,"50.0",,,,,,,,,,,,,,"12.0",,,,,F01,,,"7.0",,"1.0",,,"84.0","84.0","1.0","12.0","4.0",120.609883,24.140483,"3.0","8518.0"
"8538",,"66000",387130000C,(04)23274275,(04)23288582,"2025","4","23","13","30",臺中市,豐原區,"0","0","0","7.0",,,"30.0",,,,,,,,,,,,,,,,,,,F02,,,"1.0",,"9.0",,,"84.0","84.0","1.0","13.0","4.0",120.710056,24.249789,"3.0","8539.0"
"8598",,"66000",387130000C,(04)23274275,(04)23288582,"2025","4","23","17","0",臺中市,南屯區,"0","1","0","7.0","2.0","6.0","10.0","13.0","9.0","1.0","5.0","4.0","6","6","4.0","4.0","9.0","4.0","5.0","2.0","9.0","3.0","10.0","5.0","1.0",F01,"7.0","9.0","7.0","21.0","2.0","11.0",,"59.0","59.0","1.0","12.0","4.0",120.638391,24.151464,"2.0","8599.0"
"8603",,"66000",387130000C,(04)23274275,(04)23288582,"2025","4","23","17","10",臺中市,北屯區,"0","0","0","7.0",,,"40.0",,,,,,,,,,,,,,,,,,,F01,,,"1.0",,"1.0",,,"84.0","84.0","1.0","12.0","4.0",120.729106,24.160679,"3.0","8604.0"
"8643",,"66000",387130000C,(04)23274275,(04)23288582,"2025","4","23","18","19",臺中市,大里區,"0","2","0","6.0","1.0","6.0","50.0","4.0","1.0","1.0","5.0","4.0","6","6","2.0","1.0","5.0","5.0","4.0","2.0","16.0","2.0","8.0","4.0","1.0",F01,"7.0","6.0","7.0","21.0","2.0","14.0",,"11.0","11.0","1.0","13.0","1.0",217854.371134784,2667830.71635106,"2.0","8644.0"
"8650",,"66000",387130000C,(04)23274275,(04)23288582,"2025","4","23","18","33",臺中市,大里區,"0","2","0","7.0","1.0","6.0","50.0","4.0","1.0","1.0","5.0","4.0","6","6","1.0","1.0","10.0","5.0","5.0","2.0","17.0","2.0","9.0","5.0","4.0",F01,"7.0","6.0","7.0","21.0","2.0","14.0",,"84.0","84.0","1.0","13.0","4.0",219495.842880591,2665260.25252571,"2.0","8651.0"