field_1,序號,縣市別代碼,機關代碼,市話,傳真,年,月,日,時,分,縣市,區,死亡數量,受傷數量,2-30,天候,道路照明設備,道路類別,道路速限,道路型態,事故位置,路面鋪裝,路面狀態,路面缺陷,障礙物,視距,號誌種類,號誌動作,分向設施,快車道或一般車道間,快慢車道間,路面邊線,事故類型及型態,受傷程度,主要傷處,保護裝備,行動電話或功能裝置,當事者區分(類別),車輛用途,當事者行動狀態,駕照狀態,駕照種類,飲酒情形,車輛撞擊部位最初,車輛撞擊部位其他,肇事因素個別,肇事因素主要,肇事逃逸,職業,共享經濟或外送平台,GPS座標X,GPS座標Y,事故類別,﻿序號
"8674",,"66000",387130000C,(04)23274275,(04)23288582,"2025","4","23","19","33",臺中市,梧棲區,"0","1","0","7.0","1.0","6.0","70.0","13.0","12.0","1.0","5.0","4.0","6","6","4.0","4.0","1.0","4.0","1.0","1.0","18.0","2.0","9.0","1.0","1.0",F01,"7.0","9.0","7.0","21.0","2.0","16.0",,"87.0","87.0","1.0","6.0","4.0",205020.072208501,2683176.83624007,"2.0","8675.0"
"8897",,"66000",387130000C,(04)23274275,(04)23288582,"2025","4","24","12","48",臺中市,北屯區,"0","1","0","6.0","3.0","6.0","50.0","4.0","1.0","1.0","5.0","4.0","6","6","1.0","1.0","10.0","5.0","5.0","2.0","16.0","3.0","10.0","4.0","1.0",F01,"7.0","6.0","7.0","21.0","2.0","12.0",,"11.0","11.0","1.0","6.0","4.0",120.670074,24.177917,"2.0","8898.0"
"8958",,"66000",387130000C,(04)23274275,(04)23288582,"2025","4","24","16","25",臺中市,大里區,"0","1","0","6.0","3.0","6.0","50.0","3.0","1.0","1.0","5.0","4.0","6","6","4.0","4.0","10.0","5.0","5.0","2.0","16.0","2.0","9.0","4.0","1.0",F01,"7.0","6.0","7.0","21.0","2.0","14.0",,"48.0","48.0","1.0","6.0","4.0",218093.869400245,2667787.76084072,"2.0","8959.0"
"9043",,"66000",387130000C,(04)23274275,(04)23288582,"2025","4","24","18","20",臺中市,南屯區,"0","1","0","7.0","2.0","6.0","50.0","13.0","7.0","1.0","5.0","4.0","6","6","4.0","4.0","9.0","4.0","4.0","2.0","13.0","2.0","9.0","6.0","1.0",F01,"7.0","9.0","7.0","21.0","2.0","11.0",,"84.0","84.0","1.0","12.0","4.0",213252.346431175,2671844.94252443,"2.0","9044.0"
"9176",,"66000",387130000C,(04)23274275,(04)23288582,"2025","4","25","8","47",臺中市,西屯區,"0","0","0","6.0",,,,,,,,,,,,,,,,,"16.0",,,,,F01,,,,,,,,"87.0","87.0","1.0",,,120.631178,24.163595,"4.0","9177.0"
"9336",,"66000",387130000C,(04)23274275,(04)23288582,"2025","4","25","14","39",臺中市,大里區,"0","0","0","6.0",,,"40.0",,,,,,,,,,,,,,"17.0",,,,,F01,,,"7.0",,"1.0",,,"45.0","45.0","1.0","13.0","4.0",120.68047,24.109063,"3.0","9337.0"
"9465",,"66000",387130000C,(04)23274275,(04)23288582,"2025","4","25","18","28",臺中市,南屯區,"0","1","0","7.0","1.0","6.0","50.0","4.0","2.0","1.0","5.0","4.0","6","6","1.0","1.0","5.0","5.0","5.0","2.0","18.0","2.0","9.0","1.0","2.0",F01,"7.0","6.0","7.0","21.0","1.0","11.0",,"59.0","59.0","1.0","12.0","4.0",213947.690654814,2668485.18608596,"2.0","9466.0"
"9480",,"66000",387130000C,(04)23274275,(04)23288582,"2025","4","25","18","45",臺中市,大肚區,"0","2","0","7.0","1.0","6.0","50.0","13.0","9.0","1.0","5.0","4.0","6","6","4.0","4.0","4.0","3.0","5.0","1.0","16.0","2.0","9.0","4.0","1.0",F01,"7.0","15.0","7.0","21.0","2.0","11.0",,"39.0","39.0","1.0","12.0","4.0",203887.050686427,2671419.56152976,"2.0","9481.0"
"9515",,"66000",387130000C,(04)23274275,(04)23288582,"2025","4","25","20","28",臺中市,西屯區,"0","1","0","7.0","1.0","6.0","40.0","3.0","1.0","1.0","5.0","4.0","6","6","2.0","1.0","10.0","5.0","5.0","2.0","18.0","2.0","9.0","6.0","4.0",F02,"7.0","9.0","7.0","21.0","2.0","12.0",,"84.0","84.0","1.0","13.0","4.0",210337.446153486,2675485.10664036,"2.0","9516.0"
"9546",,"66000",387130000C,(04)23274275,(04)23288582,"2025","4","25","22","38",臺中市,西區,"0","1","0","7.0","3.0","6.0","50.0","13.0","7.0","1.0","5.0","4.0","6","6","4.0","4.0","5.0","5.0","4.0","2.0","12.0","3.0","10.0","6.0","1.0",F01,"7.0","15.0","7.0","21.0","2.0","12.0",,"42.0","42.0","1.0","12.0","4.0",120.663075,24.156067,"2.0","9547.0"
"9584",,"66000",387130000C,(04)23274275,(04)23288582,"2025","4","26","7","39",臺中市,北屯區,"0","1","0","7.0","2.0","6.0","50.0","13.0","9.0","1.0","5.0","4.0","6","6","4.0","4.0","9.0","4.0","5.0","2.0","18.0","2.0","9.0","6.0","1.0",F01,"7.0","9.0","7.0","21.0","2.0","12.0",,"84.0","84.0","1.0","6.0","4.0",223952.567391884,2675434.02169264,"2.0","9585.0"
"9681",,"66000",387130000C,(04)23274275,(04)23288582,"2025","4","26","12","25",臺中市,西區,"0","2","0","6.0","2.0","6.0","50.0","13.0","9.0","1.0","5.0","4.0","6","6","4.0","4.0","9.0","4.0","5.0","2.0","17.0","2.0","9.0","6.0","1.0",F01,"7.0","15.0","7.0","21.0","2.0","13.0",,"40.0","40.0","1.0","12.0","4.0",216641.560571366,2671781.32935796,"2.0","9682.0"
"9690",,"66000",387130000C,(04)23274275,(04)23288582,"2025","4","26","12","40",臺中市,沙鹿區,"0","1","0","6.0","2.0","6.0","30.0","3.0","1.0","1.0","5.0","4.0","6","6","4.0","4.0","10.0","5.0","5.0","2.0","17.0","2.0","9.0","4.0","1.0",F01,"7.0","5.0","7.0","21.0","2.0","11.0",,"14.0","14.0","1.0","2.0","4.0",210043.754898618,2682204.86340273,"2.0","9691.0"
"9717",,"66000",387130000C,(04)23274275,(04)23288582,"2025","4","26","13","45",臺中市,大雅區,"0","1","0","7.0","1.0","6.0","50.0","4.0","1.0","1.0","5.0","4.0","6","6","1.0","1.0","5.0","4.0","5.0","1.0","17.0","2.0","9.0","5.0","1.0",F01,"7.0","6.0","7.0","21.0","2.0","11.0",,"48.0","48.0","1.0","13.0","4.0",213987.355947254,2679645.65099627,"2.0","9718.0"
"9750",,"66000",387130000C,(04)23274275,(04)23288582,"2025","4","26","15","20",臺中市,大雅區,"0","1","0","6.0","3.0","6.0","40.0","3.0","2.0","1.0","4.0","4.0","6","6","4.0","4.0","1.0","3.0","4.0","1.0","30.0","2.0","9.0","5.0","4.0",F02,"7.0","9.0","7.0","21.0","2.0","12.0",,"84.0","84.0","1.0","12.0","4.0",213233.04546197,2680913.71067135,"2.0","9751.0"
"9779",,"66000",387130000C,(04)23274275,(04)23288582,"2025","4","26","16","40",臺中市,豐原區,"0","2","0","6.0","2.0","6.0","30.0","3.0","1.0","1.0","5.0","4.0","6","6","4.0","4.0","5.0","5.0","5.0","2.0","16.0","2.0","9.0","4.0","1.0",F01,"7.0","6.0","7.0","21.0","1.0","11.0",,"84.0","84.0","1.0","12.0","4.0",222149.788499128,2681679.28421447,"2.0","9780.0"
"9903",,"66000",387130000C,(04)23274275,(04)23288582,"2025","4","27","2","30",臺中市,北區,"0","1","0","7.0","1.0","6.0","50.0","13.0","9.0","1.0","5.0","4.0","6","6","4.0","4.0","5.0","5.0","5.0","2.0","17.0","2.0","9.0","5.0","1.0",F02,"7.0","9.0","7.0","21.0","2.0","12.0",,"59.0","59.0","1.0","13.0","4.0",217197.891782586,2672107.4164509,"2.0","9904.0"
"9909",,"66000",387130000C,(04)23274275,(04)23288582,"2025","4","27","5","57",臺中市,南屯區,"0","2","0","7.0","2.0","6.0","50.0","13.0","9.0","1.0","5.0","4.0","6","6","4.0","4.0","5.0","5.0","5.0","2.0","17.0","2.0","9.0","1.0","1.0",F01,"7.0","8.0","7.0","21.0","2.0","14.0",,"39.0","39.0","1.0","6.0","4.0",207092.072603845,2671173.19339801,"2.0","9910.0"
"9998",,"66000",387130000C,(04)23274275,(04)23288582,"2025","4","27","12","6",臺中市,北屯區,"0","1","0","7.0","2.0","6.0","30.0","3.0","1.0","1.0","5.0","4.0","6","6","4.0","4.0","10.0","5.0","5.0","2.0","16.0","2.0","9.0","5.0","4.0",F01,"7.0","6.0","7.0","21.0","2.0","14.0",,"48.0","48.0","1.0","12.0","1.0",219177.947250753,2674806.31339905,"2.0","9999.0"
"10083",,"66000",387130000C,(04)23274275,(04)23288582,"2025","4","27","16","7",臺中市,北屯區,"0","0","0","7.0",,,"50.0",,,,,,,,,,,,,,"12.0",,,,,F01,,,"7.0",,"1.0",,,"7.0","7.0","1.0","13.0","4.0",120.688475,24.17858,"3.0","10084.0"
"10167",,"66000",387130000C,(04)23274275,(04)23288582,"2025","4","27","20","9",臺中市,大甲區,"0","1","0","7.0","1.0","6.0","50.0","5.0","1.0","1.0","5.0","4.0","6","6","1.0","1.0","5.0","5.0","5.0","1.0","15.0","2.0","9.0","4.0","1.0",F01,"7.0","9.0","7.0","21.0","2.0","12.0",,"21.0","21.0","1.0","2.0","4.0",211642.034188159,2693194.97970756,"2.0","10168.0"
"10551",,"66000",387130000C,(04)23274275,(04)23288582,"2025","4","28","17","27",臺中市,潭子區,"0","0","0","7.0",,,"40.0",,,,,,,,,,,,,,,,,,,F01,,,"7.0",,"2.0",,,"41.0","41.0","1.0","3.0","4.0",120.715531,24.194205,"3.0","10552.0"
"10583",,"66000",387130000C,(04)23274275,(04)23288582,"2025","4","28","18","25",臺中市,北屯區,"0","2","0","7.0","1.0","6.0","50.0","4.0","1.0","1.0","5.0","4.0","6","6","2.0","1.0","10.0","5.0","5.0","2.0","15.0","3.0","10.0","1.0","1.0",F02,"7.0","9.0","7.0","21.0","2.0","11.0",,"87.0","87.0","1.0","12.0","4.0",120.699938,24.167567,"2.0","10584.0"
"10615",,"66000",387130000C,(04)23274275,(04)23288582,"2025","4","28","20","6",臺中市,清水區,"0","2","0","7.0","1.0","6.0","30.0","13.0","9.0","1.0","5.0","4.0","6","6","4.0","4.0","10.0","5.0","5.0","2.0","17.0","2.0","1.0","5.0","1.0",F01,"7.0","1.0","7.0","21.0","3.0","11.0",,"51.0","51.0","1.0","12.0","4.0",207033.11734204,2686632.64796845,"2.0","10616.0"
"10906",,"66000",387130000C,(04)23274275,(04)23288582,"2025","4","29","16","39",臺中市,南屯區,"0","1","0","7.0","2.0","6.0","50.0","13.0","9.0","1.0","5.0","4.0","6","6","4.0","4.0","9.0","4.0","5.0","1.0","18.0","2.0","9.0","4.0","1.0",F01,"7.0","9.0","7.0","21.0","1.0","15.0",,"59.0","59.0","1.0","4.0","4.0",210395.679629342,2669943.35599229,"2.0","10907.0"
"10908",,"66000",387130000C,(04)23274275,(04)23288582,"2025","4","29","16","46",臺中市,大里區,"0","2","0","7.0","2.0","6.0","50.0","4.0","1.0","1.0","5.0","4.0","6","6","1.0","1.0","10.0","5.0","5.0","2.0","16.0","2.0","7.0","6.0","1.0",F01,"7.0","6.0","7.0","21.0","1.0","14.0",,"11.0","11.0","1.0","6.0","4.0",219775.94768147,2664829.50373186,"2.0","10909.0"
"10921",,"66000",387130000C,(04)23274275,(04)23288582,"2025","4","29","17","0",臺中市,太平區,"0","1","0","7.0","3.0","6.0","30.0","3.0","1.0","1.0","5.0","4.0","6","6","4.0","4.0","10.0","5.0","5.0","2.0","17.0","2.0","9.0","4.0","1.0",F01,"7.0","6.0","7.0","21.0","2.0","11.0",,"48.0","48.0","1.0","3.0","4.0",221827.529078506,2668748.73546186,"2.0","10922.0"
"10951",,"66000",387130000C,(04)23274275,(04)23288582,"2025","4","29","17","25",臺中市,大雅區,"0","2","0","7.0","1.0","6.0","50.0","4.0","2.0","1.0","5.0","4.0","6","6","1.0","1.0","1.0","4.0","5.0","1.0","17.0","2.0","9.0","1.0","1.0",F01,"7.0","5.0","7.0","21.0","2.0","14.0",,"84.0","84.0","1.0","3.0","4.0",214284.339349365,2679564.05078489,"2.0","10952.0"
"10985",,"66000",387130000C,(04)23274275,(04)23288582,"2025","4","29","17","51",臺中市,北屯區,"0","0","0","7.0",,,"50.0",,,,,,,,,,,,,,"16.0",,,,,F01,,,"7.0",,"1.0",,,"48.0","48.0","1.0","13.0","4.0",120.682157,24.192414,"3.0","10986.0"
"11048",,"66000",387130000C,(04)23274275,(04)23288582,"2025","4","29","20","10",臺中市,北屯區,"0","1","0","6.0","1.0","6.0","50.0","3.0","1.0","1.0","5.0","4.0","6","6","4.0","4.0","10.0","5.0","5.0","2.0","12.0","4.0","11.0","4.0","4.0",F01,"7.0","9.0","7.0","21.0","9.0","14.0",,"8.0","8.0","1.0","13.0","4.0",120.70373,24.169605,"2.0","11049.0"
"11112",,"66000",387130000C,(04)23274275,(04)23288582,"2025","4","30","7","16",臺中市,北區,"0","1","0","7.0","2.0","6.0","40.0","4.0","7.0","1.0","5.0","4.0","6","6","1.0","1.0","5.0","5.0","4.0","2.0","17.0","2.0","7.0","5.0","4.0",F01,"7.0","9.0","7.0","21.0","1.0","14.0",,"8.0","8.0","1.0","13.0","4.0",217178.331368829,2673891.66429565,"2.0","11113.0"
"11115",,"66000",387130000C,(04)23274275,(04)23288582,"2025","4","30","7","25",臺中市,太平區,"0","0","0","7.0",,,"50.0",,,,,,,,,,,,,,,,,,,F01,,,"1.0",,"2.0",,,"21.0","21.0","1.0","3.0","1.0",120.733592,24.155472,"3.0","11116.0"
"11169",,"66000",387130000C,(04)23274275,(04)23288582,"2025","4","30","9","6",臺中市,西屯區,"0","1","0","7.0","2.0","6.0","50.0","4.0","1.0","1.0","5.0","4.0","6","6","4.0","4.0","5.0","5.0","4.0","2.0","15.0","2.0","9.0","5.0","4.0",F01,"7.0","9.0","7.0","21.0","2.0","13.0",,"13.0","13.0","1.0","13.0","4.0",215677.758076354,2673845.92297798,"2.0","11170.0"
"11363",,"66000",387130000C,(04)23274275,(04)23288582,"2025","4","30","17","34",臺中市,東區,"0","1","0","7.0","3.0","6.0","50.0","4.0","1.0","1.0","5.0","4.0","6","6","4.0","4.0","10.0","5.0","5.0","2.0","15.0","2.0","9.0","2.0","1.0",F02,"7.0","9.0","7.0","21.0","2.0","11.0",,"15.0","15.0","1.0","12.0","4.0",218308.579635891,2670675.32638885,"2.0","11364.0"
"11383",,"66000",387130000C,(04)23274275,(04)23288582,"2025","4","30","18","7",臺中市,西屯區,"0","0","0","7.0",,,"50.0",,,,,,,,,,,,,,"13.0",,,,,F02,,,"1.0",,"1.0",,,"7.0","7.0","1.0","12.0","4.0",120.613874,24.17382,"4.0","11384.0"
"19",,"66000",387130000C,(04)23274275,(04)23288582,"2025","5","1","6","56",臺中市,北屯區,"0","1","0","7.0","3.0","6.0","30.0","3.0","1.0","1.0","5.0","4.0","6.0","6.0","4.0","4.0","10.0","5.0","5.0","2.0","17.0","2.0","9.0","4.0","1.0",F01,"7.0","6.0","7.0","21.0","2.0","11.0",,"13.0","13.0","1.0","6.0","4.0",223710.615240766,2674913.38425909,"2.0","20.0"
"32",,"66000",387130000C,(04)23274275,(04)23288582,"2025","5","1","7","49",臺中市,西區,"0","1","0","7.0","2.0","6.0","50.0","4.0","1.0","1.0","5.0","4.0","6.0","6.0","2.0","1.0","10.0","5.0","5.0","2.0","17.0","2.0","9.0","6.0","1.0",F01,"7.0","11.0","7.0","21.0","2.0","12.0",,"39.0","39.0","1.0","12.0","1.0",216167.354231604,2670187.52221006,"2.0","33.0"
"116",,"66000",387130000C,(04)23274275,(04)23288582,"2025","5","1","11","27",臺中市,豐原區,"0","2","0","6.0","2.0","6.0","30.0","3.0","9.0","1.0","5.0","4.0","6.0","6.0","4.0","4.0","10.0","4.0","5.0","1.0","16.0","2.0","9.0","4.0","1.0",F01,"7.0","5.0","7.0","21.0","2.0","12.0",,"47.0","47.0","1.0","12.0","4.0",223839.806174434,2685294.33132482,"2.0","117.0"
"171",,"66000",387130000C,(04)23274275,(04)23288582,"2025","5","1","13","56",臺中市,大里區,"0","2","0","7.0","2.0","6.0","50.0","3.0","9.0","1.0","5.0","4.0","6.0","6.0","3.0","1.0","5.0","5.0","5.0","1.0","12.0","2.0","9.0","4.0","1.0",F01,"7.0","6.0","7.0","21.0","2.0","11.0",,"48.0","48.0","1.0","12.0","4.0",219356.969451222,2666589.44053618,"2.0","172.0"
"223",,"66000",387130000C,(04)23274275,(04)23288582,"2025","5","1","16","35",臺中市,東勢區,"0","2","0","7.0","2.0","6.0","50.0","13.0","9.0","1.0","5.0","4.0","6.0","6.0","4.0","4.0","5.0","5.0","5.0","1.0","17.0","2.0","9.0","4.0","1.0",F01,"7.0","1.0","7.0","21.0","2.0","11.0",,"51.0","51.0","1.0","2.0","4.0",233998.575875454,2682906.57037837,"2.0","224.0"
"238",,"66000",387130000C,(04)23274275,(04)23288582,"2025","5","1","17","11",臺中市,大里區,"0","2","0","6.0","2.0","6.0","50.0","4.0","1.0","1.0","5.0","4.0","6.0","6.0","4.0","4.0","10.0","5.0","5.0","1.0","17.0","2.0","8.0","1.0","1.0",F01,"7.0","6.0","7.0","21.0","2.0","14.0",,"14.0","14.0","1.0","13.0","4.0",220390.981523403,2664295.72944472,"2.0","239.0"
"427",,"66000",387130000C,(04)23274275,(04)23288582,"2025","5","2","9","0",臺中市,太平區,"0","2","0","7.0","2.0","6.0","40.0","4.0","1.0","1.0","5.0","4.0","6.0","6.0","1.0","1.0","10.0","5.0","5.0","2.0","17.0","2.0","9.0","5.0","4.0",F01,"7.0","9.0","7.0","21.0","2.0","14.0",,"21.0","21.0","1.0","6.0","1.0",221313.447540605,2672602.44000929,"2.0","428.0"
"554",,"66000",387130000C,(04)23274275,(04)23288582,"2025","5","2","14","0",臺中市,清水區,"0","1","0","7.0","3.0","6.0","50.0","4.0","9.0","1.0","5.0","4.0","6.0","6.0","3.0","1.0","5.0","5.0","5.0","2.0","11.0","2.0","8.0","4.0","1.0",F01,"7.0","8.0","7.0","21.0","2.0","14.0",,"8.0","8.0","1.0","12.0","4.0",206860.747031691,2685204.11074028,"2.0","555.0"
"621",,"66000",387130000C,(04)23274275,(04)23288582,"2025","5","2","16","8",臺中市,大里區,"0","0","0","7.0",,,"50.0",,,,,,,,,,,,,,"12.0",,,,,F01,,,"7.0",,"9.0",,,"8.0","8.0","1.0","13.0","4.0",120.70337,24.107391,"3.0","622.0"
"665",,"66000",387130000C,(04)23274275,(04)23288582,"2025","5","2","17","9",臺中市,后里區,"0","1","0","6.0","3.0","6.0","50.0","13.0","9.0","1.0","5.0","4.0","6.0","6.0","4.0","4.0","5.0","4.0","5.0","2.0","17.0","3.0","10.0","6.0","1.0",F01,"7.0","6.0","7.0","21.0","2.0","14.0",,"20.0","20.0","1.0","12.0","4.0",120.720879,24.305915,"2.0","666.0"
"735",,"66000",387130000C,(04)23274275,(04)23288582,"2025","5","2","18","50",臺中市,沙鹿區,"0","1","0","7.0","1.0","6.0","30.0","4.0","9.0","1.0","5.0","4.0","6.0","6.0","1.0","1.0","4.0","3.0","4.0","2.0","16.0","2.0","8.0","5.0","1.0",F01,"7.0","5.0","7.0","21.0","2.0","14.0",,"22.0","22.0","1.0","12.0","4.0",206518.242808541,2681518.3814603,"2.0","736.0"
"759",,"66000",387130000C,(04)23274275,(04)23288582,"2025","5","2","19","53",臺中市,太平區,"0","1","0","7.0","1.0","6.0","50.0","13.0","9.0","1.0","5.0","4.0","6.0","6.0","4.0","4.0","5.0","4.0","5.0","1.0","17.0","2.0","9.0","1.0","1.0",F02,"7.0","9.0","7.0","21.0","8.0","11.0",,"84.0","84.0","1.0","12.0","4.0",221084.897752855,2670195.73729976,"2.0","760.0"
"879",,"66000",387130000C,(04)23274275,(04)23288582,"2025","5","3","10","2",臺中市,霧峰區,"0","2","0","7.0","3.0","6.0","50.0","13.0","9.0","1.0","5.0","4.0","6.0","6.0","4.0","4.0","5.0","5.0","5.0","1.0","13.0","2.0","9.0","4.0","1.0",F01,"7.0","9.0","7.0","21.0","2.0","11.0",,"54.0","54.0","1.0","3.0","4.0",220433.668242547,2664041.69176052,"2.0","880.0"
"926",,"66000",387130000C,(04)23274275,(04)23288582,"2025","5","3","12","30",臺中市,太平區,"0","1","0","7.0","3.0","6.0","40.0","13.0","8.0","1.0","5.0","4.0","6.0","6.0","4.0","4.0","5.0","4.0","5.0","2.0","13.0","2.0","9.0","4.0","1.0",F01,"7.0","9.0","7.0","21.0","2.0","11.0",,"59.0","59.0","1.0","6.0","4.0",221652.130475002,2671781.65214138,"2.0","927.0"
"957",,"66000",387130000C,(04)23274275,(04)23288582,"2025","5","3","13","35",臺中市,北區,"0","1","0","7.0","3.0","6.0","50.0","4.0","1.0","1.0","5.0","4.0","6.0","6.0","1.0","1.0","5.0","5.0","4.0","2.0","15.0","2.0","8.0","6.0","1.0",F01,"7.0","9.0","7.0","21.0","2.0","11.0",,"21.0","21.0","1.0","3.0","4.0",217391.608968477,2674024.62895215,"2.0","958.0"
"1043",,"66000",387130000C,(04)23274275,(04)23288582,"2025","5","3","17","7",臺中市,南區,"0","2","0","7.0","2.0","6.0","50.0","3.0","1.0","1.0","5.0","4.0","6.0","6.0","4.0","4.0","5.0","5.0","5.0","2.0","17.0","2.0","9.0","1.0","1.0",F01,"7.0","6.0","7.0","21.0","2.0","11.0",,"4.0","4.0","1.0","13.0","4.0",215783.952252211,2669158.67571094,"2.0","1044.0"
"1065",,"66000",387130000C,(04)23274275,(04)23288582,"2025","5","3","18","1",臺中市,中區,"0","1","0","7.0","3.0","6.0","50.0","4.0","1.0","1.0","5.0","4.0","6.0","6.0","2.0","1.0","10.0","5.0","5.0","2.0","15.0","2.0","9.0","4.0","1.0",F01,"7.0","9.0","7.0","21.0","2.0","14.0",,"21.0","21.0","1.0","13.0","4.0",217620.219443708,2670493.58251898,"2.0","1066.0"
"1109",,"66000",387130000C,(04)23274275,(04)23288582,"2025","5","3","20","40",臺中市,太平區,"0","1","0","7.0","1.0","6.0","50.0","4.0","2.0","1.0","5.0","4.0","6.0","6.0","2.0","1.0","5.0","4.0","5.0","1.0","11.0","2.0","7.0","4.0","1.0",F01,"7.0","5.0","7.0","21.0","2.0","14.0",,"4.0","4.0","1.0","6.0","4.0",221916.765228941,2669878.76612635,"2.0","1110.0"
"1126",,"66000",387130000C,(04)23274275,(04)23288582,"2025","5","3","22","31",臺中市,西屯區,"0","0","0","7.0",,,"0.0",,,,,,,,,,,,,,"17.0",,,,,F01,,,"1.0",,"1.0",,,"39.0","39.0","1.0","12.0","4.0",120.642099,24.158182,"3.0","1127.0"
"1270",,"66000",387130000C,(04)23274275,(04)23288582,"2025","5","4","15","8",臺中市,清水區,"0","1","0","7.0","3.0","6.0","30.0","18.0","9.0","1.0","5.0","4.0","6.0","6.0","4.0","4.0","10.0","5.0","5.0","2.0","17.0","2.0","9.0","4.0","1.0",F01,"7.0","5.0","7.0","21.0","2.0","11.0",,"20.0","20.0","1.0","12.0","4.0",203862.041026847,2684261.74570401,"2.0","1271.0"
"1345",,"66000",387130000C,(04)23274275,(04)23288582,"2025","5","4","19","10",臺中市,南屯區,"0","1","0","7.0","1.0","6.0","40.0","4.0","1.0","1.0","5.0","4.0","6.0","6.0","2.0","1.0","10.0","5.0","5.0","2.0","15.0","2.0","9.0","4.0","1.0",F01,"7.0","9.0","7.0","21.0","2.0","12.0",,"21.0","21.0","1.0","4.0","4.0",212637.307733422,2671183.47429755,"2.0","1346.0"
"1367",,"66000",387130000C,(04)23274275,(04)23288582,"2025","5","4","20","58",臺中市,北屯區,"0","1","0","7.0","1.0","6.0","50.0","5.0","1.0","1.0","5.0","4.0","6.0","6.0","2.0","1.0","10.0","5.0","5.0","2.0","17.0","2.0","9.0","6.0","1.0",F01,"7.0","6.0","7.0","21.0","2.0","12.0",,"23.0","23.0","1.0","12.0","4.0",218122.21322124,2675945.83816076,"2.0","1368.0"
"1397",,"66000",387130000C,(04)23274275,(04)23288582,"2025","5","5","7","2",臺中市,東區,"0","0","0","7.0",,,"50.0",,,,,,,,,,,,,,,,,,,F01,,,"7.0",,"9.0",,,"84.0","84.0","1.0","4.0","4.0",120.706404,24.1365,"3.0","1398.0"
"1537",,"66000",387130000C,(04)23274275,(04)23288582,"2025","5","5","11","27",臺中市,大里區,"0","2","0","7.0","3.0","6.0","50.0","4.0","2.0","1.0","5.0","4.0","6.0","6.0","4.0","4.0","5.0","5.0","5.0","1.0","16.0","2.0","7.0","6.0","1.0",F01,"7.0","1.0","7.0","21.0","2.0","14.0",,"51.0","51.0","1.0","12.0","4.0",220601.634387163,2664581.13929241,"2.0","1538.0"
"1920",,"66000",387130000C,(04)23274275,(04)23288582,"2025","5","6","10","21",臺中市,大肚區,"0","1","0","7.0","3.0","6.0","30.0","3.0","1.0","1.0","5.0","4.0","6.0","6.0","4.0","4.0","10.0","5.0","5.0","2.0","17.0","2.0","1.0","6.0","1.0",F01,"7.0","1.0","7.0","21.0","2.0","16.0",,"51.0","51.0","1.0","7.0","4.0",206448.805035619,2668829.63677595,"2.0","1921.0"
"1964",,"66000",387130000C,(04)23274275,(04)23288582,"2025","5","6","12","5",臺中市,霧峰區,"0","1","0","6.0","2.0","6.0","50.0","3.0","1.0","1.0","5.0","4.0","6.0","6.0","4.0","4.0","10.0","5.0","5.0","1.0","18.0","2.0","9.0","1.0","1.0",F01,"7.0","9.0","7.0","21.0","2.0","12.0",,"84.0","84.0","1.0","13.0","4.0",219960.887512958,2663039.28608062,"2.0","1965.0"
"2070",,"66000",387130000C,(04)23274275,(04)23288582,"2025","5","6","16","30",臺中市,后里區,"0","1","0","7.0","2.0","6.0","25.0","13.0","24.0","1.0","5.0","4.0","6.0","6.0","4.0","4.0","5.0","5.0","5.0","1.0","2.0","3.0","10.0","2.0","1.0",F01,"7.0","9.0","7.0","21.0","1.0","11.0",,"59.0","59.0","1.0","6.0","4.0",120.732633,24.296499,"2.0","2071.0"
"2109",,"66000",387130000C,(04)23274275,(04)23288582,"2025","5","6","17","26",臺中市,烏日區,"0","0","0","7.0",,,"30.0",,,,,,,,,,,,,,,,,,,F01,,,"7.0",,"1.0",,,"41.0","41.0","1.0","3.0","4.0",120.60703,24.108356,"3.0","2110.0"
"2195",,"66000",387130000C,(04)23274275,(04)23288582,"2025","5","6","20","38",臺中市,太平區,"0","2","0","5.0","1.0","6.0","50.0","4.0","1.0","1.0","4.0","4.0","6.0","6.0","4.0","4.0","10.0","5.0","5.0","2.0","16.0","2.0","9.0","4.0","1.0",F01,"7.0","6.0","7.0","21.0","2.0","14.0",,"14.0","14.0","1.0","12.0","4.0",221172.1175722,2670756.29036222,"2.0","2196.0"
"2209",,"66000",387130000C,(04)23274275,(04)23288582,"2025","5","6","21","21",臺中市,神岡區,"0","1","0","6.0","1.0","8.0","25.0","13.0","13.0","1.0","5.0","2.0","6.0","6.0","4.0","4.0","9.0","5.0","5.0","1.0","18.0","2.0","9.0","4.0","1.0",F01,"7.0","9.0","7.0","21.0","2.0","16.0",,"59.0","59.0","1.0","12.0","4.0",215920.752338399,2683085.83024131,"2.0","2210.0"
"2211",,"66000",387130000C,(04)23274275,(04)23288582,"2025","5","6","21","37",臺中市,大雅區,"0","1","0","7.0","1.0","6.0","50.0","13.0","9.0","1.0","5.0","4.0","6.0","6.0","4.0","4.0","9.0","4.0","5.0","2.0","10.0","2.0","9.0","6.0","1.0",F01,"7.0","9.0","7.0","21.0","2.0","12.0",,"84.0","84.0","1.0","13.0","4.0",214352.691847184,2679764.78378422,"2.0","2212.0"
"2524",,"66000",387130000C,(04)23274275,(04)23288582,"2025","5","7","15","35",臺中市,沙鹿區,"0","0","0","5.0",,,"50.0",,,,,,,,"4.0","4.0",,,,,,,,,,F01,,,"7.0",,"1.0","11.0",,"59.0","59.0","1.0","2.0","4.0",120.556202,24.232394,"3.0","2525.0"