field_1,序號,縣市別代碼,機關代碼,市話,傳真,年,月,日,時,分,縣市,區,死亡數量,受傷數量,2-30,天候,道路照明設備,道路類別,道路速限,道路型態,事故位置,路面鋪裝,路面狀態,路面缺陷,障礙物,視距,號誌種類,號誌動作,分向設施,快車道或一般車道間,快慢車道間,路面邊線,事故類型及型態,受傷程度,主要傷處,保護裝備,行動電話或功能裝置,當事者區分(類別),車輛用途,當事者行動狀態,駕照狀態,駕照種類,飲酒情形,車輛撞擊部位最初,車輛撞擊部位其他,肇事因素個別,肇事因素主要,肇事逃逸,職業,共享經濟或外送平台,GPS座標X,GPS座標Y,事故類別,﻿序號
"2644",,"66000",387130000C,(04)23274275,(04)23288582,"2025","5","7","19","43",臺中市,北屯區,"0","1","0","7.0","3.0","6.0","50.0","13.0","7.0","1.0","5.0","4.0","6.0","6.0","4.0","4.0","9.0","5.0","4.0","2.0","18.0","2.0","9.0","6.0","1.0",F01,"7.0","11.0","7.0","21.0","9.0","14.0",,"53.0","53.0","1.0","13.0","4.0",218661.033947992,2674455.58685329,"2.0","2645.0"
"2699",,"66000",387130000C,(04)23274275,(04)23288582,"2025","5","8","7","3",臺中市,龍井區,"0","2","0","7.0","2.0","6.0","50.0","13.0","9.0","1.0","5.0","4.0","6.0","6.0","2.0","1.0","9.0","5.0","5.0","2.0","16.0","2.0","8.0","4.0","1.0",F01,"7.0","6.0","7.0","21.0","1.0","14.0",,"8.0","8.0","1.0","2.0","4.0",207917.591905737,2675733.61919649,"2.0","2700.0"
"2727",,"66000",387130000C,(04)23274275,(04)23288582,"2025","5","8","7","50",臺中市,太平區,"0","2","0","7.0","3.0","6.0","30.0","13.0","9.0","1.0","5.0","4.0","6.0","6.0","4.0","4.0","10.0","5.0","5.0","2.0","16.0","2.0","8.0","6.0","1.0",F01,"7.0","1.0","7.0","21.0","2.0","11.0",,"51.0","51.0","1.0","2.0","4.0",221582.12677512,2667917.8209938,"2.0","2728.0"
"2989",,"66000",387130000C,(04)23274275,(04)23288582,"2025","5","8","17","27",臺中市,南屯區,"0","1","0","7.0","2.0","6.0","50.0","13.0","8.0","1.0","5.0","4.0","6.0","6.0","4.0","4.0","8.0","3.0","4.0","2.0","17.0","2.0","8.0","4.0","4.0",F01,"7.0","9.0","7.0","21.0","2.0","11.0",,"84.0","84.0","1.0","13.0","4.0",210631.705587618,2672082.86878836,"2.0","2990.0"
"2998",,"66000",387130000C,(04)23274275,(04)23288582,"2025","5","8","17","41",臺中市,沙鹿區,"0","2","0","7.0","2.0","6.0","30.0","4.0","1.0","1.0","5.0","4.0","6.0","6.0","4.0","4.0","10.0","5.0","5.0","2.0","15.0","2.0","8.0","6.0","1.0",F01,"7.0","9.0","7.0","21.0","2.0","11.0",,"15.0","15.0","1.0","12.0","4.0",205789.889704755,2683342.86921332,"2.0","2999.0"
"3026",,"66000",387130000C,(04)23274275,(04)23288582,"2025","5","8","18","26",臺中市,潭子區,"0","1","0","7.0","1.0","6.0","10.0","18.0","13.0","1.0","5.0","4.0","6.0","6.0","4.0","4.0","10.0","4.0","5.0","1.0","17.0","2.0","9.0","6.0","1.0",F01,"7.0","9.0","7.0","21.0","2.0","11.0",,"59.0","59.0","1.0","12.0","4.0",220177.267015908,2678608.82546801,"2.0","3027.0"
"3153",,"66000",387130000C,(04)23274275,(04)23288582,"2025","5","9","7","45",臺中市,東區,"0","2","0","7.0","3.0","6.0","40.0","3.0","1.0","1.0","5.0","4.0","6.0","6.0","1.0","1.0","10.0","5.0","5.0","2.0","16.0","2.0","8.0","5.0","1.0",F01,"7.0","6.0","7.0","21.0","2.0","11.0",,"11.0","11.0","1.0","13.0","4.0",219381.835283698,2671064.03877961,"2.0","3154.0"
"3231",,"66000",387130000C,(04)23274275,(04)23288582,"2025","5","9","9","57",臺中市,大雅區,"0","0","0","7.0",,,"50.0",,,,,,,,,,,,,,,,,,,F01,,,"1.0",,"1.0",,,"58.0","58.0","1.0","13.0","4.0",120.649831,24.222592,"3.0","3232.0"
"3413",,"66000",387130000C,(04)23274275,(04)23288582,"2025","5","9","17","7",臺中市,大里區,"0","1","0","6.0","2.0","6.0","30.0","4.0","1.0","1.0","5.0","4.0","6.0","6.0","4.0","4.0","10.0","5.0","5.0","2.0","17.0","2.0","9.0","1.0","1.0",F01,"7.0","6.0","7.0","21.0","2.0","11.0",,"48.0","48.0","1.0","13.0","4.0",218586.995308821,2664745.24295303,"2.0","3414.0"
"3474",,"66000",387130000C,(04)23274275,(04)23288582,"2025","5","9","18","38",臺中市,西區,"0","1","0","7.0","1.0","6.0","50.0","3.0","2.0","1.0","5.0","4.0","6.0","6.0","4.0","4.0","5.0","5.0","5.0","2.0","13.0","2.0","7.0","5.0","1.0",F01,"7.0","9.0","7.0","21.0","2.0","11.0",,"84.0","84.0","1.0","13.0","4.0",214948.986722117,2670121.91396994,"2.0","3475.0"
"3544",,"66000",387130000C,(04)23274275,(04)23288582,"2025","5","9","21","13",臺中市,大甲區,"0","1","0","7.0","2.0","6.0","40.0","13.0","9.0","1.0","5.0","4.0","6.0","6.0","4.0","4.0","7.0","5.0","5.0","2.0","18.0","2.0","9.0","1.0","1.0",F01,"7.0","1.0","7.0","21.0","2.0","16.0",,"51.0","51.0","1.0","12.0","4.0",209194.778239761,2693136.94560943,"2.0","3545.0"
"3613",,"66000",387130000C,(04)23274275,(04)23288582,"2025","5","10","8","42",臺中市,大雅區,"0","1","0","5.0","1.0","6.0","30.0","5.0","1.0","1.0","4.0","4.0","6.0","6.0","1.0","1.0","10.0","5.0","5.0","1.0","18.0","2.0","9.0","1.0","1.0",F02,"7.0","6.0","7.0","21.0","2.0","14.0",,"84.0","84.0","1.0","3.0","4.0",216780.163456532,2678425.87817784,"2.0","3614.0"
"3935",,"66000",387130000C,(04)23274275,(04)23288582,"2025","5","10","21","49",臺中市,豐原區,"0","1","0","5.0","1.0","6.0","50.0","13.0","8.0","1.0","4.0","4.0","6.0","6.0","4.0","4.0","4.0","5.0","4.0","2.0","17.0","2.0","8.0","6.0","4.0",F01,"7.0","9.0","7.0","21.0","2.0","11.0",,"59.0","59.0","1.0","13.0","4.0",222875.907999514,2683332.28842626,"2.0","3936.0"
"3981",,"66000",387130000C,(04)23274275,(04)23288582,"2025","5","11","6","13",臺中市,東區,"0","2","0","6.0","2.0","6.0","50.0","4.0","1.0","1.0","5.0","4.0","6.0","6.0","4.0","4.0","10.0","5.0","5.0","2.0","15.0","2.0","9.0","6.0","1.0",F02,"7.0","9.0","7.0","21.0","3.0","11.0",,"15.0","15.0","1.0","12.0","4.0",218594.186434593,2670638.81026414,"2.0","3982.0"
"4189",,"66000",387130000C,(04)23274275,(04)23288582,"2025","5","11","18","37",臺中市,西區,"0","0","0","5.0",,,"50.0",,,,,,,,,,,,,,"9.0",,,,,F01,,,"7.0",,"1.0",,,"84.0","84.0","1.0","12.0","4.0",120.672718,24.131587,"3.0","4190.0"
"4248",,"66000",387130000C,(04)23274275,(04)23288582,"2025","5","11","21","35",臺中市,南屯區,"0","1","0","7.0","2.0","6.0","50.0","13.0","9.0","1.0","4.0","4.0","6.0","6.0","4.0","4.0","5.0","4.0","5.0","2.0","17.0","2.0","9.0","4.0","1.0",F01,"7.0","9.0","7.0","21.0","2.0","12.0",,"59.0","59.0","1.0","12.0","1.0",214240.640558474,2671966.02338887,"2.0","4249.0"
"4253",,"66000",387130000C,(04)23274275,(04)23288582,"2025","5","11","21","59",臺中市,西屯區,"0","1","0","5.0","1.0","6.0","40.0","5.0","1.0","1.0","4.0","4.0","6.0","6.0","1.0","1.0","10.0","5.0","5.0","1.0","12.0","2.0","9.0","6.0","1.0",F01,"7.0","8.0","7.0","21.0","2.0","13.0",,"43.0","43.0","1.0","12.0","1.0",216283.445852883,2674400.00334242,"2.0","4254.0"
"4275",,"66000",387130000C,(04)23274275,(04)23288582,"2025","5","12","6","46",臺中市,北屯區,"0","1","0","6.0","3.0","6.0","25.0","4.0","1.0","1.0","5.0","4.0","6.0","6.0","2.0","1.0","10.0","5.0","5.0","2.0","15.0","3.0","10.0","4.0","1.0",F01,"7.0","9.0","7.0","21.0","2.0","14.0",,"21.0","21.0","1.0","3.0","1.0",120.699938,24.167567,"2.0","4276.0"
"4391",,"66000",387130000C,(04)23274275,(04)23288582,"2025","5","12","10","35",臺中市,北屯區,"0","1","0","7.0","2.0","6.0","50.0","13.0","7.0","1.0","5.0","4.0","6.0","6.0","4.0","4.0","5.0","5.0","4.0","2.0","17.0","2.0","9.0","6.0","1.0",F02,"7.0","9.0","7.0","21.0","2.0","14.0",,"82.0","82.0","1.0","11.0","4.0",215726.47833739,2675762.36280674,"2.0","4392.0"
"4465",,"66000",387130000C,(04)23274275,(04)23288582,"2025","5","12","14","6",臺中市,西屯區,"0","0","0","7.0",,,"0.0",,,,,,,,,,,,,,"13.0",,,,,F01,,,,,,,,"84.0","84.0","1.0",,,120.655124,24.19022,"4.0","4466.0"
"4513",,"66000",387130000C,(04)23274275,(04)23288582,"2025","5","12","16","10",臺中市,豐原區,"0","1","0","7.0","2.0","8.0","50.0","13.0","9.0","1.0","5.0","4.0","6.0","6.0","4.0","4.0","10.0","5.0","5.0","2.0","12.0","2.0","9.0","6.0","1.0",F01,"7.0","14.0","7.0","21.0","1.0","13.0",,"84.0","84.0","1.0","12.0","4.0",222563.349752077,2682590.5196279,"2.0","4514.0"
"4666",,"66000",387130000C,(04)23274275,(04)23288582,"2025","5","12","23","29",臺中市,北區,"0","1","0","7.0","3.0","6.0","50.0","18.0","24.0","1.0","5.0","4.0","6.0","6.0","4.0","4.0","5.0","5.0","4.0","2.0","17.0","2.0","9.0","6.0","4.0",F02,"7.0","11.0","7.0","21.0","8.0","12.0",,"53.0","53.0","1.0","13.0","4.0",217022.342116486,2673751.92474064,"2.0","4667.0"
"4886",,"66000",387130000C,(04)23274275,(04)23288582,"2025","5","13","13","48",臺中市,大里區,"0","1","0","7.0","2.0","6.0","50.0","4.0","2.0","1.0","5.0","4.0","6.0","6.0","1.0","1.0","10.0","5.0","5.0","1.0","16.0","2.0","8.0","4.0","1.0",F01,"7.0","9.0","7.0","21.0","9.0","11.0",,"21.0","21.0","1.0","12.0","4.0",218757.566294629,2668486.78738947,"2.0","4887.0"
"4979",,"66000",387130000C,(04)23274275,(04)23288582,"2025","5","13","17","1",臺中市,西區,"0","1","0","7.0","1.0","6.0","50.0","3.0","24.0","1.0","5.0","4.0","6.0","6.0","4.0","4.0","10.0","5.0","5.0","2.0","18.0","2.0","9.0","5.0","4.0",F01,"7.0","9.0","7.0","21.0","11.0","15.0",,"87.0","87.0","1.0","12.0","4.0",216302.385685208,2672015.70274536,"2.0","4980.0"
"4987",,"66000",387130000C,(04)23274275,(04)23288582,"2025","5","13","17","13",臺中市,大里區,"0","1","0","7.0","2.0","6.0","50.0","13.0","9.0","1.0","5.0","4.0","6.0","6.0","4.0","4.0","5.0","5.0","5.0","1.0","17.0","2.0","9.0","6.0","1.0",F01,"7.0","9.0","7.0","21.0","2.0","15.0",,"84.0","84.0","1.0","13.0","4.0",219514.037369968,2664924.97346255,"2.0","4988.0"
"5182",,"66000",387130000C,(04)23274275,(04)23288582,"2025","5","14","8","14",臺中市,南區,"0","2","0","7.0","2.0","6.0","40.0","13.0","7.0","1.0","5.0","4.0","6.0","6.0","4.0","4.0","5.0","4.0","4.0","2.0","12.0","2.0","9.0","6.0","1.0",F01,"7.0","8.0","7.0","21.0","2.0","14.0",,"40.0","40.0","1.0","12.0","4.0",215194.648061315,2668169.10410033,"2.0","5183.0"
"5273",,"66000",387130000C,(04)23274275,(04)23288582,"2025","5","14","12","29",臺中市,北區,"0","2","0","7.0","2.0","6.0","50.0","4.0","1.0","1.0","5.0","4.0","6.0","6.0","2.0","1.0","1.0","4.0","4.0","2.0","15.0","2.0","9.0","6.0","1.0",F02,"7.0","9.0","7.0","21.0","2.0","11.0","12.0","21.0","21.0","1.0","13.0","1.0",216259.711387803,2672961.39837572,"2.0","5274.0"
"5298",,"66000",387130000C,(04)23274275,(04)23288582,"2025","5","14","13","34",臺中市,北區,"0","0","0","7.0",,,"50.0",,,,,,,,,,,,,,"17.0",,,,,F01,,,"7.0",,"2.0",,,"83.0","83.0","1.0","13.0","4.0",120.695378,24.159814,"3.0","5299.0"
"5333",,"66000",387130000C,(04)23274275,(04)23288582,"2025","5","14","15","29",臺中市,大里區,"0","1","0","7.0","3.0","6.0","50.0","13.0","9.0","1.0","5.0","4.0","6.0","6.0","4.0","4.0","10.0","5.0","5.0","1.0","13.0","2.0","9.0","5.0","4.0",F01,"7.0","9.0","7.0","21.0","2.0","11.0",,"7.0","7.0","1.0","13.0","4.0",219073.14608976,2667814.50846602,"2.0","5334.0"
"5381",,"66000",387130000C,(04)23274275,(04)23288582,"2025","5","14","17","8",臺中市,南區,"0","0","0","7.0",,,"50.0",,,,,,,,,,,,,,,,,,,F01,,,"7.0",,"1.0",,,"8.0","8.0","1.0","4.0","4.0",120.653286,24.113614,"4.0","5382.0"
"5382",,"66000",387130000C,(04)23274275,(04)23288582,"2025","5","14","17","10",臺中市,潭子區,"0","0","0","7.0",,,"50.0",,,,,,,,,,,,,,,,,,,F01,,,"7.0",,"2.0",,,"84.0","84.0","1.0","13.0","4.0",120.707099,24.225796,"3.0","5383.0"
"5441",,"66000",387130000C,(04)23274275,(04)23288582,"2025","5","14","18","17",臺中市,南區,"0","1","0","7.0","3.0","6.0","50.0","4.0","1.0","1.0","5.0","4.0","6.0","6.0","2.0","1.0","3.0","5.0","5.0","2.0","12.0","2.0","9.0","1.0","1.0",F01,"7.0","6.0","7.0","21.0","2.0","14.0",,"39.0","39.0","1.0","5.0","4.0",215837.294509342,2668895.84660812,"2.0","5442.0"
"5528",,"66000",387130000C,(04)23274275,(04)23288582,"2025","5","15","1","3",臺中市,南屯區,"0","1","0","7.0","1.0","6.0","50.0","4.0","1.0","1.0","5.0","4.0","6.0","6.0","2.0","1.0","8.0","3.0","4.0","1.0","30.0","2.0","9.0","6.0","1.0",F01,"7.0","9.0","7.0","21.0","9.0","14.0",,"82.0","82.0","1.0","12.0","4.0",214574.182044163,2671767.60862261,"2.0","5529.0"
"5599",,"66000",387130000C,(04)23274275,(04)23288582,"2025","5","15","8","47",臺中市,中區,"0","2","0","7.0","3.0","6.0","50.0","13.0","9.0","1.0","5.0","4.0","6.0","6.0","4.0","4.0","1.0","4.0","5.0","2.0","13.0","2.0","9.0","1.0","1.0",F01,"7.0","9.0","7.0","21.0","2.0","11.0",,"84.0","84.0","1.0","13.0","4.0",217775.920923461,2670133.95356939,"2.0","5600.0"
"5664",,"66000",387130000C,(04)23274275,(04)23288582,"2025","5","15","10","48",臺中市,北屯區,"0","0","0","7.0",,,"30.0",,,,,,,,,,,,,,"12.0",,,,,F01,,,"7.0",,"9.0",,,"59.0","59.0","1.0","12.0","4.0",120.692184,24.179922,"3.0","5665.0"
"5714",,"66000",387130000C,(04)23274275,(04)23288582,"2025","5","15","13","16",臺中市,北屯區,"0","1","0","7.0","3.0","6.0","0.0","13.0","21.0","1.0","5.0","4.0","6.0","6.0","4.0","4.0","10.0","5.0","5.0","2.0","17.0","2.0","9.0","4.0","1.0",F01,"7.0","9.0","7.0","21.0","1.0","12.0",,"84.0","84.0","1.0","6.0","4.0",219741.029706573,2675666.30544358,"2.0","5715.0"
"5724",,"66000",387130000C,(04)23274275,(04)23288582,"2025","5","15","13","40",臺中市,南屯區,"0","1","0","7.0","2.0","6.0","50.0","3.0","1.0","1.0","5.0","4.0","6.0","6.0","1.0","1.0","5.0","5.0","5.0","2.0","18.0","2.0","7.0","4.0","1.0",F01,"7.0","9.0","7.0","21.0","9.0","16.0",,"59.0","59.0","1.0","4.0","3.0",210396.422803787,2670174.04966243,"2.0","5725.0"
"5839",,"66000",387130000C,(04)23274275,(04)23288582,"2025","5","15","17","35",臺中市,大里區,"0","2","0","7.0","2.0","6.0","50.0","13.0","9.0","1.0","5.0","4.0","6.0","6.0","4.0","4.0","5.0","5.0","4.0","1.0","16.0","2.0","9.0","1.0","1.0",F01,"7.0","8.0","7.0","21.0","2.0","14.0",,"40.0","40.0","1.0","4.0","4.0",218447.874370256,2666891.99906554,"2.0","5840.0"
"5886",,"66000",387130000C,(04)23274275,(04)23288582,"2025","5","15","18","50",臺中市,豐原區,"0","0","0","7.0",,,"50.0",,,,,,,,,,,,,,"17.0",,,,,F01,,,"7.0",,"2.0",,,"8.0","8.0","1.0","13.0","4.0",120.716615,24.260173,"3.0","5887.0"
"5909",,"66000",387130000C,(04)23274275,(04)23288582,"2025","5","15","21","2",臺中市,西屯區,"0","2","0","7.0","1.0","9.0","50.0","3.0","1.0","1.0","5.0","4.0","6.0","6.0","4.0","4.0","5.0","4.0","5.0","2.0","16.0","2.0","9.0","2.0","1.0",F01,"7.0","6.0","7.0","21.0","2.0","14.0",,"14.0","14.0","1.0","12.0","4.0",211509.752026596,2675508.13091135,"2.0","5910.0"
"6194",,"66000",387130000C,(04)23274275,(04)23288582,"2025","5","16","14","50",臺中市,北區,"0","1","0","7.0","2.0","6.0","50.0","13.0","9.0","1.0","5.0","4.0","6.0","6.0","4.0","4.0","5.0","4.0","5.0","2.0","17.0","3.0","10.0","6.0","4.0",F01,"7.0","15.0","7.0","21.0","2.0","13.0",,"42.0","42.0","1.0","13.0","1.0",120.689398,24.154491,"2.0","6195.0"
"6235",,"66000",387130000C,(04)23274275,(04)23288582,"2025","5","16","16","15",臺中市,西屯區,"0","1","0","7.0","2.0","6.0","0.0","13.0","21.0","4.0","5.0","4.0","6.0","6.0","4.0","4.0","10.0","5.0","5.0","2.0","30.0","2.0","9.0","6.0","1.0",F01,"7.0","7.0","7.0","21.0","1.0","11.0",,"59.0","59.0","1.0","4.0","4.0",214857.684067975,2673688.55462515,"2.0","6236.0"
"6307",,"66000",387130000C,(04)23274275,(04)23288582,"2025","5","16","17","52",臺中市,太平區,"0","1","0","7.0","2.0","6.0","50.0","3.0","2.0","1.0","5.0","4.0","6.0","6.0","1.0","1.0","10.0","5.0","5.0","2.0","18.0","2.0","9.0","1.0","1.0",F01,"7.0","9.0","7.0","21.0","1.0","12.0",,"84.0","84.0","1.0","3.0","4.0",221156.194664806,2671625.27195726,"2.0","6308.0"
"6321",,"66000",387130000C,(04)23274275,(04)23288582,"2025","5","16","18","14",臺中市,西區,"0","1","0","7.0","2.0","6.0","50.0","11.0","8.0","1.0","5.0","4.0","6.0","6.0","4.0","4.0","5.0","5.0","4.0","2.0","12.0","3.0","10.0","6.0","1.0",F01,"7.0","9.0","7.0","21.0","2.0","12.0",,"85.0","85.0","1.0","3.0","1.0",120.665182,24.159033,"2.0","6322.0"
"6330",,"66000",387130000C,(04)23274275,(04)23288582,"2025","5","16","18","24",臺中市,烏日區,"0","2","0","7.0","1.0","6.0","40.0","8.0","9.0","1.0","5.0","4.0","6.0","6.0","4.0","4.0","1.0","4.0","4.0","2.0","13.0","2.0","9.0","6.0","1.0",F01,"7.0","8.0","7.0","21.0","2.0","14.0",,"40.0","40.0","1.0","5.0","4.0",210843.663906367,2666859.35210369,"2.0","6331.0"
"6363",,"66000",387130000C,(04)23274275,(04)23288582,"2025","5","16","19","42",臺中市,西屯區,"0","1","0","7.0","1.0","6.0","40.0","13.0","8.0","1.0","5.0","4.0","6.0","6.0","4.0","4.0","5.0","5.0","4.0","2.0","2.0","2.0","9.0","6.0","1.0",F01,"7.0","9.0","7.0","21.0","2.0","12.0",,"84.0","84.0","1.0","12.0","1.0",214763.622250641,2673782.59402492,"2.0","6364.0"
"6400",,"66000",387130000C,(04)23274275,(04)23288582,"2025","5","16","21","58",臺中市,西區,"0","1","0","7.0","3.0","6.0","50.0","13.0","8.0","1.0","5.0","4.0","6.0","6.0","4.0","4.0","5.0","4.0","4.0","2.0","18.0","2.0","9.0","4.0","1.0",F01,"7.0","9.0","7.0","21.0","2.0","12.0",,"84.0","84.0","1.0","12.0","4.0",216606.683297341,2670256.36908353,"2.0","6401.0"
"6631",,"66000",387130000C,(04)23274275,(04)23288582,"2025","5","17","16","10",臺中市,潭子區,"0","1","0","7.0","2.0","6.0","50.0","4.0","1.0","1.0","5.0","4.0","6.0","6.0","1.0","1.0","10.0","5.0","5.0","2.0","18.0","2.0","9.0","6.0","1.0",F01,"7.0","9.0","7.0","21.0","2.0","12.0",,"58.0","58.0","1.0","12.0","4.0",221016.894863377,2679209.90689607,"2.0","6632.0"
"6644",,"66000",387130000C,(04)23274275,(04)23288582,"2025","5","17","16","42",臺中市,北屯區,"0","1","0","7.0","3.0","6.0","50.0","4.0","1.0","1.0","5.0","4.0","6.0","6.0","1.0","1.0","10.0","5.0","5.0","2.0","18.0","2.0","9.0","6.0","1.0",F01,"7.0","9.0","7.0","21.0","2.0","14.0",,"84.0","84.0","1.0","13.0","4.0",222900.97284242,2672896.58214769,"2.0","6645.0"
"6738",,"66000",387130000C,(04)23274275,(04)23288582,"2025","5","17","21","43",臺中市,南屯區,"0","0","0","7.0",,,"50.0",,,,,,,,,,,,,,,,,,,F01,,,"7.0",,"1.0",,,"59.0","59.0","1.0","13.0","4.0",120.635629,24.147925,"3.0","6739.0"
"6780",,"66000",387130000C,(04)23274275,(04)23288582,"2025","5","18","7","41",臺中市,南屯區,"0","2","0","7.0","2.0","6.0","50.0","3.0","1.0","1.0","5.0","4.0","6.0","6.0","1.0","1.0","10.0","5.0","5.0","2.0","17.0","2.0","9.0","6.0","1.0",F01,"7.0","9.0","7.0","21.0","2.0","14.0",,"39.0","39.0","1.0","12.0","4.0",210772.411130252,2670481.89537894,"2.0","6781.0"
"6814",,"66000",387130000C,(04)23274275,(04)23288582,"2025","5","18","10","10",臺中市,太平區,"0","2","0","7.0","2.0","6.0","50.0","3.0","2.0","1.0","5.0","4.0","6.0","6.0","4.0","4.0","5.0","2.0","5.0","1.0","16.0","2.0","9.0","4.0","1.0",F01,"7.0","6.0","7.0","21.0","2.0","14.0",,"48.0","48.0","1.0","12.0","4.0",221410.61008369,2669422.26329314,"2.0","6815.0"
"6953",,"66000",387130000C,(04)23274275,(04)23288582,"2025","5","18","15","55",臺中市,大甲區,"0","1","0","7.0","2.0","6.0","40.0","3.0","9.0","1.0","5.0","4.0","6.0","6.0","4.0","4.0","6.0","4.0","5.0","2.0","15.0","2.0","9.0","6.0","1.0",F01,"7.0","9.0","7.0","21.0","2.0","11.0",,"12.0","12.0","1.0","12.0","4.0",213750.471048442,2699960.83759683,"2.0","6954.0"
"6960",,"66000",387130000C,(04)23274275,(04)23288582,"2025","5","18","16","22",臺中市,潭子區,"0","1","0","7.0","2.0","6.0","50.0","4.0","2.0","1.0","5.0","4.0","6.0","6.0","4.0","4.0","5.0","4.0","4.0","2.0","17.0","2.0","9.0","5.0","1.0",F01,"7.0","6.0","7.0","21.0","2.0","11.0",,"4.0","4.0","1.0","13.0","4.0",217140.020098292,2677798.84893692,"2.0","6961.0"
"6973",,"66000",387130000C,(04)23274275,(04)23288582,"2025","5","18","17","0",臺中市,南屯區,"0","0","0","7.0",,,"50.0",,,,,,,,,,,,,,,,,,,F01,,,"7.0",,"1.0",,,"84.0","84.0","1.0","4.0","4.0",120.648525,24.146922,"4.0","6974.0"
"7030",,"66000",387130000C,(04)23274275,(04)23288582,"2025","5","18","20","9",臺中市,西屯區,"0","1","0","7.0","1.0","6.0","50.0","4.0","1.0","1.0","5.0","4.0","6.0","6.0","2.0","1.0","4.0","3.0","4.0","2.0","16.0","2.0","8.0","5.0","4.0",F01,"7.0","9.0","7.0","21.0","2.0","11.0",,"21.0","21.0","1.0","13.0","4.0",214224.397772794,2674356.19469306,"2.0","7031.0"
"7038",,"66000",387130000C,(04)23274275,(04)23288582,"2025","5","18","20","45",臺中市,北區,"0","1","0","7.0","1.0","6.0","50.0","13.0","9.0","1.0","5.0","4.0","6.0","6.0","4.0","4.0","2.0","4.0","5.0","2.0","17.0","2.0","9.0","5.0","1.0",F01,"7.0","9.0","7.0","21.0","2.0","11.0",,"59.0","59.0","1.0","13.0","4.0",217737.482428439,2671291.16596676,"2.0","7039.0"
"7283",,"66000",387130000C,(04)23274275,(04)23288582,"2025","5","19","13","47",臺中市,神岡區,"0","1","0","7.0","3.0","6.0","15.0","4.0","1.0","1.0","5.0","4.0","6.0","6.0","3.0","1.0","10.0","5.0","5.0","1.0","15.0","2.0","9.0","6.0","1.0",F01,"7.0","9.0","7.0","21.0","2.0","11.0",,"20.0","20.0","1.0","13.0","4.0",218298.375764286,2681536.97474363,"2.0","7284.0"
"7365",,"66000",387130000C,(04)23274275,(04)23288582,"2025","5","19","16","45",臺中市,東勢區,"0","2","0","7.0","2.0","6.0","50.0","3.0","1.0","1.0","5.0","4.0","6.0","6.0","4.0","4.0","10.0","5.0","4.0","2.0","16.0","2.0","9.0","6.0","1.0",F01,"7.0","6.0","7.0","21.0","2.0","14.0",,"48.0","48.0","1.0","12.0","4.0",232690.7729005,2683630.98211536,"2.0","7366.0"
"7380",,"66000",387130000C,(04)23274275,(04)23288582,"2025","5","19","17","9",臺中市,大里區,"0","2","0","7.0","2.0","6.0","50.0","4.0","2.0","1.0","5.0","4.0","6.0","6.0","4.0","4.0","5.0","5.0","4.0","2.0","12.0","2.0","9.0","1.0","1.0",F01,"7.0","5.0","7.0","21.0","2.0","12.0",,"84.0","84.0","1.0","12.0","4.0",217254.749537245,2667709.03728633,"2.0","7381.0"
"7408",,"66000",387130000C,(04)23274275,(04)23288582,"2025","5","19","17","43",臺中市,西屯區,"0","1","0","7.0","2.0","6.0","50.0","4.0","1.0","1.0","5.0","4.0","6.0","6.0","2.0","1.0","1.0","3.0","5.0","2.0","16.0","3.0","10.0","5.0","4.0",F01,"7.0","6.0","7.0","21.0","2.0","15.0",,"48.0","48.0","1.0","13.0","4.0",120.642667,24.172374,"2.0","7409.0"
"7419",,"66000",387130000C,(04)23274275,(04)23288582,"2025","5","19","17","55",臺中市,龍井區,"0","1","0","7.0","3.0","6.0","40.0","13.0","9.0","1.0","5.0","4.0","6.0","6.0","4.0","4.0","5.0","4.0","5.0","1.0","13.0","2.0","9.0","6.0","1.0",F01,"7.0","9.0","7.0","21.0","1.0","11.0",,"59.0","59.0","1.0","3.0","4.0",204232.514362849,2676857.19755925,"2.0","7420.0"
"7544",,"66000",387130000C,(04)23274275,(04)23288582,"2025","5","20","7","40",臺中市,太平區,"0","1","0","7.0","2.0","6.0","50.0","13.0","9.0","1.0","5.0","4.0","6.0","6.0","4.0","4.0","5.0","5.0","5.0","1.0","27.0","2.0","1.0","4.0","1.0",F01,"7.0","9.0","7.0","21.0","2.0","11.0",,"59.0","59.0","1.0","12.0","1.0",221260.910028481,2669480.81922127,"2.0","7545.0"
"7790",,"66000",387130000C,(04)23274275,(04)23288582,"2025","5","20","16","53",臺中市,太平區,"0","1","0","7.0","2.0","6.0","30.0","13.0","9.0","1.0","5.0","4.0","6.0","6.0","4.0","4.0","10.0","5.0","5.0","2.0","18.0","2.0","9.0","6.0","1.0",F02,"7.0","11.0","7.0","21.0","8.0","14.0",,"84.0","84.0","1.0","11.0","4.0",221831.262940373,2672382.45108373,"2.0","7791.0"
"7808",,"66000",387130000C,(04)23274275,(04)23288582,"2025","5","20","17","22",臺中市,潭子區,"0","2","0","7.0","3.0","6.0","40.0","3.0","1.0","1.0","5.0","4.0","6.0","6.0","4.0","4.0","10.0","5.0","5.0","2.0","16.0","2.0","8.0","4.0","1.0",F01,"7.0","5.0","7.0","21.0","2.0","11.0",,"14.0","14.0","1.0","3.0","4.0",219720.691162812,2678420.29619041,"2.0","7809.0"