field_1,序號,縣市別代碼,機關代碼,市話,傳真,年,月,日,時,分,縣市,區,死亡數量,受傷數量,2-30,天候,道路照明設備,道路類別,道路速限,道路型態,事故位置,路面鋪裝,路面狀態,路面缺陷,障礙物,視距,號誌種類,號誌動作,分向設施,快車道或一般車道間,快慢車道間,路面邊線,事故類型及型態,受傷程度,主要傷處,保護裝備,行動電話或功能裝置,當事者區分(類別),車輛用途,當事者行動狀態,駕照狀態,駕照種類,飲酒情形,車輛撞擊部位最初,車輛撞擊部位其他,肇事因素個別,肇事因素主要,肇事逃逸,職業,共享經濟或外送平台,GPS座標X,GPS座標Y,事故類別,﻿序號
"7833",,"66000",387130000C,(04)23274275,(04)23288582,"2025","5","20","18","7",臺中市,太平區,"0","0","0","7.0",,,"50.0",,,,,,,,,,,,,,"10.0",,,,,F01,,,"7.0",,"1.0",,,"4.0","4.0","1.0","12.0","4.0",120.716025,24.147235,"3.0","7834.0"
"7862",,"66000",387130000C,(04)23274275,(04)23288582,"2025","5","20","19","14",臺中市,南屯區,"0","0","0","7.0",,,"50.0",,,,,,,,,,,,,,,,,,,F01,,,"7.0",,"1.0",,,"84.0","84.0","1.0","13.0","4.0",120.62682,24.118222,"3.0","7863.0"
"7891",,"66000",387130000C,(04)23274275,(04)23288582,"2025","5","20","20","45",臺中市,西區,"0","1","0","7.0","1.0","6.0","40.0","3.0","2.0","1.0","5.0","4.0","6.0","6.0","4.0","4.0","5.0","5.0","5.0","2.0","17.0","2.0","9.0","4.0","1.0",F01,"7.0","6.0","7.0","21.0","2.0","12.0",,"84.0","84.0","1.0","12.0","4.0",216847.132329498,2671731.67546702,"2.0","7892.0"
"7932",,"66000",387130000C,(04)23274275,(04)23288582,"2025","5","21","5","40",臺中市,霧峰區,"0","1","0","7.0","2.0","6.0","50.0","13.0","14.0","1.0","5.0","4.0","6.0","6.0","4.0","4.0","3.0","4.0","4.0","2.0","13.0","2.0","9.0","6.0","1.0",F01,"7.0","9.0","7.0","21.0","2.0","11.0",,"84.0","84.0","1.0","13.0","4.0",219055.673155791,2656314.52658215,"2.0","7933.0"
"7949",,"66000",387130000C,(04)23274275,(04)23288582,"2025","5","21","7","18",臺中市,北屯區,"0","1","0","7.0","2.0","6.0","50.0","4.0","1.0","1.0","5.0","4.0","6.0","6.0","2.0","1.0","10.0","5.0","5.0","2.0","12.0","3.0","10.0","4.0","1.0",F01,"7.0","4.0","7.0","21.0","2.0","11.0",,"1.0","1.0","1.0","4.0","4.0",120.664063,24.185579,"2.0","7950.0"
"7965",,"66000",387130000C,(04)23274275,(04)23288582,"2025","5","21","7","40",臺中市,南屯區,"0","1","0","7.0","3.0","6.0","40.0","13.0","9.0","1.0","5.0","4.0","6.0","6.0","1.0","1.0","5.0","5.0","4.0","2.0","12.0","2.0","9.0","1.0","1.0",F01,"7.0","6.0","7.0","21.0","2.0","14.0",,"48.0","48.0","1.0","12.0","4.0",213490.194446164,2671546.51952632,"2.0","7966.0"
"7966",,"66000",387130000C,(04)23274275,(04)23288582,"2025","5","21","7","40",臺中市,南屯區,"0","1","0","7.0","3.0","6.0","40.0","4.0","1.0","1.0","5.0","4.0","6.0","6.0","1.0","1.0","3.0","4.0","4.0","2.0","15.0","2.0","9.0","1.0","1.0",F01,"7.0","9.0","7.0","21.0","2.0","12.0",,"84.0","84.0","1.0","12.0","4.0",213490.194446164,2671546.51952632,"2.0","7967.0"
"8252",,"66000",387130000C,(04)23274275,(04)23288582,"2025","5","21","18","10",臺中市,南屯區,"0","1","0","7.0","1.0","6.0","50.0","13.0","9.0","1.0","5.0","4.0","6.0","6.0","4.0","4.0","5.0","4.0","5.0","2.0","12.0","2.0","9.0","5.0","4.0",F01,"7.0","8.0","7.0","21.0","2.0","14.0",,"40.0","40.0","1.0","13.0","1.0",212895.156476387,2671891.27753093,"2.0","8253.0"
"8262",,"66000",387130000C,(04)23274275,(04)23288582,"2025","5","21","18","29",臺中市,西屯區,"0","0","0","7.0",,,"60.0",,,,,,,,,,,,,,,,,,,F01,,,,,,,,"86.0","86.0","1.0",,,120.657759,24.167936,"3.0","8263.0"
"8300",,"66000",387130000C,(04)23274275,(04)23288582,"2025","5","21","20","3",臺中市,大甲區,"0","1","0","7.0","1.0","6.0","50.0","13.0","9.0","1.0","5.0","4.0","6.0","6.0","4.0","4.0","5.0","5.0","5.0","1.0","13.0","2.0","9.0","4.0","1.0",F01,"7.0","8.0","7.0","21.0","1.0","13.0",,"42.0","42.0","1.0","3.0","4.0",211617.449253075,2693147.08986851,"2.0","8301.0"
"8385",,"66000",387130000C,(04)23274275,(04)23288582,"2025","5","22","8","14",臺中市,大里區,"0","1","0","7.0","3.0","6.0","50.0","3.0","1.0","1.0","5.0","4.0","6.0","6.0","4.0","4.0","5.0","4.0","4.0","2.0","16.0","2.0","8.0","5.0","4.0",F01,"7.0","6.0","7.0","21.0","2.0","11.0",,"11.0","11.0","1.0","13.0","4.0",218973.814838855,2666124.67507938,"2.0","8386.0"
"8413",,"66000",387130000C,(04)23274275,(04)23288582,"2025","5","22","9","0",臺中市,豐原區,"0","0","0","7.0",,,"60.0",,,,,,,,,,,,,,"17.0",,,,,F01,,,"7.0",,"2.0",,,"21.0","21.0","1.0","13.0","4.0",120.710753,24.237496,"3.0","8414.0"
"8560",,"66000",387130000C,(04)23274275,(04)23288582,"2025","5","22","15","32",臺中市,北屯區,"0","1","0","7.0","2.0","6.0","50.0","4.0","1.0","1.0","5.0","4.0","6.0","6.0","4.0","4.0","10.0","5.0","5.0","2.0","15.0","2.0","9.0","5.0","4.0",F02,"7.0","9.0","7.0","21.0","2.0","11.0",,"20.0","20.0","1.0","12.0","4.0",221093.274121158,2675117.37579641,"2.0","8561.0"
"8619",,"66000",387130000C,(04)23274275,(04)23288582,"2025","5","22","17","39",臺中市,南屯區,"0","1","0","7.0","2.0","6.0","50.0","13.0","9.0","1.0","5.0","4.0","6.0","6.0","4.0","4.0","1.0","4.0","5.0","2.0","18.0","2.0","9.0","6.0","1.0",F01,"7.0","9.0","7.0","21.0","2.0","14.0",,"82.0","82.0","1.0","6.0","4.0",208625.866502839,2671417.18034439,"2.0","8620.0"
"8674",,"66000",387130000C,(04)23274275,(04)23288582,"2025","5","22","20","50",臺中市,太平區,"0","1","0","7.0","1.0","6.0","50.0","13.0","9.0","1.0","5.0","4.0","6.0","6.0","4.0","4.0","1.0","4.0","5.0","2.0","17.0","2.0","8.0","5.0","4.0",F01,"7.0","9.0","7.0","21.0","2.0","12.0",,"59.0","59.0","1.0","3.0","1.0",220955.495269902,2670484.39500458,"2.0","8675.0"
"8700",,"66000",387130000C,(04)23274275,(04)23288582,"2025","5","22","22","51",臺中市,大里區,"0","2","0","7.0","1.0","6.0","30.0","3.0","9.0","1.0","5.0","4.0","6.0","6.0","4.0","4.0","10.0","5.0","5.0","2.0","15.0","2.0","8.0","4.0","1.0",F01,"7.0","9.0","7.0","21.0","2.0","12.0",,"15.0","15.0","1.0","13.0","4.0",218266.068751615,2667148.34655796,"2.0","8701.0"
"8731",,"66000",387130000C,(04)23274275,(04)23288582,"2025","5","23","7","21",臺中市,神岡區,"0","1","0","7.0","3.0","6.0","15.0","4.0","1.0","1.0","5.0","4.0","6.0","6.0","4.0","4.0","10.0","5.0","5.0","2.0","15.0","2.0","9.0","6.0","1.0",F02,"7.0","9.0","7.0","21.0","2.0","11.0",,"12.0","12.0","1.0","13.0","4.0",218378.358123202,2681563.48735629,"2.0","8732.0"
"8738",,"66000",387130000C,(04)23274275,(04)23288582,"2025","5","23","7","33",臺中市,東區,"0","2","0","7.0","1.0","6.0","50.0","4.0","1.0","1.0","5.0","4.0","6.0","6.0","1.0","1.0","9.0","4.0","5.0","2.0","12.0","2.0","8.0","1.0","1.0",F02,"7.0","9.0","7.0","21.0","2.0","11.0","12.0","7.0","7.0","1.0","12.0","4.0",219658.249106995,2670436.04419232,"2.0","8739.0"
"8875",,"66000",387130000C,(04)23274275,(04)23288582,"2025","5","23","12","32",臺中市,南區,"0","1","0","7.0","3.0","6.0","30.0","4.0","1.0","1.0","5.0","4.0","6.0","6.0","4.0","4.0","10.0","5.0","5.0","2.0","18.0","2.0","9.0","4.0","1.0",F02,"7.0","9.0","7.0","21.0","8.0","11.0",,"53.0","53.0","1.0","12.0","4.0",216533.397544815,2668349.74389599,"2.0","8876.0"
"8899",,"66000",387130000C,(04)23274275,(04)23288582,"2025","5","23","13","47",臺中市,中區,"0","1","0","7.0","3.0","6.0","50.0","3.0","24.0","1.0","5.0","4.0","6.0","6.0","2.0","1.0","10.0","5.0","5.0","2.0","18.0","2.0","9.0","5.0","1.0",F01,"7.0","9.0","7.0","21.0","2.0","14.0",,"84.0","84.0","1.0","13.0","4.0",218012.246930024,2670325.01966614,"2.0","8900.0"
"8974",,"66000",387130000C,(04)23274275,(04)23288582,"2025","5","23","16","53",臺中市,大里區,"0","1","0","6.0","3.0","6.0","50.0","4.0","2.0","1.0","5.0","4.0","6.0","6.0","2.0","1.0","1.0","5.0","4.0","1.0","12.0","2.0","9.0","4.0","1.0",F01,"7.0","15.0","7.0","21.0","2.0","12.0",,"42.0","42.0","1.0","13.0","4.0",216982.094908923,2666514.77899095,"2.0","8975.0"
"9140",,"66000",387130000C,(04)23274275,(04)23288582,"2025","5","24","8","57",臺中市,北屯區,"0","2","0","7.0","2.0","6.0","40.0","4.0","1.0","1.0","5.0","4.0","6.0","6.0","1.0","1.0","10.0","5.0","5.0","2.0","16.0","2.0","9.0","6.0","4.0",F02,"7.0","6.0","7.0","21.0","2.0","14.0",,"48.0","48.0","1.0","12.0","4.0",222026.438401907,2674327.51490747,"2.0","9141.0"
"9165",,"66000",387130000C,(04)23274275,(04)23288582,"2025","5","24","9","52",臺中市,大里區,"0","1","0","7.0","2.0","6.0","50.0","3.0","9.0","1.0","5.0","4.0","6.0","6.0","4.0","4.0","10.0","5.0","5.0","1.0","15.0","3.0","10.0","4.0","1.0",F01,"7.0","9.0","7.0","21.0","2.0","11.0",,"15.0","15.0","1.0","12.0","4.0",120.705815,24.107259,"2.0","9166.0"
"9312",,"66000",387130000C,(04)23274275,(04)23288582,"2025","5","24","16","40",臺中市,豐原區,"0","2","0","6.0","2.0","6.0","50.0","4.0","1.0","1.0","5.0","4.0","6.0","6.0","2.0","1.0","5.0","5.0","4.0","1.0","11.0","2.0","9.0","6.0","1.0",F01,"7.0","6.0","7.0","21.0","2.0","12.0",,"48.0","48.0","1.0","12.0","4.0",222074.459423231,2681742.56104174,"2.0","9313.0"
"9376",,"66000",387130000C,(04)23274275,(04)23288582,"2025","5","24","20","19",臺中市,北屯區,"0","1","0","6.0","1.0","6.0","40.0","13.0","8.0","1.0","5.0","4.0","6.0","6.0","4.0","4.0","1.0","4.0","4.0","2.0","18.0","2.0","9.0","4.0","1.0",F01,"7.0","9.0","7.0","21.0","2.0","14.0",,"85.0","85.0","1.0","3.0","4.0",218102.023262706,2675460.23809393,"2.0","9377.0"
"9386",,"66000",387130000C,(04)23274275,(04)23288582,"2025","5","24","21","25",臺中市,北區,"0","2","0","7.0","1.0","6.0","50.0","4.0","1.0","1.0","5.0","4.0","6.0","6.0","1.0","1.0","1.0","4.0","5.0","2.0","17.0","2.0","9.0","1.0","1.0",F01,"7.0","15.0","7.0","21.0","2.0","11.0",,"84.0","84.0","1.0","12.0","4.0",216278.450985395,2674264.67682154,"2.0","9387.0"
"9469",,"66000",387130000C,(04)23274275,(04)23288582,"2025","5","25","11","13",臺中市,南區,"0","1","0","7.0","2.0","6.0","50.0","3.0","1.0","1.0","5.0","2.0","6.0","6.0","2.0","1.0","10.0","5.0","5.0","2.0","17.0","2.0","9.0","6.0","1.0",F01,"7.0","9.0","7.0","21.0","2.0","11.0",,"84.0","84.0","1.0","12.0","4.0",217400.717508096,2668417.50648332,"2.0","9470.0"
"9547",,"66000",387130000C,(04)23274275,(04)23288582,"2025","5","25","15","20",臺中市,豐原區,"0","2","0","6.0","2.0","6.0","30.0","13.0","9.0","1.0","5.0","4.0","6.0","6.0","4.0","4.0","10.0","5.0","5.0","2.0","17.0","2.0","8.0","6.0","4.0",F02,"7.0","9.0","7.0","21.0","2.0","11.0",,"84.0","84.0","1.0","12.0","4.0",222276.168044905,2685023.30717739,"2.0","9548.0"
"9564",,"66000",387130000C,(04)23274275,(04)23288582,"2025","5","25","16","25",臺中市,沙鹿區,"0","0","0","7.0",,,"50.0",,,,,,,,,,,,,,"16.0",,,,,F01,,,"7.0",,"2.0",,,"22.0","22.0","1.0","12.0","4.0",120.617188,24.240397,"3.0","9565.0"
"9578",,"66000",387130000C,(04)23274275,(04)23288582,"2025","5","25","17","5",臺中市,后里區,"0","2","0","6.0","3.0","9.0","10.0","13.0","13.0","1.0","5.0","4.0","6.0","6.0","4.0","4.0","10.0","5.0","5.0","1.0","9.0","2.0","9.0","6.0","1.0",F02,"7.0","9.0","7.0","21.0","2.0","11.0",,"59.0","59.0","1.0","6.0","4.0",224187.987878281,2686098.86078373,"2.0","9579.0"
"9732",,"66000",387130000C,(04)23274275,(04)23288582,"2025","5","26","9","25",臺中市,北區,"0","1","0","7.0","2.0","6.0","30.0","4.0","1.0","1.0","5.0","4.0","6.0","6.0","4.0","4.0","9.0","4.0","4.0","2.0","17.0","2.0","9.0","5.0","1.0",F01,"7.0","5.0","7.0","21.0","2.0","14.0",,"13.0","13.0","1.0","13.0","4.0",216857.690789233,2674082.23601434,"2.0","9733.0"
"9889",,"66000",387130000C,(04)23274275,(04)23288582,"2025","5","26","16","36",臺中市,豐原區,"0","2","0","6.0","2.0","6.0","40.0","4.0","19.0","1.0","5.0","4.0","6.0","6.0","1.0","1.0","5.0","5.0","4.0","2.0","1.0","2.0","1.0","6.0","4.0",F01,"7.0","6.0","7.0","21.0","2.0","11.0",,"48.0","48.0","1.0","13.0","4.0",222220.725883754,2682483.53639536,"2.0","9890.0"
"9912",,"66000",387130000C,(04)23274275,(04)23288582,"2025","5","26","17","31",臺中市,大里區,"0","1","0","6.0","3.0","6.0","50.0","13.0","7.0","1.0","5.0","4.0","6.0","6.0","4.0","4.0","5.0","4.0","4.0","2.0","12.0","2.0","7.0","6.0","1.0",F01,"7.0","9.0","7.0","21.0","9.0","14.0",,"59.0","59.0","1.0","12.0","4.0",217673.3597765,2667261.75743707,"2.0","9913.0"
"9925",,"66000",387130000C,(04)23274275,(04)23288582,"2025","5","26","17","43",臺中市,南區,"0","3","0","7.0","2.0","6.0","40.0","3.0","1.0","1.0","5.0","4.0","6.0","6.0","1.0","1.0","10.0","5.0","5.0","2.0","16.0","2.0","9.0","6.0","1.0",F01,"7.0","6.0","7.0","21.0","2.0","14.0",,"48.0","48.0","1.0","13.0","4.0",215623.679550606,2667607.11027445,"2.0","9926.0"
"9986",,"66000",387130000C,(04)23274275,(04)23288582,"2025","5","26","19","27",臺中市,西區,"0","1","0","7.0","2.0","6.0","40.0","13.0","8.0","1.0","5.0","4.0","6.0","6.0","4.0","4.0","5.0","5.0","4.0","2.0","17.0","2.0","9.0","6.0","4.0",F01,"7.0","9.0","7.0","21.0","2.0","12.0",,"84.0","84.0","1.0","13.0","4.0",215601.553015955,2670399.85847436,"2.0","9987.0"
"10145",,"66000",387130000C,(04)23274275,(04)23288582,"2025","5","27","9","51",臺中市,神岡區,"0","1","0","7.0","1.0","6.0","40.0","3.0","2.0","1.0","5.0","4.0","6.0","6.0","1.0","1.0","5.0","4.0","4.0","2.0","18.0","2.0","1.0","4.0","4.0",F01,"7.0","15.0","7.0","21.0","1.0","12.0",,"54.0","54.0","1.0","12.0","4.0",219975.783021369,2684045.62611137,"2.0","10146.0"
"10197",,"66000",387130000C,(04)23274275,(04)23288582,"2025","5","27","12","15",臺中市,西屯區,"0","1","0","7.0","2.0","6.0","0.0","18.0","21.0","2.0","5.0","4.0","3.0","3.0","4.0","4.0","10.0","5.0","5.0","2.0","18.0","2.0","7.0","4.0","1.0",F01,"7.0","9.0","7.0","21.0","2.0","16.0",,"59.0","59.0","1.0","12.0","4.0",211043.589777563,2675312.15151999,"2.0","10198.0"
"10294",,"66000",387130000C,(04)23274275,(04)23288582,"2025","5","27","17","7",臺中市,大甲區,"0","0","0","7.0",,,"50.0",,,,,,,,,,,,,,,,,,,F01,,,"7.0",,"1.0",,,"59.0","59.0","1.0","3.0","4.0",120.621827,24.351736,"3.0","10295.0"
"10302",,"66000",387130000C,(04)23274275,(04)23288582,"2025","5","27","17","18",臺中市,清水區,"0","1","0","7.0","3.0","6.0","40.0","3.0","1.0","1.0","5.0","4.0","6.0","6.0","4.0","4.0","1.0","4.0","4.0","1.0","17.0","2.0","8.0","4.0","1.0",F01,"7.0","9.0","7.0","21.0","2.0","14.0",,"4.0","4.0","1.0","12.0","4.0",206835.725720451,2685588.72553686,"2.0","10303.0"
"10349",,"66000",387130000C,(04)23274275,(04)23288582,"2025","5","27","18","32",臺中市,北屯區,"0","1","0","7.0","1.0","6.0","50.0","4.0","1.0","1.0","5.0","4.0","6.0","6.0","1.0","1.0","10.0","5.0","5.0","2.0","13.0","3.0","10.0","6.0","1.0",F01,"7.0","9.0","7.0","21.0","2.0","11.0",,"7.0","7.0","1.0","12.0","1.0",120.721003,24.175968,"2.0","10350.0"
"10359",,"66000",387130000C,(04)23274275,(04)23288582,"2025","5","27","18","59",臺中市,潭子區,"0","2","0","7.0","1.0","6.0","50.0","4.0","2.0","1.0","5.0","4.0","6.0","6.0","1.0","1.0","5.0","4.0","5.0","1.0","16.0","2.0","8.0","6.0","1.0",F01,"7.0","6.0","7.0","21.0","2.0","11.0",,"48.0","48.0","1.0","13.0","4.0",220165.829534386,2678483.14635523,"2.0","10360.0"
"10386",,"66000",387130000C,(04)23274275,(04)23288582,"2025","5","27","20","45",臺中市,南屯區,"0","1","0","7.0","1.0","6.0","50.0","13.0","9.0","1.0","5.0","4.0","6.0","6.0","4.0","4.0","5.0","5.0","5.0","2.0","17.0","2.0","9.0","6.0","1.0",F01,"7.0","15.0","7.0","21.0","2.0","11.0",,"39.0","39.0","1.0","13.0","4.0",214556.504711039,2670749.40499652,"2.0","10387.0"
"10397",,"66000",387130000C,(04)23274275,(04)23288582,"2025","5","27","21","49",臺中市,北屯區,"0","1","0","7.0","1.0","6.0","50.0","13.0","9.0","1.0","5.0","4.0","6.0","6.0","4.0","4.0","1.0","4.0","5.0","2.0","18.0","2.0","9.0","6.0","1.0",F02,"7.0","9.0","7.0","21.0","2.0","12.0",,"58.0","58.0","1.0","6.0","4.0",222954.013952581,2672681.62491079,"2.0","10398.0"
"10401",,"66000",387130000C,(04)23274275,(04)23288582,"2025","5","27","22","25",臺中市,西屯區,"0","2","0","7.0","1.0","6.0","50.0","3.0","1.0","1.0","5.0","4.0","6.0","6.0","4.0","4.0","10.0","5.0","5.0","2.0","16.0","2.0","9.0","4.0","1.0",F01,"7.0","6.0","7.0","21.0","2.0","14.0",,"14.0","14.0","1.0","5.0","4.0",213929.001265383,2674225.2572904,"2.0","10402.0"
"10521",,"66000",387130000C,(04)23274275,(04)23288582,"2025","5","28","10","48",臺中市,西屯區,"0","0","0","7.0",,,"30.0",,,,,,,,,,,,,,,,,,,F01,,,"7.0",,"1.0",,,"14.0","14.0","1.0","13.0","4.0",120.662536,24.17567,"3.0","10522.0"
"10632",,"66000",387130000C,(04)23274275,(04)23288582,"2025","5","28","15","45",臺中市,西屯區,"0","0","0","7.0",,,"50.0",,,,,,,,,,,,,,"17.0",,,,,F01,,,"7.0",,"2.0",,,"8.0","8.0","1.0","12.0","4.0",120.641976,24.16333,"3.0","10633.0"
"10650",,"66000",387130000C,(04)23274275,(04)23288582,"2025","5","28","16","15",臺中市,豐原區,"0","2","0","6.0","2.0","6.0","50.0","3.0","1.0","1.0","5.0","4.0","6.0","6.0","4.0","4.0","10.0","5.0","5.0","2.0","17.0","2.0","8.0","4.0","1.0",F01,"7.0","6.0","7.0","21.0","2.0","11.0",,"14.0","14.0","1.0","3.0","4.0",221629.002552762,2683087.75419926,"2.0","10651.0"
"10651",,"66000",387130000C,(04)23274275,(04)23288582,"2025","5","28","16","17",臺中市,烏日區,"0","1","0","7.0","3.0","6.0","50.0","4.0","9.0","1.0","5.0","4.0","3.0","3.0","4.0","4.0","5.0","5.0","4.0","2.0","16.0","2.0","7.0","4.0","1.0",F01,"7.0","5.0","7.0","21.0","2.0","11.0",,"47.0","47.0","1.0","3.0","1.0",211953.097882137,2666485.11155762,"2.0","10652.0"
"10671",,"66000",387130000C,(04)23274275,(04)23288582,"2025","5","28","17","3",臺中市,南區,"0","2","0","6.0","3.0","6.0","50.0","4.0","1.0","1.0","5.0","4.0","6.0","6.0","4.0","4.0","5.0","5.0","5.0","2.0","16.0","2.0","9.0","1.0","1.0",F01,"7.0","9.0","7.0","21.0","2.0","14.0",,"4.0","4.0","1.0","2.0","4.0",216779.56525547,2669559.45235297,"2.0","10672.0"
"10677",,"66000",387130000C,(04)23274275,(04)23288582,"2025","5","28","17","10",臺中市,南區,"0","2","0","7.0","2.0","6.0","50.0","3.0","1.0","1.0","5.0","4.0","6.0","6.0","1.0","1.0","9.0","4.0","4.0","2.0","17.0","2.0","9.0","6.0","1.0",F01,"7.0","9.0","7.0","21.0","2.0","12.0",,"21.0","21.0","1.0","12.0","4.0",217648.314958402,2669842.1929978,"2.0","10678.0"
"10735",,"66000",387130000C,(04)23274275,(04)23288582,"2025","5","28","19","8",臺中市,西屯區,"0","1","0","7.0","1.0","6.0","50.0","4.0","1.0","1.0","5.0","4.0","6.0","6.0","1.0","1.0","10.0","5.0","5.0","2.0","18.0","2.0","9.0","4.0","1.0",F02,"7.0","9.0","7.0","21.0","1.0","16.0",,"59.0","59.0","1.0","12.0","4.0",214917.641964212,2672991.33630157,"2.0","10736.0"
"11211",,"66000",387130000C,(04)23274275,(04)23288582,"2025","5","29","17","55",臺中市,大里區,"0","2","0","5.0","2.0","6.0","30.0","3.0","1.0","1.0","4.0","4.0","6.0","6.0","4.0","4.0","10.0","5.0","5.0","2.0","17.0","2.0","9.0","1.0","1.0",F01,"7.0","6.0","7.0","21.0","1.0","11.0",,"14.0","14.0","1.0","13.0","4.0",219808.225583245,2665476.65816114,"2.0","11212.0"
"11253",,"66000",387130000C,(04)23274275,(04)23288582,"2025","5","29","18","48",臺中市,大雅區,"0","1","0","6.0","1.0","6.0","30.0","13.0","9.0","1.0","4.0","4.0","6.0","6.0","4.0","4.0","10.0","5.0","5.0","2.0","18.0","2.0","9.0","6.0","1.0",F01,"7.0","9.0","7.0","21.0","2.0","14.0",,"84.0","84.0","1.0","12.0","4.0",212999.988489632,2679442.85695144,"2.0","11254.0"
"11514",,"66000",387130000C,(04)23274275,(04)23288582,"2025","5","30","13","45",臺中市,梧棲區,"0","1","0","7.0","2.0","6.0","50.0","3.0","1.0","1.0","5.0","4.0","6.0","6.0","1.0","1.0","10.0","5.0","5.0","2.0","16.0","2.0","9.0","6.0","1.0",F01,"7.0","6.0","7.0","21.0","2.0","12.0",,"23.0","23.0","1.0","2.0","4.0",203027.597671475,2683124.93666627,"2.0","11515.0"
"11591",,"66000",387130000C,(04)23274275,(04)23288582,"2025","5","30","16","41",臺中市,太平區,"0","1","0","7.0","3.0","6.0","30.0","13.0","9.0","1.0","5.0","4.0","6.0","6.0","4.0","4.0","10.0","5.0","5.0","2.0","17.0","2.0","9.0","6.0","1.0",F01,"7.0","9.0","7.0","21.0","1.0","11.0",,"84.0","84.0","1.0","13.0","4.0",223008.769338799,2668276.64704726,"2.0","11592.0"
"11652",,"66000",387130000C,(04)23274275,(04)23288582,"2025","5","30","19","9",臺中市,梧棲區,"0","1","0","7.0","1.0","6.0","50.0","4.0","1.0","1.0","5.0","4.0","6.0","6.0","1.0","1.0","10.0","5.0","5.0","2.0","16.0","3.0","10.0","6.0","1.0",F01,"7.0","6.0","7.0","21.0","2.0","11.0",,"11.0","11.0","1.0","12.0","4.0",120.532207,24.258662,"2.0","11653.0"
"11669",,"66000",387130000C,(04)23274275,(04)23288582,"2025","5","30","20","23",臺中市,大里區,"0","1","0","7.0","1.0","6.0","50.0","5.0","1.0","1.0","5.0","4.0","6.0","6.0","1.0","1.0","10.0","5.0","5.0","2.0","17.0","2.0","9.0","5.0","4.0",F01,"7.0","9.0","7.0","21.0","1.0","16.0",,"84.0","84.0","1.0","12.0","4.0",219438.724463261,2664510.04377238,"2.0","11670.0"
"11734",,"66000",387130000C,(04)23274275,(04)23288582,"2025","5","31","9","15",臺中市,太平區,"0","1","0","7.0","3.0","6.0","50.0","3.0","9.0","1.0","5.0","4.0","6.0","6.0","1.0","1.0","5.0","4.0","5.0","2.0","13.0","2.0","9.0","2.0","2.0",F01,"7.0","9.0","7.0","21.0","2.0","11.0",,"58.0","58.0","1.0","12.0","4.0",220624.06893079,2669941.95426424,"2.0","11735.0"
"7","8.0","66000",387130000C,(04)23274275,(04)23288582,"2025","1","1","0","35",臺中市,后里區,"0","1","0","7.0","1.0","6.0","40.0","13.0","8.0","1.0","5.0","4.0","6.0","6.0","4.0","4.0","10.0","5.0","5.0","2.0","13.0","2.0","9.0","4.0","1.0",F01,"7.0","9.0","7.0","21.0","9.0","11.0",,"84.0","84.0","1.0","12.0","4.0",217557.360339338,2689606.77667556,"2.0",
"9","10.0","66000",387130000C,(04)23274275,(04)23288582,"2025","1","1","0","45",臺中市,北屯區,"0","1","0","7.0","1.0","6.0","50.0","13.0","9.0","1.0","5.0","4.0","6.0","6.0","4.0","4.0","1.0","4.0","5.0","2.0","13.0","2.0","7.0","5.0","1.0",F01,"7.0","9.0","7.0","21.0","2.0","14.0",,"84.0","84.0","1.0","12.0","4.0",215303.934950528,2674886.12367924,"2.0",
"38","39.0","66000",387130000C,(04)23274275,(04)23288582,"2025","1","1","3","27",臺中市,烏日區,"0","1","0","7.0","2.0","6.0","50.0","4.0","1.0","1.0","5.0","4.0","6.0","6.0","2.0","1.0","1.0","4.0","4.0","1.0","17.0","2.0","9.0","4.0","1.0",F01,"7.0","9.0","7.0","21.0","2.0","11.0",,"21.0","21.0","1.0","6.0","4.0",211554.1431065,2666700.04168702,"2.0",
"119","120.0","66000",387130000C,(04)23274275,(04)23288582,"2025","1","1","12","39",臺中市,西屯區,"0","0","0","7.0",,,"50.0",,,,,,,,,,,,,,"11.0",,,,,F01,,,"1.0",,"2.0",,,"26.0","26.0","1.0","13.0","4.0",120.658907,24.173959,"4.0",
"145","146.0","66000",387130000C,(04)23274275,(04)23288582,"2025","1","1","14","23",臺中市,石岡區,"0","2","0","7.0","2.0","8.0","15.0","13.0","9.0","4.0","4.0","4.0","6.0","6.0","4.0","4.0","10.0","5.0","5.0","2.0","17.0","2.0","8.0","6.0","1.0",F02,"7.0","9.0","7.0","21.0","11.0","16.0",,"84.0","84.0","1.0","12.0","4.0",228517.305258885,2685406.62269393,"2.0",
"245","246.0","66000",387130000C,(04)23274275,(04)23288582,"2025","1","1","18","50",臺中市,大雅區,"0","0","0","5.0",,,"50.0",,,,,,,,,,,,,,,,,,,F01,,,"7.0",,"2.0",,,"11.0","11.0","1.0","13.0","4.0",120.648129,24.216094,"3.0",
"351","352.0","66000",387130000C,(04)23274275,(04)23288582,"2025","1","2","6","44",臺中市,大雅區,"0","1","0","5.0","2.0","6.0","30.0","4.0","1.0","1.0","4.0","4.0","6.0","6.0","4.0","4.0","10.0","5.0","5.0","2.0","17.0","2.0","9.0","4.0","1.0",F01,"7.0","9.0","7.0","21.0","1.0","12.0",,"20.0","20.0","1.0","12.0","4.0",216165.0174016,2681407.12147879,"2.0",