field_1,序號,縣市別代碼,機關代碼,市話,傳真,年,月,日,時,分,縣市,區,死亡數量,受傷數量,2-30,天候,道路照明設備,道路類別,道路速限,道路型態,事故位置,路面鋪裝,路面狀態,路面缺陷,障礙物,視距,號誌種類,號誌動作,分向設施,快車道或一般車道間,快慢車道間,路面邊線,事故類型及型態,受傷程度,主要傷處,保護裝備,行動電話或功能裝置,當事者區分(類別),車輛用途,當事者行動狀態,駕照狀態,駕照種類,飲酒情形,車輛撞擊部位最初,車輛撞擊部位其他,肇事因素個別,肇事因素主要,肇事逃逸,職業,共享經濟或外送平台,GPS座標X,GPS座標Y,事故類別,﻿序號
"750","751.0","66000",387130000C,(04)23274275,(04)23288582,"2025","1","2","20","38",臺中市,西區,"0","2","0","7.0","1.0","6.0","50.0","4.0","1.0","1.0","5.0","4.0","6.0","6.0","4.0","4.0","10.0","5.0","5.0","2.0","17.0","2.0","8.0","5.0","4.0",F01,"7.0","9.0","7.0","21.0","2.0","15.0",,"84.0","84.0","1.0","13.0","4.0",215469.180807713,2671680.35184249,"2.0",
"772","773.0","66000",387130000C,(04)23274275,(04)23288582,"2025","1","2","22","8",臺中市,南屯區,"0","1","0","7.0","1.0","6.0","50.0","13.0","8.0","1.0","5.0","4.0","6.0","6.0","4.0","4.0","1.0","4.0","1.0","2.0","12.0","3.0","10.0","4.0","1.0",F01,"7.0","1.0","7.0","21.0","2.0","14.0",,"51.0","51.0","1.0","12.0","4.0",120.622879,24.148211,"2.0",
"859","860.0","66000",387130000C,(04)23274275,(04)23288582,"2025","1","3","8","24",臺中市,大甲區,"0","1","0","7.0","2.0","6.0","50.0","13.0","9.0","1.0","5.0","4.0","6.0","6.0","4.0","4.0","5.0","5.0","5.0","1.0","17.0","3.0","10.0","4.0","1.0",F01,"7.0","11.0","7.0","21.0","1.0","11.0",,"39.0","39.0","1.0","12.0","4.0",120.618989,24.350371,"2.0",
"916","917.0","66000",387130000C,(04)23274275,(04)23288582,"2025","1","3","10","29",臺中市,北區,"0","2","0","7.0","2.0","6.0","40.0","3.0","8.0","1.0","5.0","4.0","6.0","6.0","1.0","1.0","1.0","4.0","4.0","2.0","17.0","3.0","10.0","1.0","1.0",F02,"7.0","10.0","7.0","21.0","2.0","16.0",,"42.0","42.0","1.0","13.0","4.0",120.672887,24.168735,"2.0",
"920","921.0","66000",387130000C,(04)23274275,(04)23288582,"2025","1","3","10","40",臺中市,大雅區,"0","2","0","7.0","2.0","6.0","40.0","13.0","8.0","1.0","5.0","4.0","6.0","6.0","4.0","4.0","5.0","5.0","4.0","2.0","10.0","2.0","9.0","6.0","1.0",F01,"7.0","9.0","7.0","21.0","2.0","11.0",,"4.0","4.0","1.0","13.0","4.0",214696.374082169,2679062.19710238,"2.0",
"1098","1099.0","66000",387130000C,(04)23274275,(04)23288582,"2025","1","3","17","27",臺中市,南屯區,"0","2","0","7.0","1.0","6.0","50.0","4.0","1.0","1.0","5.0","4.0","6.0","6.0","2.0","1.0","10.0","5.0","5.0","2.0","17.0","2.0","9.0","6.0","1.0",F01,"7.0","8.0","7.0","21.0","2.0","14.0",,"42.0","42.0","1.0","3.0","4.0",214894.430329256,2670584.43445759,"2.0",
"1099","1100.0","66000",387130000C,(04)23274275,(04)23288582,"2025","1","3","17","27",臺中市,太平區,"0","0","0","7.0",,,"50.0",,,,,,,,,,,,,,"17.0",,,,,F01,,,"1.0",,"1.0",,,"84.0","84.0","1.0","12.0","4.0",120.716798,24.151097,"3.0",
"1124","1125.0","66000",387130000C,(04)23274275,(04)23288582,"2025","1","3","17","50",臺中市,后里區,"0","0","0","7.0",,,"40.0",,,,,,,,,,,,,,"17.0",,,,,F01,,,"7.0",,"1.0",,,"8.0","8.0","1.0","3.0","4.0",120.70887,24.305788,"3.0",
"1137","1138.0","66000",387130000C,(04)23274275,(04)23288582,"2025","1","3","18","1",臺中市,大里區,"0","1","0","7.0","1.0","6.0","40.0","3.0","2.0","1.0","5.0","4.0","6.0","6.0","1.0","1.0","10.0","5.0","5.0","1.0","16.0","3.0","10.0","1.0","1.0",F01,"7.0","9.0","7.0","21.0","2.0","11.0",,"21.0","21.0","1.0","4.0","4.0",120.661716,24.109198,"2.0",
"1226","1227.0","66000",387130000C,(04)23274275,(04)23288582,"2025","1","3","20","11",臺中市,太平區,"0","2","0","7.0","1.0","6.0","50.0","13.0","5.0","1.0","5.0","4.0","6.0","6.0","4.0","4.0","10.0","2.0","4.0","2.0","16.0","2.0","8.0","2.0","1.0",F02,"7.0","6.0","7.0","21.0","2.0","14.0",,"4.0","4.0","1.0","12.0","4.0",220657.604805526,2670679.70529275,"2.0",
"1241","1242.0","66000",387130000C,(04)23274275,(04)23288582,"2025","1","3","20","45",臺中市,太平區,"0","1","0","7.0","1.0","6.0","40.0","13.0","8.0","1.0","5.0","4.0","6.0","6.0","4.0","4.0","5.0","4.0","4.0","1.0","12.0","2.0","9.0","2.0","1.0",F01,"7.0","9.0","7.0","21.0","1.0","12.0",,"84.0","84.0","1.0","2.0","4.0",221758.717765331,2669621.69477722,"2.0",
"1456","1457.0","66000",387130000C,(04)23274275,(04)23288582,"2025","1","4","13","50",臺中市,南屯區,"0","1","0","7.0","2.0","6.0","40.0","13.0","8.0","1.0","5.0","4.0","6.0","6.0","2.0","1.0","1.0","4.0","4.0","2.0","18.0","2.0","9.0","6.0","1.0",F01,"7.0","9.0","7.0","21.0","2.0","14.0",,"54.0","54.0","1.0","3.0","4.0",212611.577155179,2671176.45375915,"2.0",
"1494","1495.0","66000",387130000C,(04)23274275,(04)23288582,"2025","1","4","15","30",臺中市,烏日區,"0","2","0","7.0","2.0","6.0","50.0","3.0","7.0","1.0","5.0","4.0","6.0","6.0","4.0","4.0","5.0","4.0","4.0","2.0","17.0","2.0","9.0","5.0","4.0",F01,"7.0","9.0","7.0","21.0","2.0","11.0",,"84.0","84.0","1.0","6.0","1.0",213025.801339854,2667293.20870788,"2.0",
"1707","1708.0","66000",387130000C,(04)23274275,(04)23288582,"2025","1","5","11","55",臺中市,西屯區,"0","0","0","7.0",,,"50.0",,,,,,,,,,,,,,"15.0",,,,,F01,,,"7.0",,"1.0",,,"21.0","21.0","1.0","12.0","4.0",120.660864,24.172447,"3.0",
"1709","1710.0","66000",387130000C,(04)23274275,(04)23288582,"2025","1","5","12","0",臺中市,后里區,"0","1","0","6.0","1.0","6.0","30.0","6.0","13.0","1.0","5.0","4.0","6.0","6.0","4.0","4.0","9.0","4.0","5.0","1.0","18.0","2.0","9.0","6.0","1.0",F01,"7.0","12.0","7.0","21.0","2.0","11.0","14.0","59.0","59.0","1.0","12.0","4.0",224162.328399918,2686335.03158232,"2.0",
"1725","1726.0","66000",387130000C,(04)23274275,(04)23288582,"2025","1","5","12","28",臺中市,南區,"0","1","0","7.0","2.0","6.0","0.0","4.0","1.0","1.0","5.0","4.0","6.0","6.0","4.0","4.0","10.0","5.0","5.0","2.0","18.0","2.0","9.0","1.0","1.0",F01,"7.0","9.0","7.0","21.0","2.0","14.0",,"84.0","84.0","1.0","12.0","1.0",214779.399206964,2668659.53251696,"2.0",
"1734","1735.0","66000",387130000C,(04)23274275,(04)23288582,"2025","1","5","12","46",臺中市,南屯區,"0","1","0","7.0","2.0","6.0","50.0","5.0","1.0","1.0","5.0","4.0","6.0","6.0","4.0","4.0","5.0","5.0","5.0","2.0","15.0","2.0","1.0","6.0","1.0",F01,"7.0","9.0","7.0","21.0","2.0","11.0",,"20.0","20.0","1.0","12.0","4.0",214203.988586349,2670928.92880676,"2.0",
"1742","1743.0","66000",387130000C,(04)23274275,(04)23288582,"2025","1","5","13","27",臺中市,梧棲區,"0","1","0","7.0","3.0","6.0","50.0","4.0","1.0","1.0","5.0","4.0","6.0","6.0","1.0","1.0","10.0","5.0","5.0","2.0","18.0","2.0","9.0","4.0","1.0",F01,"7.0","9.0","7.0","21.0","9.0","16.0",,"21.0","21.0","1.0","3.0","4.0",203640.288547312,2684076.84564811,"2.0",
"1745","1746.0","66000",387130000C,(04)23274275,(04)23288582,"2025","1","5","13","48",臺中市,大雅區,"0","0","0","7.0",,,"70.0",,,,,,,,,,,,,,"17.0",,,,,F01,,,"7.0",,"1.0",,,"84.0","84.0","1.0","12.0","1.0",120.640647,24.230699,"3.0",
"2066","2067.0","66000",387130000C,(04)23274275,(04)23288582,"2025","1","6","11","17",臺中市,西區,"0","1","0","7.0","3.0","6.0","40.0","4.0","1.0","1.0","5.0","4.0","6.0","6.0","1.0","1.0","10.0","5.0","5.0","2.0","17.0","2.0","9.0","1.0","1.0",F02,"7.0","6.0","7.0","21.0","2.0","11.0",,"48.0","48.0","1.0","6.0","4.0",216745.250203258,2670707.90878521,"2.0",
"2074","2075.0","66000",387130000C,(04)23274275,(04)23288582,"2025","1","6","11","40",臺中市,北屯區,"0","1","0","7.0","2.0","6.0","50.0","13.0","9.0","1.0","5.0","4.0","6.0","6.0","4.0","4.0","10.0","5.0","5.0","2.0","13.0","2.0","7.0","5.0","4.0",F02,"7.0","9.0","7.0","21.0","2.0","11.0",,"85.0","85.0","1.0","12.0","4.0",219051.961370946,2674433.46613082,"2.0",
"2109","2110.0","66000",387130000C,(04)23274275,(04)23288582,"2025","1","6","12","53",臺中市,太平區,"0","2","0","7.0","2.0","6.0","50.0","4.0","1.0","1.0","5.0","4.0","6.0","6.0","4.0","4.0","10.0","5.0","5.0","2.0","17.0","2.0","9.0","5.0","4.0",F01,"7.0","6.0","7.0","21.0","2.0","11.0",,"12.0","12.0","1.0","13.0","4.0",222800.851655683,2669370.58937341,"2.0",
"2167","2168.0","66000",387130000C,(04)23274275,(04)23288582,"2025","1","6","15","0",臺中市,南屯區,"0","2","0","7.0","1.0","6.0","30.0","3.0","1.0","1.0","5.0","4.0","6.0","6.0","4.0","4.0","10.0","5.0","5.0","2.0","17.0","2.0","7.0","4.0","1.0",F01,"7.0","6.0","7.0","21.0","2.0","11.0",,"4.0","4.0","1.0","4.0","4.0",210388.032659778,2670227.01230756,"2.0",
"2190","2191.0","66000",387130000C,(04)23274275,(04)23288582,"2025","1","6","15","25",臺中市,北屯區,"0","1","0","7.0","2.0","6.0","30.0","3.0","2.0","1.0","5.0","4.0","6.0","6.0","4.0","4.0","10.0","5.0","5.0","2.0","18.0","2.0","9.0","4.0","1.0",F01,"7.0","5.0","7.0","21.0","2.0","15.0",,"85.0","85.0","1.0","12.0","4.0",215848.803214304,2676777.88403511,"2.0",
"2239","2240.0","66000",387130000C,(04)23274275,(04)23288582,"2025","1","6","16","44",臺中市,龍井區,"0","0","0","7.0",,,"50.0",,,,,,,,,,,,,,"12.0",,,,,F01,,,"7.0",,"2.0",,,"8.0","8.0","1.0","6.0","5.0",120.585002,24.18443,"3.0",
"2267","2268.0","66000",387130000C,(04)23274275,(04)23288582,"2025","1","6","17","35",臺中市,大里區,"0","1","0","7.0","1.0","6.0","50.0","5.0","2.0","1.0","5.0","4.0","6.0","6.0","4.0","4.0","5.0","5.0","5.0","2.0","17.0","2.0","9.0","6.0","1.0",F01,"7.0","6.0","7.0","21.0","1.0","11.0",,"14.0","14.0","1.0","3.0","4.0",222542.258412079,2664767.76380397,"2.0",
"2352","2353.0","66000",387130000C,(04)23274275,(04)23288582,"2025","1","6","19","54",臺中市,北屯區,"0","1","0","6.0","1.0","6.0","1.0","3.0","1.0","1.0","5.0","4.0","6.0","6.0","2.0","1.0","10.0","5.0","5.0","2.0","16.0","2.0","7.0","4.0","1.0",F01,"7.0","9.0","7.0","21.0","2.0","12.0",,"39.0","39.0","1.0","4.0","4.0",222469.400442962,2672890.98735359,"2.0",
"2358","2359.0","66000",387130000C,(04)23274275,(04)23288582,"2025","1","6","20","15",臺中市,豐原區,"0","2","0","7.0","1.0","6.0","50.0","13.0","7.0","1.0","5.0","4.0","6.0","6.0","4.0","4.0","9.0","4.0","4.0","2.0","16.0","2.0","9.0","4.0","1.0",F01,"7.0","6.0","7.0","21.0","2.0","11.0",,"48.0","48.0","1.0","10.0","1.0",222969.71978496,2683219.58498866,"2.0",
"2401","2402.0","66000",387130000C,(04)23274275,(04)23288582,"2025","1","6","23","19",臺中市,梧棲區,"0","1","0","7.0","1.0","6.0","50.0","4.0","1.0","1.0","5.0","4.0","6.0","6.0","2.0","1.0","1.0","2.0","4.0","1.0","12.0","2.0","7.0","4.0","1.0",F01,"7.0","9.0","7.0","21.0","2.0","13.0",,"42.0","42.0","1.0","12.0","4.0",202602.965276065,2684346.97759656,"2.0",
"2662","2663.0","66000",387130000C,(04)23274275,(04)23288582,"2025","1","7","14","52",臺中市,太平區,"0","1","0","7.0","2.0","6.0","50.0","4.0","1.0","1.0","5.0","4.0","6.0","6.0","4.0","4.0","10.0","5.0","5.0","2.0","15.0","2.0","1.0","6.0","1.0",F01,"7.0","9.0","7.0","21.0","2.0","11.0","14.0","12.0","12.0","1.0","12.0","4.0",220166.045399067,2672537.68495707,"2.0",
"2715","2716.0","66000",387130000C,(04)23274275,(04)23288582,"2025","1","7","17","4",臺中市,大甲區,"0","2","0","7.0","2.0","6.0","50.0","4.0","1.0","1.0","5.0","4.0","6.0","6.0","1.0","1.0","10.0","5.0","5.0","2.0","15.0","2.0","9.0","4.0","1.0",F02,"7.0","9.0","7.0","21.0","2.0","12.0",,"21.0","21.0","1.0","4.0","4.0",211314.561596923,2693851.87392833,"2.0",
"2717","2718.0","66000",387130000C,(04)23274275,(04)23288582,"2025","1","7","17","7",臺中市,神岡區,"0","0","0","7.0",,,"50.0",,,,,,,,,,,,,,"12.0",,,,,F01,,,"7.0",,"2.0",,,"84.0","84.0","1.0","12.0","4.0",120.704297,24.261769,"3.0",
"2722","2723.0","66000",387130000C,(04)23274275,(04)23288582,"2025","1","7","17","13",臺中市,北屯區,"0","1","0","7.0","2.0","6.0","50.0","13.0","7.0","1.0","5.0","4.0","6.0","6.0","4.0","4.0","5.0","5.0","4.0","2.0","12.0","2.0","9.0","6.0","1.0",F01,"7.0","9.0","7.0","21.0","9.0","14.0",,"85.0","85.0","1.0","3.0","1.0",218879.778779356,2673336.62995332,"2.0",
"2832","2833.0","66000",387130000C,(04)23274275,(04)23288582,"2025","1","7","21","12",臺中市,西屯區,"0","1","0","6.0","1.0","6.0","50.0","4.0","1.0","1.0","5.0","4.0","6.0","6.0","2.0","1.0","10.0","5.0","5.0","2.0","17.0","3.0","10.0","6.0","1.0",F01,"7.0","6.0","7.0","21.0","2.0","14.0",,"48.0","48.0","1.0","13.0","4.0",120.661908,24.170099,"2.0",
"3009","3010.0","66000",387130000C,(04)23274275,(04)23288582,"2025","1","8","11","11",臺中市,西區,"0","0","0","7.0",,,"50.0",,,,,,,,,,,,,,"11.0",,,,,F01,,,"7.0",,"2.0",,,"4.0","4.0","1.0","12.0","4.0",120.659689,24.142855,"3.0",
"3153","3154.0","66000",387130000C,(04)23274275,(04)23288582,"2025","1","8","16","49",臺中市,石岡區,"0","2","0","7.0","2.0","8.0","15.0","13.0","9.0","1.0","5.0","4.0","6.0","6.0","4.0","4.0","9.0","5.0","5.0","1.0","18.0","2.0","9.0","6.0","1.0",F02,"7.0","9.0","7.0","21.0","2.0","16.0",,"84.0","84.0","1.0","12.0","4.0",230529.783653718,2685657.11036904,"2.0",
"3171","3172.0","66000",387130000C,(04)23274275,(04)23288582,"2025","1","8","17","28",臺中市,北區,"0","1","0","7.0","1.0","6.0","50.0","4.0","1.0","1.0","5.0","4.0","6.0","6.0","4.0","4.0","10.0","5.0","5.0","2.0","16.0","2.0","9.0","5.0","4.0",F01,"7.0","6.0","7.0","21.0","2.0","14.0",,"48.0","48.0","1.0","13.0","4.0",219243.783381976,2672691.37776589,"2.0",
"3272","3273.0","66000",387130000C,(04)23274275,(04)23288582,"2025","1","8","20","16",臺中市,大肚區,"0","2","0","7.0","1.0","6.0","50.0","3.0","1.0","1.0","5.0","4.0","6.0","6.0","4.0","4.0","10.0","5.0","5.0","2.0","17.0","2.0","9.0","4.0","1.0",F01,"7.0","9.0","7.0","21.0","2.0","11.0",,"84.0","84.0","1.0","6.0","4.0",205875.383225679,2668917.56612871,"2.0",
"3283","3284.0","66000",387130000C,(04)23274275,(04)23288582,"2025","1","8","20","59",臺中市,西屯區,"0","1","0","7.0","1.0","6.0","50.0","4.0","1.0","1.0","5.0","4.0","6.0","6.0","1.0","1.0","10.0","5.0","5.0","2.0","16.0","2.0","8.0","6.0","4.0",F01,"7.0","6.0","7.0","21.0","1.0","14.0","12.0","48.0","48.0","1.0","12.0","4.0",214690.181293139,2672400.26466353,"2.0",
"3492","3493.0","66000",387130000C,(04)23274275,(04)23288582,"2025","1","9","13","0",臺中市,南屯區,"0","2","0","7.0","3.0","6.0","50.0","4.0","1.0","1.0","5.0","4.0","6.0","6.0","1.0","1.0","5.0","2.0","5.0","2.0","15.0","2.0","9.0","1.0","1.0",F02,"7.0","9.0","7.0","21.0","2.0","14.0",,"21.0","21.0","1.0","12.0","4.0",210678.755549676,2670610.84718241,"2.0",
"3573","3574.0","66000",387130000C,(04)23274275,(04)23288582,"2025","1","9","16","34",臺中市,龍井區,"0","2","0","7.0","3.0","6.0","50.0","13.0","9.0","1.0","5.0","4.0","6.0","6.0","4.0","4.0","5.0","5.0","5.0","1.0","13.0","2.0","9.0","6.0","1.0",F01,"7.0","9.0","7.0","21.0","9.0","11.0",,"59.0","59.0","1.0","4.0","4.0",202513.084487476,2677366.99417396,"2.0",
"3657","3658.0","66000",387130000C,(04)23274275,(04)23288582,"2025","1","9","18","40",臺中市,南屯區,"0","1","0","7.0","1.0","6.0","50.0","3.0","1.0","1.0","5.0","4.0","6.0","6.0","4.0","4.0","1.0","4.0","4.0","2.0","20.0","2.0","9.0","6.0","1.0",F01,"7.0","9.0","7.0","21.0","2.0","11.0",,"59.0","59.0","1.0","3.0","1.0",214081.683396462,2671435.25985366,"2.0",
"3681","3682.0","66000",387130000C,(04)23274275,(04)23288582,"2025","1","9","19","23",臺中市,大里區,"0","0","0","7.0",,,"50.0",,,,,,,,,,,,,,"30.0",,,,,F02,,,"1.0",,"2.0",,,"58.0","58.0","1.0","13.0","4.0",120.679725,24.095736,"3.0",
"3685","3686.0","66000",387130000C,(04)23274275,(04)23288582,"2025","1","9","19","31",臺中市,大甲區,"0","2","0","7.0","1.0","6.0","50.0","3.0","2.0","1.0","5.0","4.0","6.0","6.0","4.0","4.0","9.0","5.0","5.0","1.0","12.0","3.0","10.0","6.0","1.0",F01,"7.0","9.0","7.0","21.0","2.0","16.0",,"42.0","42.0","1.0","6.0","4.0",120.625923,24.346811,"2.0",
"3739","3740.0","66000",387130000C,(04)23274275,(04)23288582,"2025","1","9","23","37",臺中市,西區,"0","1","0","7.0","1.0","6.0","50.0","3.0","1.0","1.0","5.0","4.0","6.0","6.0","4.0","4.0","9.0","5.0","5.0","2.0","16.0","2.0","9.0","6.0","4.0",F01,"7.0","5.0","7.0","21.0","2.0","11.0",,"14.0","14.0","1.0","13.0","4.0",215337.900388348,2671896.85751858,"2.0",
"3817","3818.0","66000",387130000C,(04)23274275,(04)23288582,"2025","1","10","7","59",臺中市,北屯區,"0","0","0","7.0",,,"50.0",,,,,,,,,,,,,,"13.0",,,,,F01,,,"7.0",,"2.0",,,"7.0","7.0","1.0","4.0","4.0",120.694646,24.166168,"3.0",
"3823","3824.0","66000",387130000C,(04)23274275,(04)23288582,"2025","1","10","8","3",臺中市,北區,"0","0","0","7.0",,,"50.0",,,,,,,,,,,,,,,,,,,F01,,,,,,,,"84.0","84.0","1.0",,"4.0",120.676845,24.155729,"3.0",
"3859","3860.0","66000",387130000C,(04)23274275,(04)23288582,"2025","1","10","8","50",臺中市,中區,"0","1","0","7.0","2.0","6.0","50.0","4.0","1.0","1.0","5.0","4.0","6.0","6.0","2.0","1.0","10.0","5.0","5.0","2.0","18.0","2.0","7.0","6.0","1.0",F01,"7.0","9.0","7.0","21.0","2.0","12.0",,"43.0","43.0","1.0","5.0","4.0",217197.340481092,2670589.35325079,"2.0",
"4074","4075.0","66000",387130000C,(04)23274275,(04)23288582,"2025","1","10","15","57",臺中市,霧峰區,"0","2","0","7.0","3.0","6.0","50.0","3.0","1.0","1.0","5.0","4.0","6.0","6.0","4.0","4.0","10.0","5.0","5.0","2.0","16.0","2.0","9.0","6.0","1.0",F01,"7.0","6.0","7.0","21.0","1.0","11.0",,"48.0","48.0","1.0","2.0","4.0",219212.343553269,2662505.62660019,"2.0",
"4133","4134.0","66000",387130000C,(04)23274275,(04)23288582,"2025","1","10","17","16",臺中市,大甲區,"0","0","0","7.0",,,"50.0",,,,,,,,,,,,,,,,,,,F01,,,"7.0",,"2.0",,,"39.0","39.0","1.0","3.0","4.0",120.62315,24.349804,"3.0",
"4245","4246.0","66000",387130000C,(04)23274275,(04)23288582,"2025","1","10","19","14",臺中市,北屯區,"0","1","0","7.0","1.0","6.0","50.0","13.0","9.0","1.0","5.0","4.0","6.0","6.0","4.0","4.0","5.0","4.0","5.0","2.0","11.0","2.0","9.0","6.0","1.0",F01,"7.0","9.0","7.0","21.0","2.0","14.0",,"84.0","84.0","1.0","13.0","4.0",219478.634821787,2673928.73652606,"2.0",
"4275","4276.0","66000",387130000C,(04)23274275,(04)23288582,"2025","1","10","20","16",臺中市,西屯區,"0","2","0","7.0","1.0","6.0","50.0","3.0","2.0","1.0","5.0","4.0","6.0","6.0","4.0","4.0","5.0","5.0","4.0","2.0","16.0","2.0","8.0","6.0","1.0",F01,"7.0","11.0","7.0","21.0","5.0","14.0",,"45.0","45.0","1.0","6.0","4.0",214147.04361873,2673980.9411423,"2.0",
"4461","4462.0","66000",387130000C,(04)23274275,(04)23288582,"2025","1","11","11","48",臺中市,大里區,"0","1","0","7.0","3.0","6.0","40.0","3.0","1.0","1.0","5.0","4.0","6.0","6.0","4.0","4.0","10.0","5.0","5.0","2.0","16.0","3.0","10.0","6.0","1.0",F01,"7.0","6.0","7.0","21.0","2.0","11.0",,"14.0","14.0","1.0","6.0","4.0",120.691096,24.084803,"2.0",
"4466","4467.0","66000",387130000C,(04)23274275,(04)23288582,"2025","1","11","11","58",臺中市,西屯區,"0","2","0","7.0","2.0","6.0","50.0","3.0","2.0","1.0","5.0","4.0","6.0","6.0","4.0","4.0","5.0","5.0","5.0","2.0","16.0","2.0","9.0","4.0","1.0",F01,"7.0","6.0","7.0","21.0","2.0","14.0",,"48.0","48.0","1.0","13.0","4.0",215504.115946369,2676946.39558359,"2.0",
"4637","4638.0","66000",387130000C,(04)23274275,(04)23288582,"2025","1","11","17","57",臺中市,大里區,"0","0","0","7.0",,,"50.0",,,,,,,,,,,,,,"15.0",,,,,F01,,,"1.0",,"2.0",,,"21.0","21.0","1.0","13.0","4.0",120.70361,24.107674,"3.0",
"4715","4716.0","66000",387130000C,(04)23274275,(04)23288582,"2025","1","11","21","0",臺中市,豐原區,"0","1","0","7.0","1.0","6.0","50.0","13.0","9.0","1.0","5.0","4.0","6.0","6.0","4.0","4.0","5.0","5.0","5.0","1.0","17.0","2.0","9.0","5.0","4.0",F02,"7.0","9.0","7.0","21.0","8.0","14.0",,"84.0","84.0","1.0","13.0","4.0",219713.818763818,2682905.65616082,"2.0",
"4776","4777.0","66000",387130000C,(04)23274275,(04)23288582,"2025","1","12","9","12",臺中市,龍井區,"0","2","0","7.0","3.0","6.0","50.0","3.0","1.0","1.0","5.0","4.0","6.0","6.0","4.0","4.0","9.0","5.0","5.0","1.0","17.0","2.0","8.0","4.0","1.0",F01,"7.0","6.0","7.0","21.0","1.0","14.0",,"20.0","20.0","1.0","2.0","4.0",202311.523632869,2675396.14385417,"2.0",
"5032","5033.0","66000",387130000C,(04)23274275,(04)23288582,"2025","1","12","18","55",臺中市,大肚區,"0","2","0","7.0","1.0","6.0","30.0","4.0","1.0","1.0","5.0","4.0","6.0","6.0","4.0","4.0","10.0","5.0","5.0","2.0","16.0","2.0","9.0","4.0","1.0",F01,"7.0","6.0","7.0","21.0","2.0","13.0",,"14.0","14.0","1.0","2.0","4.0",205685.746367441,2668961.45876471,"2.0",
"5056","5057.0","66000",387130000C,(04)23274275,(04)23288582,"2025","1","12","20","22",臺中市,豐原區,"0","1","0","7.0","1.0","6.0","50.0","3.0","2.0","1.0","5.0","4.0","6.0","6.0","2.0","1.0","5.0","5.0","4.0","1.0","11.0","2.0","7.0","6.0","1.0",F01,"7.0","9.0","7.0","21.0","2.0","11.0",,"59.0","59.0","1.0","2.0","4.0",219439.696528937,2682362.78345821,"2.0",
"5070","5071.0","66000",387130000C,(04)23274275,(04)23288582,"2025","1","12","20","59",臺中市,霧峰區,"0","1","0","6.0","2.0","6.0","50.0","13.0","9.0","1.0","5.0","4.0","6.0","6.0","4.0","4.0","5.0","4.0","5.0","1.0","17.0","2.0","5.0","1.0","1.0",F01,"7.0","8.0","7.0","21.0","11.0","14.0",,"40.0","40.0","1.0","13.0","4.0",216769.577472297,2662040.19096774,"2.0",
"5127","5128.0","66000",387130000C,(04)23274275,(04)23288582,"2025","1","13","7","13",臺中市,烏日區,"0","2","0","7.0","2.0","6.0","50.0","4.0","1.0","1.0","5.0","4.0","6.0","6.0","4.0","4.0","10.0","5.0","5.0","2.0","15.0","2.0","9.0","5.0","4.0",F01,"7.0","9.0","7.0","21.0","2.0","12.0",,"15.0","15.0","1.0","13.0","1.0",210617.853888922,2667108.72120173,"2.0",
"5303","5304.0","66000",387130000C,(04)23274275,(04)23288582,"2025","1","13","11","18",臺中市,南區,"0","0","0","7.0",,,"50.0",,,,,,,,,,,,,,,,,,,F01,,,"7.0",,"2.0",,,"4.0","4.0","1.0","13.0","4.0",120.679313,24.131395,"3.0",
"5523","5524.0","66000",387130000C,(04)23274275,(04)23288582,"2025","1","13","17","43",臺中市,西屯區,"0","0","0","7.0",,,"50.0",,,,,,,,,,,,,,"12.0",,,,,F01,,,"7.0",,"1.0",,,"59.0","59.0","1.0","12.0","4.0",120.654064,24.156083,"3.0",
"5570","5571.0","66000",387130000C,(04)23274275,(04)23288582,"2025","1","13","19","5",臺中市,大里區,"0","2","0","7.0","2.0","6.0","50.0","13.0","9.0","1.0","5.0","4.0","6.0","6.0","4.0","4.0","5.0","5.0","5.0","1.0","17.0","2.0","9.0","5.0","4.0",F01,"7.0","11.0","7.0","21.0","2.0","11.0",,"39.0","39.0","1.0","12.0","4.0",219055.671320337,2664209.96145087,"2.0",
"5723","5724.0","66000",387130000C,(04)23274275,(04)23288582,"2025","1","14","8","3",臺中市,太平區,"0","2","0","7.0","2.0","6.0","50.0","3.0","1.0","1.0","5.0","4.0","6.0","6.0","4.0","4.0","10.0","5.0","5.0","2.0","17.0","2.0","8.0","4.0","1.0",F01,"7.0","6.0","7.0","21.0","2.0","11.0",,"14.0","14.0","1.0","12.0","4.0",221401.759889933,2669064.11446152,"2.0",
"5733","5734.0","66000",387130000C,(04)23274275,(04)23288582,"2025","1","14","8","10",臺中市,南屯區,"0","2","0","7.0","1.0","6.0","50.0","4.0","9.0","1.0","5.0","4.0","6.0","6.0","4.0","4.0","10.0","5.0","5.0","2.0","17.0","2.0","7.0","4.0","1.0",F01,"7.0","6.0","7.0","21.0","2.0","12.0",,"39.0","39.0","1.0","6.0","4.0",210373.21769952,2670819.90757872,"2.0",
"5785","5786.0","66000",387130000C,(04)23274275,(04)23288582,"2025","1","14","9","16",臺中市,北屯區,"0","0","0","7.0",,,"50.0",,,,,,,,,,,,,,"17.0",,,,,F01,,,"1.0",,"2.0",,,"4.0","4.0","1.0","12.0","4.0",120.701729,24.16951,"3.0",