field_1,序號,縣市別代碼,機關代碼,市話,傳真,年,月,日,時,分,縣市,區,死亡數量,受傷數量,2-30,天候,道路照明設備,道路類別,道路速限,道路型態,事故位置,路面鋪裝,路面狀態,路面缺陷,障礙物,視距,號誌種類,號誌動作,分向設施,快車道或一般車道間,快慢車道間,路面邊線,事故類型及型態,受傷程度,主要傷處,保護裝備,行動電話或功能裝置,當事者區分(類別),車輛用途,當事者行動狀態,駕照狀態,駕照種類,飲酒情形,車輛撞擊部位最初,車輛撞擊部位其他,肇事因素個別,肇事因素主要,肇事逃逸,職業,共享經濟或外送平台,GPS座標X,GPS座標Y,事故類別,﻿序號
"6065","6066.0","66000",387130000C,(04)23274275,(04)23288582,"2025","1","14","18","6",臺中市,南屯區,"0","1","0","7.0","1.0","6.0","50.0","13.0","8.0","1.0","5.0","4.0","6.0","6.0","2.0","1.0","5.0","2.0","4.0","2.0","18.0","2.0","9.0","6.0","4.0",F02,"7.0","9.0","7.0","21.0","2.0","14.0",,"59.0","59.0","1.0","6.0","4.0",212767.592778619,2671493.01574409,"2.0",
"6218","6219.0","66000",387130000C,(04)23274275,(04)23288582,"2025","1","15","7","34",臺中市,西區,"0","2","0","5.0","2.0","6.0","50.0","4.0","1.0","1.0","4.0","4.0","6.0","6.0","1.0","1.0","10.0","5.0","5.0","2.0","12.0","2.0","9.0","2.0","1.0",F01,"7.0","6.0","7.0","21.0","2.0","14.0",,"48.0","48.0","1.0","12.0","4.0",216834.471589613,2672011.46235993,"2.0",
"6369","6370.0","66000",387130000C,(04)23274275,(04)23288582,"2025","1","15","11","4",臺中市,北屯區,"0","0","0","7.0",,,"0.0",,,,,,,,,,,,,,"18.0",,,,,F01,,,"7.0",,"1.0",,,"59.0","59.0","1.0","12.0","4.0",120.673944,24.174636,"4.0",
"6472","6473.0","66000",387130000C,(04)23274275,(04)23288582,"2025","1","15","15","15",臺中市,西區,"0","0","0","7.0",,,"50.0",,,,,,,,,,,,,,,,,,,F01,,,"1.0",,"1.0",,,"84.0","84.0","1.0","12.0","4.0",120.667901,24.134882,"3.0",
"6545","6546.0","66000",387130000C,(04)23274275,(04)23288582,"2025","1","15","17","16",臺中市,豐原區,"0","2","0","7.0","2.0","6.0","50.0","4.0","1.0","1.0","5.0","4.0","6.0","6.0","1.0","1.0","5.0","5.0","4.0","2.0","13.0","3.0","10.0","5.0","4.0",F01,"7.0","6.0","7.0","21.0","2.0","16.0",,"48.0","48.0","1.0","13.0","4.0",120.715055,24.247065,"2.0",
"6612","6613.0","66000",387130000C,(04)23274275,(04)23288582,"2025","1","15","18","35",臺中市,潭子區,"0","2","0","7.0","1.0","6.0","50.0","5.0","1.0","1.0","5.0","4.0","6.0","6.0","1.0","1.0","1.0","3.0","4.0","1.0","17.0","2.0","8.0","6.0","1.0",F01,"7.0","1.0","7.0","21.0","2.0","14.0",,"84.0","84.0","1.0","13.0","4.0",219293.279226236,2679040.53858671,"2.0",
"6632","6633.0","66000",387130000C,(04)23274275,(04)23288582,"2025","1","15","18","55",臺中市,神岡區,"0","2","0","7.0","2.0","6.0","40.0","3.0","1.0","1.0","5.0","4.0","6.0","6.0","3.0","1.0","10.0","5.0","5.0","2.0","17.0","2.0","9.0","6.0","1.0",F01,"7.0","6.0","7.0","21.0","2.0","12.0",,"48.0","48.0","1.0","13.0","4.0",215333.164574967,2684638.35046031,"2.0",
"6728","6729.0","66000",387130000C,(04)23274275,(04)23288582,"2025","1","16","7","30",臺中市,南區,"0","1","0","7.0","2.0","6.0","50.0","4.0","2.0","1.0","5.0","4.0","6.0","6.0","2.0","1.0","10.0","5.0","5.0","2.0","30.0","2.0","9.0","6.0","1.0",F01,"7.0","9.0","7.0","21.0","2.0","14.0",,"85.0","85.0","1.0","12.0","4.0",214276.919894788,2668319.44878465,"2.0",
"6856","6857.0","66000",387130000C,(04)23274275,(04)23288582,"2025","1","16","11","38",臺中市,北屯區,"0","2","0","6.0","2.0","6.0","50.0","4.0","1.0","1.0","5.0","4.0","6.0","6.0","2.0","1.0","1.0","3.0","5.0","2.0","12.0","2.0","9.0","6.0","1.0",F01,"7.0","6.0","7.0","21.0","2.0","11.0",,"26.0","26.0","1.0","12.0","4.0",219123.100779884,2673645.42746321,"2.0",
"6938","6939.0","66000",387130000C,(04)23274275,(04)23288582,"2025","1","16","14","54",臺中市,龍井區,"0","1","0","7.0","2.0","6.0","50.0","4.0","2.0","1.0","5.0","4.0","6.0","6.0","1.0","1.0","1.0","4.0","5.0","1.0","16.0","2.0","9.0","6.0","1.0",F01,"7.0","8.0","7.0","21.0","2.0","14.0",,"40.0","40.0","1.0","12.0","4.0",203945.360261826,2676869.53354051,"2.0",
"6973","6974.0","66000",387130000C,(04)23274275,(04)23288582,"2025","1","16","16","14",臺中市,大里區,"0","2","0","7.0","2.0","6.0","50.0","13.0","9.0","1.0","5.0","4.0","6.0","6.0","4.0","4.0","5.0","5.0","5.0","1.0","2.0","2.0","9.0","1.0","1.0",F01,"7.0","9.0","7.0","21.0","2.0","11.0",,"84.0","84.0","1.0","2.0","4.0",219356.40843726,2666943.39942091,"2.0",
"6981","6982.0","66000",387130000C,(04)23274275,(04)23288582,"2025","1","16","16","31",臺中市,北區,"0","1","0","7.0","2.0","6.0","50.0","4.0","1.0","1.0","5.0","4.0","6.0","6.0","1.0","1.0","5.0","4.0","5.0","2.0","17.0","2.0","9.0","5.0","1.0",F01,"7.0","6.0","7.0","21.0","2.0","14.0",,"48.0","48.0","1.0","13.0","4.0",217391.608968477,2674024.62895215,"2.0",
"7044","7045.0","66000",387130000C,(04)23274275,(04)23288582,"2025","1","16","17","41",臺中市,霧峰區,"0","1","0","7.0","2.0","6.0","50.0","13.0","9.0","1.0","5.0","4.0","6.0","6.0","4.0","4.0","9.0","5.0","5.0","1.0","16.0","3.0","10.0","2.0","1.0",F01,"7.0","6.0","7.0","21.0","2.0","14.0",,"48.0","48.0","1.0","6.0","4.0",120.675435,24.063492,"2.0",
"7167","7168.0","66000",387130000C,(04)23274275,(04)23288582,"2025","1","16","21","52",臺中市,東區,"0","2","0","7.0","1.0","6.0","50.0","3.0","1.0","1.0","5.0","4.0","6.0","6.0","2.0","1.0","1.0","5.0","5.0","2.0","12.0","2.0","9.0","2.0","1.0",F01,"7.0","8.0","7.0","21.0","2.0","13.0",,"40.0","40.0","1.0","6.0","1.0",218613.414085777,2669679.11276578,"2.0",
"7193","7194.0","66000",387130000C,(04)23274275,(04)23288582,"2025","1","17","2","19",臺中市,北屯區,"0","1","0","7.0","1.0","6.0","50.0","4.0","1.0","1.0","5.0","4.0","6.0","6.0","2.0","1.0","10.0","5.0","5.0","2.0","18.0","2.0","9.0","5.0","4.0",F01,"7.0","9.0","7.0","21.0","1.0","11.0","12.0","84.0","84.0","1.0","13.0","1.0",217657.366750059,2674181.73183411,"2.0",
"7231","7232.0","66000",387130000C,(04)23274275,(04)23288582,"2025","1","17","7","40",臺中市,南屯區,"0","0","0","7.0",,,"50.0",,,,,,,,,,,,,,,,,,,F01,,,"1.0",,"1.0",,,"48.0","48.0","1.0","2.0","4.0",120.61205,24.14569,"3.0",
"7422","7423.0","66000",387130000C,(04)23274275,(04)23288582,"2025","1","17","13","26",臺中市,大里區,"0","1","0","7.0","2.0","6.0","50.0","3.0","2.0","1.0","5.0","4.0","6.0","6.0","4.0","4.0","5.0","5.0","4.0","1.0","17.0","2.0","8.0","1.0","1.0",F01,"7.0","15.0","7.0","21.0","2.0","12.0",,"42.0","42.0","1.0","13.0","4.0",217851.635086614,2667383.73359503,"2.0",
"7447","7448.0","66000",387130000C,(04)23274275,(04)23288582,"2025","1","17","14","21",臺中市,西屯區,"0","0","0","7.0","3.0","6.0","30.0","13.0","9.0","1.0","5.0","4.0","6.0","6.0","4.0","4.0","10.0","5.0","5.0","2.0","11.0",,,,,F01,,,"7.0",,"1.0",,,"62.0","62.0","1.0","12.0","4.0",120.647863,24.174851,"3.0",
"7455","7456.0","66000",387130000C,(04)23274275,(04)23288582,"2025","1","17","14","40",臺中市,西區,"0","1","0","7.0","2.0","6.0","50.0","5.0","1.0","1.0","5.0","4.0","6.0","6.0","2.0","1.0","5.0","4.0","4.0","2.0","16.0","2.0","9.0","6.0","1.0",F01,"7.0","6.0","7.0","21.0","2.0","14.0",,"11.0","11.0","1.0","12.0","4.0",216317.020907229,2669696.76221854,"2.0",
"7512","7513.0","66000",387130000C,(04)23274275,(04)23288582,"2025","1","17","16","9",臺中市,沙鹿區,"0","1","0","7.0","2.0","6.0","50.0","3.0","1.0","1.0","5.0","4.0","6.0","6.0","4.0","4.0","10.0","3.0","5.0","2.0","16.0","2.0","9.0","4.0","1.0",F01,"7.0","9.0","7.0","21.0","2.0","14.0",,"39.0","39.0","1.0","4.0","4.0",205461.014588939,2681735.08714926,"2.0",
"7513","7514.0","66000",387130000C,(04)23274275,(04)23288582,"2025","1","17","16","13",臺中市,太平區,"0","1","0","7.0","3.0","6.0","50.0","3.0","1.0","1.0","5.0","4.0","6.0","6.0","4.0","4.0","10.0","5.0","5.0","2.0","16.0","2.0","9.0","6.0","1.0",F01,"7.0","1.0","7.0","21.0","2.0","11.0",,"51.0","51.0","1.0","12.0","4.0",221170.522074528,2668009.13044107,"2.0",
"7571","7572.0","66000",387130000C,(04)23274275,(04)23288582,"2025","1","17","17","33",臺中市,龍井區,"0","0","0","7.0",,,"50.0",,,,,,,,,,,,,,,,,,,F02,,,"7.0",,"1.0",,,"48.0","48.0","1.0","12.0","4.0",120.537024,24.20021,"3.0",
"7661","7662.0","66000",387130000C,(04)23274275,(04)23288582,"2025","1","17","18","46",臺中市,梧棲區,"0","0","0","7.0",,,"50.0",,,,,,,,,,,,,,"16.0",,,,,F01,,,"7.0",,"2.0",,,"43.0","43.0","1.0","3.0","4.0",120.544661,24.245173,"3.0",
"7743","7744.0","66000",387130000C,(04)23274275,(04)23288582,"2025","1","17","21","21",臺中市,南屯區,"0","1","0","7.0","1.0","6.0","50.0","4.0","1.0","1.0","5.0","4.0","6.0","6.0","1.0","1.0","10.0","5.0","5.0","2.0","16.0","2.0","8.0","1.0","1.0",F01,"7.0","6.0","7.0","21.0","1.0","14.0",,"48.0","48.0","1.0","6.0","4.0",214882.49294123,2669370.29942342,"2.0",
"7891","7892.0","66000",387130000C,(04)23274275,(04)23288582,"2025","1","18","11","10",臺中市,后里區,"0","1","0","7.0","2.0","6.0","50.0","3.0","9.0","1.0","5.0","4.0","6.0","6.0","4.0","4.0","9.0","5.0","5.0","2.0","16.0","2.0","9.0","4.0","1.0",F01,"7.0","6.0","7.0","21.0","2.0","14.0",,"20.0","20.0","1.0","12.0","4.0",220476.54144138,2688754.77381436,"2.0",
"7907","7908.0","66000",387130000C,(04)23274275,(04)23288582,"2025","1","18","11","33",臺中市,北屯區,"0","1","0","7.0","3.0","6.0","0.0","13.0","21.0","1.0","5.0","4.0","6.0","6.0","4.0","4.0","10.0","5.0","5.0","2.0","11.0","2.0","7.0","4.0","1.0",F01,"7.0","9.0","7.0","21.0","2.0","11.0",,"39.0","39.0","1.0","6.0","4.0",219645.369302984,2674973.09557347,"2.0",
"8085","8086.0","66000",387130000C,(04)23274275,(04)23288582,"2025","1","18","18","27",臺中市,南區,"0","0","0","7.0",,,"30.0",,,,,,,,,,,,,,,,,,,F01,,,"7.0",,"2.0",,,"84.0","84.0","1.0","4.0","4.0",120.668652,24.128861,"3.0",
"8178","8179.0","66000",387130000C,(04)23274275,(04)23288582,"2025","1","19","1","15",臺中市,豐原區,"0","1","0","7.0","1.0","6.0","50.0","13.0","7.0","1.0","5.0","4.0","6.0","6.0","4.0","4.0","5.0","4.0","4.0","2.0","18.0","2.0","9.0","4.0","1.0",F02,"7.0","7.0","7.0","21.0","7.0","16.0",,"53.0","53.0","1.0","12.0","4.0",222378.734068414,2682119.40724447,"2.0",
"8182","8183.0","66000",387130000C,(04)23274275,(04)23288582,"2025","1","19","4","46",臺中市,南區,"0","1","0","7.0","1.0","6.0","50.0","4.0","1.0","1.0","3.0","4.0","6.0","6.0","2.0","1.0","10.0","5.0","5.0","2.0","16.0","2.0","9.0","6.0","1.0",F01,"7.0","6.0","7.0","21.0","2.0","13.0",,"48.0","48.0","1.0","12.0","4.0",215680.195233431,2668449.78745652,"2.0",
"8261","8262.0","66000",387130000C,(04)23274275,(04)23288582,"2025","1","19","11","47",臺中市,梧棲區,"0","1","0","7.0","2.0","6.0","30.0","13.0","9.0","1.0","5.0","4.0","6.0","6.0","4.0","4.0","10.0","5.0","5.0","2.0","13.0","2.0","7.0","6.0","1.0",F01,"7.0","9.0","7.0","21.0","2.0","11.0",,"58.0","58.0","1.0","13.0","4.0",202453.899777992,2682045.1121739,"2.0",
"8315","8316.0","66000",387130000C,(04)23274275,(04)23288582,"2025","1","19","14","13",臺中市,北區,"0","2","0","7.0","3.0","6.0","50.0","4.0","1.0","1.0","5.0","4.0","6.0","6.0","1.0","1.0","5.0","2.0","4.0","2.0","16.0","2.0","9.0","5.0","4.0",F02,"7.0","6.0","7.0","21.0","2.0","14.0",,"11.0","11.0","1.0","13.0","4.0",217134.208749515,2672825.89562685,"2.0",
"8316","8317.0","66000",387130000C,(04)23274275,(04)23288582,"2025","1","19","14","14",臺中市,北區,"0","1","0","7.0","2.0","6.0","40.0","13.0","9.0","1.0","5.0","4.0","6.0","6.0","4.0","4.0","5.0","5.0","5.0","2.0","17.0","2.0","9.0","6.0","1.0",F01,"7.0","9.0","7.0","21.0","2.0","11.0",,"84.0","84.0","1.0","12.0","4.0",217017.398881395,2671970.50226203,"2.0",
"8465","8466.0","66000",387130000C,(04)23274275,(04)23288582,"2025","1","19","19","30",臺中市,東區,"0","2","0","7.0","1.0","6.0","50.0","13.0","9.0","1.0","5.0","4.0","6.0","6.0","2.0","1.0","5.0","5.0","5.0","2.0","17.0","2.0","8.0","5.0","4.0",F02,"7.0","9.0","7.0","21.0","2.0","11.0",,"82.0","82.0","1.0","6.0","4.0",220411.607880679,2670069.53568875,"2.0",
"8548","8549.0","66000",387130000C,(04)23274275,(04)23288582,"2025","1","20","7","35",臺中市,烏日區,"0","1","0","7.0","2.0","6.0","40.0","13.0","8.0","1.0","5.0","4.0","6.0","6.0","4.0","4.0","1.0","5.0","4.0","2.0","18.0","2.0","9.0","1.0","1.0",F02,"7.0","9.0","7.0","21.0","2.0","14.0",,"84.0","84.0","1.0","6.0","4.0",214152.934941,2663839.45175446,"2.0",
"8677","8678.0","66000",387130000C,(04)23274275,(04)23288582,"2025","1","20","10","33",臺中市,東區,"0","1","0","7.0","2.0","6.0","50.0","13.0","7.0","1.0","5.0","4.0","6.0","6.0","4.0","4.0","5.0","5.0","4.0","2.0","18.0","2.0","9.0","1.0","1.0",F01,"7.0","9.0","7.0","21.0","2.0","14.0",,"84.0","84.0","1.0","12.0","1.0",219435.701248546,2671349.21704989,"2.0",
"8693","8694.0","66000",387130000C,(04)23274275,(04)23288582,"2025","1","20","11","8",臺中市,南屯區,"0","2","0","7.0","2.0","6.0","0.0","13.0","21.0","2.0","5.0","4.0","6.0","6.0","4.0","4.0","10.0","5.0","5.0","2.0","17.0","2.0","8.0","6.0","1.0",F01,"7.0","3.0","7.0","21.0","2.0","14.0",,"39.0","39.0","1.0","12.0","4.0",213411.815085279,2671852.83798841,"2.0",
"8844","8845.0","66000",387130000C,(04)23274275,(04)23288582,"2025","1","20","16","6",臺中市,烏日區,"0","0","0","7.0",,,"50.0",,,,,,,,,,,,,,"10.0",,,,,F01,,,"7.0",,"1.0",,,"4.0","4.0","1.0","4.0","4.0",120.631619,24.109021,"3.0",
"8860","8861.0","66000",387130000C,(04)23274275,(04)23288582,"2025","1","20","16","27",臺中市,北區,"0","1","0","7.0","3.0","6.0","50.0","3.0","1.0","1.0","5.0","4.0","6.0","6.0","4.0","4.0","5.0","5.0","5.0","2.0","15.0","2.0","9.0","6.0","1.0",F01,"7.0","9.0","7.0","21.0","2.0","13.0",,"20.0","20.0","1.0","12.0","4.0",217318.224287597,2673351.20785247,"2.0",
"8867","8868.0","66000",387130000C,(04)23274275,(04)23288582,"2025","1","20","16","33",臺中市,清水區,"0","1","0","7.0","2.0","6.0","50.0","4.0","24.0","1.0","5.0","4.0","6.0","6.0","1.0","1.0","8.0","3.0","4.0","1.0","17.0","2.0","9.0","1.0","1.0",F01,"7.0","6.0","7.0","21.0","2.0","12.0",,"85.0","85.0","1.0","12.0","4.0",205352.728486358,2685815.61169442,"2.0",
"8945","8946.0","66000",387130000C,(04)23274275,(04)23288582,"2025","1","20","18","20",臺中市,北屯區,"0","1","0","7.0","1.0","6.0","0.0","15.0","21.0","1.0","5.0","2.0","6.0","6.0","4.0","4.0","10.0","5.0","5.0","2.0","18.0","2.0","9.0","1.0","1.0",F01,"7.0","9.0","7.0","21.0","2.0","11.0",,"30.0","30.0","1.0","12.0","4.0",219731.89547092,2675241.48285639,"2.0",
"8963","8964.0","66000",387130000C,(04)23274275,(04)23288582,"2025","1","20","18","41",臺中市,太平區,"0","0","0","7.0",,,"50.0",,,,,,,,,,,,,,"17.0",,,,,F01,,,"7.0",,"9.0",,,"84.0","84.0","1.0","3.0","4.0",120.712775,24.159863,"3.0",
"9043","9044.0","66000",387130000C,(04)23274275,(04)23288582,"2025","1","21","6","33",臺中市,太平區,"0","2","0","7.0","3.0","6.0","50.0","3.0","1.0","1.0","5.0","4.0","6.0","6.0","1.0","1.0","10.0","5.0","5.0","2.0","17.0","2.0","9.0","6.0","4.0",F01,"7.0","11.0","7.0","21.0","2.0","13.0",,"45.0","45.0","1.0","12.0","4.0",221684.582099494,2668527.18608622,"2.0",
"9049","9050.0","66000",387130000C,(04)23274275,(04)23288582,"2025","1","21","7","15",臺中市,大雅區,"0","1","0","7.0","1.0","6.0","50.0","3.0","1.0","1.0","5.0","4.0","6.0","6.0","1.0","1.0","10.0","5.0","5.0","2.0","13.0","2.0","8.0","2.0","1.0",F01,"7.0","9.0","7.0","21.0","2.0","11.0","12.0","7.0","7.0","1.0","12.0","4.0",213259.080778338,2682377.02044115,"2.0",
"9136","9137.0","66000",387130000C,(04)23274275,(04)23288582,"2025","1","21","9","38",臺中市,西區,"0","0","0","7.0",,,"30.0",,,,,,,,,,,,,,,,,,,F01,,,"7.0",,"9.0",,,"84.0","84.0","1.0","3.0","5.0",120.655882,24.140932,"3.0",
"9159","9160.0","66000",387130000C,(04)23274275,(04)23288582,"2025","1","21","10","25",臺中市,大甲區,"0","1","0","7.0","2.0","6.0","50.0","13.0","9.0","1.0","5.0","4.0","6.0","6.0","4.0","4.0","9.0","5.0","5.0","1.0","17.0","2.0","9.0","1.0","1.0",F01,"7.0","9.0","7.0","21.0","2.0","11.0",,"84.0","84.0","1.0","12.0","4.0",212487.900036182,2694453.86647399,"2.0",
"9195","9196.0","66000",387130000C,(04)23274275,(04)23288582,"2025","1","21","11","30",臺中市,豐原區,"0","1","0","7.0","2.0","6.0","50.0","13.0","7.0","1.0","5.0","4.0","6.0","6.0","4.0","4.0","9.0","5.0","4.0","2.0","12.0","3.0","10.0","5.0","4.0",F01,"7.0","11.0","7.0","21.0","2.0","13.0",,"84.0","84.0","1.0","13.0","4.0",120.722426,24.250482,"2.0",
"9225","9226.0","66000",387130000C,(04)23274275,(04)23288582,"2025","1","21","12","40",臺中市,大里區,"0","2","0","7.0","2.0","6.0","40.0","4.0","9.0","1.0","5.0","4.0","6.0","6.0","1.0","1.0","5.0","5.0","5.0","2.0","16.0","2.0","8.0","6.0","1.0",F01,"7.0","9.0","7.0","21.0","2.0","12.0",,"1.0","1.0","1.0","13.0","4.0",219394.35959536,2664778.5966559,"2.0",
"9297","9298.0","66000",387130000C,(04)23274275,(04)23288582,"2025","1","21","15","9",臺中市,大里區,"0","0","0","7.0",,,"30.0",,,,,,,,,,,,,,"12.0",,,,,F01,,,,,,,,"86.0","86.0","1.0",,,120.705425,24.106806,"3.0",
"9374","9375.0","66000",387130000C,(04)23274275,(04)23288582,"2025","1","21","17","32",臺中市,南屯區,"0","1","0","7.0","3.0","6.0","30.0","4.0","1.0","1.0","5.0","4.0","6.0","6.0","4.0","4.0","10.0","5.0","5.0","2.0","16.0","2.0","9.0","1.0","1.0",F02,"7.0","5.0","7.0","21.0","2.0","11.0",,"14.0","14.0","1.0","12.0","4.0",213455.488978555,2670140.95188079,"2.0",
"9720","9721.0","66000",387130000C,(04)23274275,(04)23288582,"2025","1","22","15","30",臺中市,太平區,"0","1","0","7.0","2.0","6.0","50.0","3.0","1.0","1.0","5.0","4.0","6.0","6.0","4.0","4.0","10.0","5.0","5.0","2.0","15.0","2.0","8.0","6.0","1.0",F02,"7.0","1.0","7.0","21.0","2.0","14.0",,"51.0","51.0","1.0","13.0","4.0",223008.045888772,2671112.96237488,"2.0",
"9734","9735.0","66000",387130000C,(04)23274275,(04)23288582,"2025","1","22","16","4",臺中市,南區,"0","0","0","5.0",,,"50.0",,,,,,,,,,,,,,,,,,,F01,,,"1.0",,"1.0",,,"84.0","84.0","1.0","12.0","4.0",120.664361,24.113629,"3.0",
"9738","9739.0","66000",387130000C,(04)23274275,(04)23288582,"2025","1","22","16","7",臺中市,西屯區,"0","0","0","7.0",,,"50.0",,,,,,,,,,,,,,"11.0",,,,,F01,,,"7.0",,"2.0",,,"34.0","34.0","1.0","12.0","4.0",120.657214,24.162633,"3.0",
"9743","9744.0","66000",387130000C,(04)23274275,(04)23288582,"2025","1","22","16","10",臺中市,石岡區,"0","1","0","6.0","1.0","6.0","70.0","5.0","1.0","1.0","5.0","4.0","6.0","6.0","1.0","1.0","10.0","5.0","5.0","1.0","15.0","2.0","8.0","5.0","4.0",F02,"7.0","9.0","7.0","21.0","2.0","11.0",,"84.0","84.0","1.0","12.0","4.0",227353.500255065,2685396.03329666,"2.0",
"9767","9768.0","66000",387130000C,(04)23274275,(04)23288582,"2025","1","22","17","15",臺中市,神岡區,"0","1","0","6.0","2.0","6.0","50.0","13.0","9.0","1.0","5.0","4.0","6.0","6.0","4.0","4.0","5.0","5.0","5.0","1.0","17.0","2.0","9.0","6.0","1.0",F01,"7.0","9.0","7.0","21.0","2.0","11.0",,"84.0","84.0","1.0","2.0","4.0",219667.346147681,2682827.01072147,"2.0",
"9823","9824.0","66000",387130000C,(04)23274275,(04)23288582,"2025","1","22","18","22",臺中市,南區,"0","0","0","7.0",,,"30.0",,,,,,,,,,,,,,"17.0",,,,,F01,,,"7.0",,"1.0",,,"59.0","59.0","1.0","2.0","4.0",120.650522,24.117007,"4.0",
"9967","9968.0","66000",387130000C,(04)23274275,(04)23288582,"2025","1","23","7","30",臺中市,西屯區,"0","1","0","5.0","2.0","9.0","0.0","13.0","21.0","4.0","4.0","4.0","6.0","6.0","4.0","4.0","10.0","5.0","5.0","2.0","18.0","2.0","9.0","5.0","4.0",F01,"7.0","9.0","7.0","21.0","2.0","14.0",,"59.0","59.0","1.0","12.0","4.0",214057.899149539,2672439.72495824,"2.0",
"9978","9979.0","66000",387130000C,(04)23274275,(04)23288582,"2025","1","23","7","44",臺中市,豐原區,"0","0","0","7.0",,,"50.0",,,,,,,,,,,,,,"17.0",,,,,F01,,,"7.0",,"2.0",,,"4.0","4.0","1.0","12.0","4.0",120.716895,24.25762,"4.0",
"10057","10058.0","66000",387130000C,(04)23274275,(04)23288582,"2025","1","23","10","33",臺中市,北區,"0","1","0","7.0","2.0","6.0","50.0","13.0","9.0","1.0","5.0","4.0","6.0","6.0","4.0","4.0","8.0","3.0","5.0","2.0","18.0","2.0","9.0","6.0","1.0",F01,"7.0","9.0","7.0","21.0","2.0","14.0",,"84.0","84.0","1.0","13.0","4.0",217971.216379921,2672280.30915617,"2.0",
"10143","10144.0","66000",387130000C,(04)23274275,(04)23288582,"2025","1","23","13","46",臺中市,梧棲區,"0","0","0","7.0",,,"50.0",,,,,,,,,,,,,,"17.0",,,,,F01,,,"7.0",,"1.0",,,"84.0","84.0","1.0","4.0","1.0",120.556159,24.241421,"3.0",
"10152","10153.0","66000",387130000C,(04)23274275,(04)23288582,"2025","1","23","14","17",臺中市,大甲區,"0","3","0","7.0","3.0","6.0","50.0","4.0","1.0","1.0","5.0","4.0","6.0","6.0","1.0","1.0","5.0","5.0","5.0","1.0","16.0","2.0","9.0","6.0","1.0",F01,"7.0","6.0","7.0","21.0","2.0","14.0",,"4.0","4.0","1.0","4.0","4.0",212033.664611845,2693817.46814757,"2.0",
"10204","10205.0","66000",387130000C,(04)23274275,(04)23288582,"2025","1","23","15","55",臺中市,西屯區,"0","1","0","7.0","2.0","6.0","50.0","13.0","9.0","1.0","5.0","4.0","6.0","6.0","4.0","4.0","5.0","4.0","4.0","2.0","18.0","2.0","9.0","6.0","1.0",F01,"7.0","1.0","7.0","21.0","2.0","16.0",,"84.0","84.0","1.0","13.0","4.0",215862.606330913,2673939.06300787,"2.0",
"10214","10215.0","66000",387130000C,(04)23274275,(04)23288582,"2025","1","23","16","14",臺中市,西屯區,"0","1","0","7.0","2.0","6.0","30.0","13.0","9.0","1.0","5.0","4.0","6.0","6.0","4.0","4.0","10.0","5.0","5.0","2.0","17.0","2.0","8.0","5.0","1.0",F01,"7.0","9.0","7.0","21.0","2.0","14.0",,"8.0","8.0","1.0","12.0","4.0",213303.090403648,2674929.46926833,"2.0",
"10235","10236.0","66000",387130000C,(04)23274275,(04)23288582,"2025","1","23","16","45",臺中市,大甲區,"0","2","0","7.0","2.0","6.0","50.0","4.0","2.0","1.0","5.0","4.0","6.0","6.0","2.0","1.0","10.0","5.0","5.0","2.0","16.0","2.0","9.0","4.0","1.0",F01,"7.0","9.0","7.0","21.0","2.0","12.0",,"28.0","28.0","1.0","6.0","4.0",214901.741177983,2698344.88207537,"2.0",
"10469","10470.0","66000",387130000C,(04)23274275,(04)23288582,"2025","1","24","9","15",臺中市,沙鹿區,"0","1","0","7.0","3.0","6.0","50.0","3.0","1.0","1.0","5.0","4.0","6.0","6.0","4.0","4.0","10.0","5.0","5.0","1.0","17.0","2.0","9.0","1.0","1.0",F02,"7.0","9.0","7.0","21.0","2.0","14.0",,"12.0","12.0","1.0","13.0","4.0",205758.922356849,2682173.40387383,"2.0",
"10594","10595.0","66000",387130000C,(04)23274275,(04)23288582,"2025","1","24","12","55",臺中市,北區,"0","1","0","7.0","2.0","6.0","30.0","13.0","9.0","1.0","5.0","4.0","6.0","6.0","4.0","4.0","10.0","5.0","5.0","2.0","12.0","2.0","9.0","6.0","1.0",F01,"7.0","9.0","7.0","21.0","1.0","12.0",,"59.0","59.0","1.0","13.0","4.0",216938.859008194,2673987.79757455,"2.0",
"10611","10612.0","66000",387130000C,(04)23274275,(04)23288582,"2025","1","24","13","30",臺中市,豐原區,"0","0","0","7.0",,,"50.0",,,,,,,,,,,,,,"17.0",,,,,F01,,,"7.0",,"1.0",,,"58.0","58.0","1.0","12.0","4.0",120.743871,24.253488,"3.0",
"10648","10649.0","66000",387130000C,(04)23274275,(04)23288582,"2025","1","24","15","9",臺中市,北區,"0","0","0","7.0",,,"50.0",,,,,,,,,,,,,,"17.0",,,,,F01,,,"7.0",,"2.0",,,"59.0","59.0","1.0","12.0","4.0",120.686065,24.154854,"3.0",
"10730","10731.0","66000",387130000C,(04)23274275,(04)23288582,"2025","1","24","16","58",臺中市,南區,"0","2","0","7.0","2.0","6.0","50.0","3.0","1.0","1.0","5.0","4.0","6.0","6.0","4.0","4.0","10.0","5.0","5.0","2.0","17.0","2.0","9.0","6.0","1.0",F01,"7.0","9.0","7.0","21.0","2.0","12.0",,"20.0","20.0","1.0","4.0","4.0",215374.701530717,2668976.70392372,"2.0",