field_1,序號,縣市別代碼,機關代碼,市話,傳真,年,月,日,時,分,縣市,區,死亡數量,受傷數量,2-30,天候,道路照明設備,道路類別,道路速限,道路型態,事故位置,路面鋪裝,路面狀態,路面缺陷,障礙物,視距,號誌種類,號誌動作,分向設施,快車道或一般車道間,快慢車道間,路面邊線,事故類型及型態,受傷程度,主要傷處,保護裝備,行動電話或功能裝置,當事者區分(類別),車輛用途,當事者行動狀態,駕照狀態,駕照種類,飲酒情形,車輛撞擊部位最初,車輛撞擊部位其他,肇事因素個別,肇事因素主要,肇事逃逸,職業,共享經濟或外送平台,GPS座標X,GPS座標Y,事故類別,﻿序號
"10731","10732.0","66000",387130000C,(04)23274275,(04)23288582,"2025","1","24","16","58",臺中市,南屯區,"0","1","0","7.0","2.0","6.0","50.0","13.0","9.0","1.0","5.0","4.0","6.0","6.0","4.0","4.0","9.0","5.0","5.0","2.0","18.0","2.0","1.0","6.0","1.0",F01,"7.0","9.0","7.0","21.0","2.0","12.0",,"59.0","59.0","1.0","13.0","4.0",213086.329238048,2672015.81888372,"2.0",
"10769","10770.0","66000",387130000C,(04)23274275,(04)23288582,"2025","1","24","17","36",臺中市,東區,"0","0","0","7.0",,,"40.0",,,,,,,,,,,,,,"12.0",,,,,F01,,,"7.0",,"2.0",,,"84.0","84.0","1.0","12.0","4.0",120.69225,24.126371,"3.0",
"10858","10859.0","66000",387130000C,(04)23274275,(04)23288582,"2025","1","24","20","37",臺中市,大甲區,"0","2","0","7.0","3.0","6.0","50.0","3.0","1.0","1.0","5.0","4.0","6.0","6.0","4.0","4.0","10.0","5.0","5.0","2.0","17.0","2.0","9.0","5.0","1.0",F01,"7.0","9.0","7.0","21.0","2.0","11.0",,"7.0","7.0","1.0","6.0","4.0",211947.424796102,2692428.50675397,"2.0",
"10982","10983.0","66000",387130000C,(04)23274275,(04)23288582,"2025","1","25","10","38",臺中市,北屯區,"0","0","0","7.0",,,"50.0",,,,,,,,,,,,,,"16.0",,,,,F01,,,"7.0",,"1.0",,,"21.0","21.0","1.0","4.0","4.0",120.699938,24.167567,"4.0",
"11001","11002.0","66000",387130000C,(04)23274275,(04)23288582,"2025","1","25","11","14",臺中市,西屯區,"0","1","0","7.0","2.0","6.0","50.0","3.0","2.0","1.0","5.0","4.0","6.0","6.0","4.0","4.0","5.0","5.0","5.0","2.0","16.0","2.0","9.0","5.0","4.0",F02,"7.0","6.0","7.0","21.0","2.0","11.0",,"8.0","8.0","1.0","13.0","4.0",216232.779214106,2674371.77121182,"2.0",
"11063","11064.0","66000",387130000C,(04)23274275,(04)23288582,"2025","1","25","13","43",臺中市,西屯區,"0","2","0","7.0","2.0","6.0","30.0","11.0","9.0","1.0","5.0","4.0","6.0","6.0","4.0","4.0","10.0","5.0","5.0","2.0","17.0","2.0","9.0","5.0","4.0",F01,"7.0","1.0","7.0","21.0","2.0","11.0",,"51.0","51.0","1.0","13.0","4.0",215038.208922955,2677389.32493807,"2.0",
"11112","11113.0","66000",387130000C,(04)23274275,(04)23288582,"2025","1","25","16","0",臺中市,南區,"0","0","0","7.0",,,"40.0",,,,,,,,,,,,,,"12.0",,,,,F01,,,"7.0",,"1.0",,,"85.0","85.0","1.0","12.0","4.0",120.682838,24.129928,"3.0",
"11113","11114.0","66000",387130000C,(04)23274275,(04)23288582,"2025","1","25","16","1",臺中市,后里區,"0","1","0","7.0","2.0","6.0","50.0","12.0","14.0","1.0","5.0","4.0","6.0","6.0","4.0","4.0","1.0","2.0","5.0","1.0","18.0","2.0","9.0","4.0","1.0",F01,"7.0","9.0","7.0","21.0","2.0","12.0",,"84.0","84.0","1.0","12.0","1.0",222012.391957867,2691172.48740213,"2.0",
"11115","11116.0","66000",387130000C,(04)23274275,(04)23288582,"2025","1","25","16","5",臺中市,潭子區,"0","2","0","7.0","2.0","6.0","40.0","13.0","9.0","1.0","5.0","4.0","6.0","6.0","4.0","4.0","10.0","5.0","5.0","1.0","12.0","2.0","9.0","6.0","1.0",F01,"7.0","1.0","7.0","21.0","2.0","11.0",,"51.0","51.0","1.0","13.0","4.0",221042.191881438,2677968.44055489,"2.0",
"11264","11265.0","66000",387130000C,(04)23274275,(04)23288582,"2025","1","26","6","7",臺中市,清水區,"0","1","0","7.0","3.0","6.0","50.0","3.0","1.0","1.0","5.0","4.0","6.0","6.0","4.0","4.0","5.0","5.0","5.0","2.0","16.0","2.0","9.0","4.0","1.0",F01,"7.0","6.0","7.0","21.0","2.0","12.0",,"14.0","14.0","1.0","12.0","4.0",205477.420141469,2685143.93642425,"2.0",
"11387","11388.0","66000",387130000C,(04)23274275,(04)23288582,"2025","1","26","12","55",臺中市,烏日區,"0","0","0","7.0",,,"50.0",,,,,,,,,,,,,,"17.0",,,,,F01,,,"7.0",,"1.0",,,"39.0","39.0","1.0","6.0","4.0",120.637856,24.108056,"4.0",
"11411","11412.0","66000",387130000C,(04)23274275,(04)23288582,"2025","1","26","14","0",臺中市,北區,"0","1","0","7.0","2.0","6.0","50.0","4.0","1.0","1.0","5.0","4.0","6.0","6.0","4.0","4.0","10.0","5.0","5.0","2.0","30.0","2.0","9.0","5.0","4.0",F01,"7.0","6.0","7.0","21.0","2.0","11.0",,"85.0","85.0","1.0","13.0","4.0",217725.589362144,2673216.37930118,"2.0",
"11434","11435.0","66000",387130000C,(04)23274275,(04)23288582,"2025","1","26","15","2",臺中市,神岡區,"0","1","0","6.0","2.0","9.0","15.0","13.0","24.0","1.0","5.0","4.0","6.0","6.0","1.0","1.0","5.0","5.0","5.0","2.0","9.0","4.0","11.0","6.0","1.0",F01,"7.0","9.0","7.0","21.0","2.0","11.0",,"84.0","84.0","1.0","2.0","4.0",120.656581,24.255821,"2.0",
"11702","11703.0","66000",387130000C,(04)23274275,(04)23288582,"2025","1","27","10","20",臺中市,南區,"0","0","0","7.0",,,"30.0",,,,,,,,,,,,,,"17.0",,,,,F01,,,"7.0",,"2.0",,,"84.0","84.0","1.0","12.0","4.0",120.667277,24.118657,"3.0",
"11705","11706.0","66000",387130000C,(04)23274275,(04)23288582,"2025","1","27","10","25",臺中市,西區,"0","1","0","7.0","3.0","6.0","50.0","4.0","2.0","1.0","5.0","4.0","6.0","6.0","1.0","1.0","10.0","5.0","5.0","2.0","17.0","2.0","8.0","5.0","1.0",F01,"7.0","9.0","7.0","21.0","2.0","14.0",,"84.0","84.0","1.0","12.0","4.0",216029.665351223,2669687.6985705,"2.0",
"11771","11772.0","66000",387130000C,(04)23274275,(04)23288582,"2025","1","27","12","50",臺中市,大甲區,"0","1","0","7.0","3.0","6.0","50.0","13.0","9.0","1.0","5.0","4.0","6.0","6.0","4.0","4.0","5.0","5.0","5.0","2.0","18.0","2.0","9.0","1.0","1.0",F02,"7.0","9.0","7.0","21.0","7.0","11.0",,"59.0","59.0","1.0","6.0","4.0",212939.401931757,2700809.67622785,"2.0",
"11853","11854.0","66000",387130000C,(04)23274275,(04)23288582,"2025","1","27","15","53",臺中市,太平區,"0","1","0","7.0","2.0","6.0","50.0","3.0","1.0","1.0","5.0","4.0","6.0","6.0","3.0","1.0","10.0","5.0","5.0","2.0","17.0","2.0","8.0","1.0","1.0",F01,"7.0","6.0","7.0","21.0","2.0","11.0",,"24.0","24.0","1.0","12.0","4.0",222323.200371637,2666155.65987232,"2.0",
"11911","11912.0","66000",387130000C,(04)23274275,(04)23288582,"2025","1","27","17","31",臺中市,豐原區,"0","0","0","7.0",,,"30.0",,,,,,,,,,,,,,"16.0",,,,,F02,,,"7.0",,"2.0",,,"51.0","51.0","1.0","12.0","4.0",120.726388,24.269752,"3.0",
"12096","12097.0","66000",387130000C,(04)23274275,(04)23288582,"2025","1","28","13","5",臺中市,龍井區,"0","1","0","7.0","2.0","6.0","30.0","4.0","2.0","1.0","5.0","4.0","6.0","6.0","4.0","4.0","10.0","5.0","5.0","2.0","13.0","3.0","10.0","1.0","1.0",F02,"7.0","9.0","7.0","21.0","2.0","11.0",,"7.0","7.0","1.0","12.0","4.0",120.522912,24.210985,"2.0",
"12097","12098.0","66000",387130000C,(04)23274275,(04)23288582,"2025","1","28","13","10",臺中市,霧峰區,"0","2","0","7.0","2.0","6.0","30.0","5.0","1.0","1.0","5.0","4.0","6.0","6.0","3.0","1.0","10.0","5.0","5.0","1.0","15.0","2.0","9.0","5.0","4.0",F01,"7.0","9.0","7.0","21.0","2.0","12.0",,"20.0","20.0","1.0","12.0","4.0",217444.820540324,2657480.96277651,"2.0",
"12132","12133.0","66000",387130000C,(04)23274275,(04)23288582,"2025","1","28","14","48",臺中市,太平區,"0","1","0","7.0","3.0","6.0","30.0","4.0","1.0","1.0","5.0","4.0","6.0","6.0","4.0","4.0","10.0","5.0","5.0","2.0","15.0","2.0","9.0","2.0","1.0",F01,"7.0","9.0","7.0","21.0","2.0","14.0",,"12.0","12.0","1.0","12.0","4.0",222800.851655683,2669370.58937341,"2.0",
"12249","12250.0","66000",387130000C,(04)23274275,(04)23288582,"2025","1","29","8","40",臺中市,龍井區,"0","1","0","7.0","2.0","6.0","50.0","3.0","2.0","1.0","5.0","4.0","6.0","6.0","4.0","4.0","5.0","5.0","5.0","2.0","12.0","2.0","9.0","6.0","1.0",F01,"7.0","6.0","7.0","21.0","10.0","14.0",,"48.0","48.0","1.0","12.0","4.0",201588.206130984,2678011.82610638,"2.0",
"12319","12320.0","66000",387130000C,(04)23274275,(04)23288582,"2025","1","29","14","15",臺中市,大雅區,"0","2","0","7.0","3.0","6.0","40.0","4.0","2.0","1.0","5.0","4.0","6.0","6.0","1.0","1.0","4.0","3.0","4.0","1.0","17.0","2.0","9.0","1.0","1.0",F01,"7.0","9.0","7.0","21.0","2.0","14.0",,"21.0","21.0","1.0","12.0","4.0",214425.226642716,2679771.02530731,"2.0",
"12372","12373.0","66000",387130000C,(04)23274275,(04)23288582,"2025","1","29","17","36",臺中市,石岡區,"0","1","0","7.0","1.0","6.0","10.0","18.0","13.0","1.0","5.0","4.0","6.0","6.0","4.0","4.0","5.0","5.0","5.0","1.0","18.0","2.0","9.0","5.0","4.0",F02,"7.0","9.0","7.0","21.0","2.0","12.0",,"84.0","84.0","1.0","13.0","4.0",230624.921071138,2685960.7719238,"2.0",
"12390","12391.0","66000",387130000C,(04)23274275,(04)23288582,"2025","1","29","18","36",臺中市,北屯區,"0","0","0","7.0",,,"30.0",,,,,,,,,,,,,,"17.0",,,,,F01,,,"7.0",,"1.0",,,"43.0","43.0","1.0","12.0","1.0",120.696637,24.178324,"3.0",
"12396","12397.0","66000",387130000C,(04)23274275,(04)23288582,"2025","1","29","18","59",臺中市,潭子區,"0","1","0","6.0","1.0","6.0","50.0","4.0","1.0","1.0","5.0","4.0","6.0","6.0","1.0","1.0","1.0","4.0","4.0","1.0","17.0","2.0","9.0","4.0","1.0",F01,"7.0","5.0","7.0","21.0","4.0","11.0",,"84.0","84.0","1.0","13.0","4.0",218832.622080518,2678981.62632441,"2.0",
"12506","12507.0","66000",387130000C,(04)23274275,(04)23288582,"2025","1","30","11","32",臺中市,南區,"0","0","0","7.0",,,"50.0",,,,,,,,,,,,,,,,,,,F01,,,"1.0",,"1.0",,,"84.0","84.0","1.0","12.0","4.0",120.676804,24.130958,"3.0",
"12586","12587.0","66000",387130000C,(04)23274275,(04)23288582,"2025","1","30","15","55",臺中市,大雅區,"0","1","0","7.0","2.0","6.0","40.0","13.0","8.0","1.0","5.0","4.0","6.0","6.0","4.0","4.0","5.0","4.0","4.0","1.0","17.0","2.0","9.0","2.0","1.0",F01,"7.0","9.0","7.0","21.0","2.0","14.0",,"84.0","84.0","1.0","12.0","4.0",213834.692314306,2678128.84219175,"2.0",
"12787","12788.0","66000",387130000C,(04)23274275,(04)23288582,"2025","1","31","14","24",臺中市,石岡區,"0","1","0","5.0","1.0","6.0","10.0","11.0","9.0","1.0","4.0","4.0","6.0","6.0","4.0","4.0","6.0","1.0","5.0","1.0","11.0","2.0","7.0","5.0","4.0",F02,"7.0","5.0","7.0","21.0","2.0","15.0",,"87.0","87.0","1.0","12.0","4.0",227542.779645651,2685610.25816958,"2.0",
"36",,"66000",387130000C,(04)23274275,(04)23288582,"2025","2","1","10","4",臺中市,西屯區,"0","2","0","7.0","2.0","6.0","50.0","13.0","9.0","1.0","5.0","4.0","6.0","6.0","4.0","4.0","5.0","4.0","5.0","2.0","12.0","2.0","6.0","6.0","1.0",F01,"7.0","8.0","7.0","21.0","2.0","13.0",,"85.0","85.0","1.0","12.0","4.0",211904.199191408,2675562.00095213,"2.0","37.0"
"180",,"66000",387130000C,(04)23274275,(04)23288582,"2025","2","1","17","16",臺中市,神岡區,"0","1","0","7.0","2.0","6.0","10.0","13.0","13.0","1.0","5.0","4.0","6.0","6.0","4.0","4.0","10.0","5.0","5.0","2.0","18.0","2.0","9.0","5.0","4.0",F01,"7.0","9.0","7.0","21.0","2.0","15.0",,"85.0","85.0","1.0","13.0","4.0",219069.639259195,2680680.48565498,"2.0","181.0"
"200",,"66000",387130000C,(04)23274275,(04)23288582,"2025","2","1","18","4",臺中市,潭子區,"0","2","0","5.0","1.0","6.0","50.0","5.0","1.0","1.0","4.0","4.0","6.0","6.0","1.0","1.0","1.0","4.0","4.0","1.0","12.0","2.0","7.0","6.0","1.0",F01,"7.0","9.0","7.0","21.0","2.0","14.0",,"42.0","42.0","1.0","6.0","4.0",219288.405709243,2679041.43515018,"2.0","201.0"
"203",,"66000",387130000C,(04)23274275,(04)23288582,"2025","2","1","18","7",臺中市,北屯區,"0","1","0","5.0","1.0","6.0","50.0","5.0","1.0","1.0","4.0","4.0","6.0","6.0","2.0","1.0","10.0","5.0","5.0","2.0","17.0","2.0","9.0","6.0","1.0",F01,"7.0","9.0","7.0","21.0","2.0","12.0",,"39.0","39.0","1.0","12.0","4.0",222592.09835705,2674655.34328624,"2.0","204.0"
"214",,"66000",387130000C,(04)23274275,(04)23288582,"2025","2","1","18","22",臺中市,豐原區,"0","0","0","5.0","1.0","6.0",,"13.0","7.0","1.0","4.0","4.0","6.0","6.0","4.0","4.0","5.0","5.0","4.0","1.0","12.0",,,,,F02,,"9.0",,,,,,"84.0","84.0","1.0",,,120.726096,24.245889,"3.0","215.0"
"248",,"66000",387130000C,(04)23274275,(04)23288582,"2025","2","1","20","30",臺中市,潭子區,"0","2","0","6.0","1.0","8.0","0.0","13.0","13.0","1.0","5.0","4.0","6.0","6.0","4.0","4.0","10.0","5.0","4.0","2.0","11.0","2.0","7.0","6.0","1.0",F01,"7.0","9.0","7.0","21.0","2.0","11.0",,"85.0","85.0","1.0","13.0","4.0",219996.277530568,2677271.43823704,"2.0","249.0"
"258",,"66000",387130000C,(04)23274275,(04)23288582,"2025","2","1","20","54",臺中市,豐原區,"0","1","0","6.0","1.0","6.0","50.0","5.0","1.0","1.0","5.0","4.0","6.0","6.0","2.0","1.0","1.0","4.0","4.0","1.0","17.0","2.0","1.0","6.0","1.0",F01,"7.0","6.0","7.0","21.0","2.0","12.0",,"84.0","84.0","1.0","12.0","4.0",219872.451066574,2682342.1427056,"2.0","259.0"
"266",,"66000",387130000C,(04)23274275,(04)23288582,"2025","2","1","21","24",臺中市,潭子區,"0","2","0","6.0","1.0","6.0","50.0","4.0","1.0","1.0","5.0","4.0","6.0","6.0","3.0","1.0","5.0","4.0","4.0","2.0","12.0","2.0","9.0","6.0","1.0",F01,"7.0","6.0","7.0","21.0","2.0","14.0",,"42.0","42.0","1.0","12.0","4.0",219661.072509645,2678138.33895935,"2.0","267.0"
"275",,"66000",387130000C,(04)23274275,(04)23288582,"2025","2","1","22","18",臺中市,北屯區,"0","0","0","7.0",,,"50.0",,,,,,,,,,,,,,"12.0",,,,,F02,,,"7.0","21.0","1.0",,,"84.0","84.0","1.0","5.0","4.0",120.733469,24.161506,"3.0","276.0"
"419",,"66000",387130000C,(04)23274275,(04)23288582,"2025","2","2","15","11",臺中市,南屯區,"0","1","0","7.0","2.0","6.0","50.0","13.0","9.0","1.0","5.0","4.0","6.0","6.0","4.0","4.0","5.0","4.0","5.0","2.0","18.0","2.0","9.0","1.0","1.0",F01,"7.0","9.0","7.0","21.0","2.0","12.0",,"84.0","84.0","1.0","13.0","4.0",210290.98311878,2670413.89924913,"2.0","420.0"
"669",,"66000",387130000C,(04)23274275,(04)23288582,"2025","2","3","10","57",臺中市,西區,"0","0","0","7.0",,,"50.0",,,,,,,,,,,,,,,,,,,F01,,,"7.0",,"1.0",,,"84.0","84.0","1.0","6.0","1.0",120.654414,24.151009,"3.0","670.0"
"712",,"66000",387130000C,(04)23274275,(04)23288582,"2025","2","3","12","37",臺中市,東區,"0","1","0","7.0","2.0","6.0","50.0","13.0","9.0","1.0","5.0","4.0","6.0","6.0","1.0","1.0","10.0","3.0","5.0","2.0","18.0","2.0","9.0","4.0","1.0",F01,"7.0","9.0","7.0","21.0","2.0","11.0",,"88.0","88.0","1.0","13.0","3.0",217871.371086126,2670005.04547846,"2.0","713.0"
"936",,"66000",387130000C,(04)23274275,(04)23288582,"2025","2","3","23","49",臺中市,大肚區,"0","2","0","7.0","1.0","6.0","40.0","3.0","1.0","1.0","5.0","4.0","6.0","6.0","3.0","1.0","10.0","5.0","5.0","2.0","15.0","3.0","10.0","6.0","1.0",F01,"7.0","9.0","7.0","21.0","2.0","14.0",,"24.0","24.0","1.0","6.0","4.0",120.553544,24.134373,"2.0","937.0"
"1034",,"66000",387130000C,(04)23274275,(04)23288582,"2025","2","4","10","0",臺中市,烏日區,"0","1","0","7.0","2.0","6.0","50.0","13.0","9.0","1.0","5.0","4.0","6.0","6.0","1.0","1.0","5.0","4.0","5.0","1.0","12.0","2.0","9.0","4.0","1.0",F01,"7.0","15.0","7.0","21.0","2.0","14.0",,"84.0","84.0","1.0","6.0","4.0",213742.095169464,2663900.73732481,"2.0","1035.0"
"1142",,"66000",387130000C,(04)23274275,(04)23288582,"2025","2","4","13","59",臺中市,梧棲區,"0","0","0","7.0",,,"50.0",,,,,,,,,,,,,,"17.0",,,,,F01,,,"7.0",,"1.0",,,"84.0","84.0","1.0","6.0","4.0",120.544637,24.245336,"3.0","1143.0"
"1164",,"66000",387130000C,(04)23274275,(04)23288582,"2025","2","4","14","50",臺中市,西區,"0","0","0","7.0",,,"50.0",,,,,,,,,,,,,,,,,,,F01,,,"1.0",,"2.0",,,"84.0","84.0","1.0","12.0","4.0",120.660355,24.150251,"3.0","1165.0"
"1375",,"66000",387130000C,(04)23274275,(04)23288582,"2025","2","5","7","17",臺中市,大里區,"0","2","0","7.0","3.0","6.0","50.0","3.0","1.0","1.0","5.0","4.0","6.0","6.0","4.0","4.0","5.0","5.0","5.0","2.0","16.0","2.0","7.0","4.0","1.0",F01,"7.0","6.0","7.0","21.0","2.0","11.0",,"14.0","14.0","1.0","13.0","4.0",217334.075903063,2667902.5580181,"2.0","1376.0"
"1478",,"66000",387130000C,(04)23274275,(04)23288582,"2025","2","5","10","49",臺中市,北區,"0","2","0","7.0","2.0","6.0","50.0","3.0","9.0","1.0","5.0","4.0","6.0","6.0","4.0","4.0","5.0","4.0","5.0","2.0","16.0","2.0","9.0","5.0","4.0",F01,"7.0","6.0","7.0","21.0","2.0","14.0",,"48.0","48.0","1.0","13.0","4.0",218364.848888875,2671939.97663199,"2.0","1479.0"
"1501",,"66000",387130000C,(04)23274275,(04)23288582,"2025","2","5","12","0",臺中市,和平區,"0","1","0","7.0","3.0","6.0","30.0","3.0","1.0","1.0","5.0","4.0","6.0","6.0","4.0","4.0","10.0","5.0","5.0","1.0","17.0","2.0","9.0","6.0","1.0",F01,"7.0","9.0","7.0","21.0","1.0","11.0",,"84.0","84.0","1.0","3.0","4.0",247997.032376153,2674721.31406546,"2.0","1502.0"
"1628",,"66000",387130000C,(04)23274275,(04)23288582,"2025","2","5","17","34",臺中市,豐原區,"0","2","0","7.0","2.0","6.0","50.0","5.0","2.0","1.0","5.0","4.0","6.0","6.0","4.0","4.0","5.0","5.0","4.0","2.0","16.0","2.0","9.0","6.0","1.0",F01,"7.0","6.0","7.0","21.0","2.0","14.0",,"48.0","48.0","1.0","12.0","4.0",220919.247648275,2681568.45658047,"2.0","1629.0"
"1645",,"66000",387130000C,(04)23274275,(04)23288582,"2025","2","5","18","3",臺中市,北區,"0","1","0","7.0","1.0","6.0","30.0","4.0","1.0","1.0","5.0","4.0","6.0","6.0","4.0","4.0","10.0","5.0","5.0","2.0","15.0","3.0","10.0","6.0","1.0",F01,"7.0","9.0","7.0","21.0","2.0","11.0",,"20.0","20.0","1.0","12.0","4.0",120.693111,24.154558,"2.0","1646.0"
"1695",,"66000",387130000C,(04)23274275,(04)23288582,"2025","2","5","19","32",臺中市,北屯區,"0","1","0","7.0","1.0","6.0","50.0","13.0","7.0","1.0","5.0","4.0","6.0","6.0","4.0","4.0","10.0","5.0","5.0","2.0","13.0","2.0","8.0","5.0","4.0",F01,"7.0","9.0","7.0","21.0","1.0","11.0",,"7.0","7.0","1.0","12.0","4.0",221990.290126251,2674339.32568678,"2.0","1696.0"
"1935",,"66000",387130000C,(04)23274275,(04)23288582,"2025","2","6","14","49",臺中市,豐原區,"0","1","0","7.0","2.0","6.0","30.0","5.0","1.0","1.0","5.0","4.0","6.0","6.0","4.0","4.0","10.0","5.0","5.0","1.0","17.0","2.0","9.0","6.0","1.0",F01,"7.0","6.0","7.0","21.0","2.0","11.0",,"84.0","84.0","1.0","13.0","4.0",223475.002419229,2684743.02137069,"2.0","1936.0"
"2085",,"66000",387130000C,(04)23274275,(04)23288582,"2025","2","6","22","21",臺中市,西區,"0","0","0","7.0",,,"50.0",,,,,,,,,,,,,,,,,,,F01,,,"7.0",,"1.0",,,"4.0","4.0","1.0","12.0","5.0",120.658218,24.154769,"3.0","2086.0"
"2113",,"66000",387130000C,(04)23274275,(04)23288582,"2025","2","7","6","43",臺中市,神岡區,"0","2","0","7.0","1.0","6.0","40.0","4.0","1.0","1.0","5.0","4.0","6.0","6.0","1.0","1.0","5.0","4.0","4.0","2.0","16.0","2.0","9.0","1.0","4.0",F01,"7.0","6.0","7.0","21.0","2.0","14.0",,"20.0","20.0","1.0","12.0","4.0",215593.647044167,2683740.61636681,"2.0","2114.0"
"2194",,"66000",387130000C,(04)23274275,(04)23288582,"2025","2","7","9","56",臺中市,東區,"0","1","0","7.0","2.0","6.0","50.0","4.0","2.0","1.0","5.0","4.0","6.0","6.0","1.0","1.0","9.0","4.0","5.0","1.0","17.0","2.0","8.0","4.0","1.0",F01,"7.0","6.0","7.0","21.0","2.0","14.0",,"48.0","48.0","1.0","13.0","4.0",218742.011890061,2670570.04097748,"2.0","2195.0"
"2204",,"66000",387130000C,(04)23274275,(04)23288582,"2025","2","7","10","11",臺中市,霧峰區,"0","1","0","7.0","2.0","6.0","30.0","4.0","1.0","1.0","5.0","4.0","6.0","6.0","4.0","4.0","10.0","5.0","5.0","2.0","17.0","3.0","10.0","4.0","1.0",F01,"7.0","6.0","7.0","21.0","2.0","16.0",,"11.0","11.0","1.0","3.0","4.0",120.694288,24.066038,"2.0","2205.0"
"2242",,"66000",387130000C,(04)23274275,(04)23288582,"2025","2","7","11","30",臺中市,西屯區,"0","2","0","7.0","1.0","6.0","30.0","3.0","1.0","1.0","5.0","4.0","6.0","6.0","4.0","4.0","10.0","5.0","5.0","2.0","16.0","2.0","9.0","1.0","1.0",F01,"7.0","6.0","7.0","21.0","2.0","11.0",,"13.0","13.0","1.0","12.0","4.0",215596.567162469,2673801.92933218,"2.0","2243.0"
"2264",,"66000",387130000C,(04)23274275,(04)23288582,"2025","2","7","12","11",臺中市,沙鹿區,"0","0","0","7.0",,,"40.0",,,,,,,,,,,,,,,,,,,F02,,,"7.0",,"2.0",,,"7.0","7.0","1.0","13.0","4.0",120.561514,24.235742,"3.0","2265.0"
"2291",,"66000",387130000C,(04)23274275,(04)23288582,"2025","2","7","13","33",臺中市,西屯區,"0","1","0","7.0","1.0","6.0","30.0","11.0","9.0","1.0","5.0","4.0","6.0","6.0","4.0","4.0","10.0","5.0","5.0","2.0","11.0","2.0","8.0","6.0","1.0",F01,"7.0","5.0","7.0","21.0","2.0","11.0",,"6.0","6.0","1.0","12.0","4.0",213883.334638121,2674927.31836473,"2.0","2292.0"
"2376",,"66000",387130000C,(04)23274275,(04)23288582,"2025","2","7","17","8",臺中市,大甲區,"0","2","0","7.0","2.0","6.0","50.0","4.0","1.0","1.0","5.0","4.0","6.0","6.0","4.0","4.0","5.0","5.0","5.0","1.0","16.0","2.0","9.0","6.0","1.0",F01,"7.0","6.0","7.0","21.0","1.0","12.0",,"14.0","14.0","1.0","6.0","4.0",211017.892017346,2693565.17180414,"2.0","2377.0"
"2535",,"66000",387130000C,(04)23274275,(04)23288582,"2025","2","8","6","45",臺中市,大雅區,"0","1","0","7.0","1.0","6.0","50.0","3.0","1.0","1.0","5.0","4.0","6.0","6.0","4.0","4.0","5.0","5.0","5.0","2.0","17.0","2.0","7.0","6.0","4.0",F01,"7.0","6.0","7.0","21.0","2.0","12.0",,"14.0","14.0","1.0","13.0","4.0",212226.350311496,2681699.60197395,"2.0","2536.0"
"2824",,"66000",387130000C,(04)23274275,(04)23288582,"2025","2","8","21","20",臺中市,南區,"0","0","0","7.0",,,"40.0",,,,,,,,,,,,,,"11.0",,,,,F01,,,"7.0",,"9.0",,,"8.0","8.0","1.0","3.0","4.0",120.656562,24.129686,"3.0","2825.0"
"2893",,"66000",387130000C,(04)23274275,(04)23288582,"2025","2","9","10","22",臺中市,東勢區,"0","2","0","7.0","3.0","6.0","50.0","13.0","9.0","1.0","5.0","4.0","6.0","6.0","4.0","4.0","8.0","5.0","5.0","1.0","12.0","2.0","9.0","1.0","1.0",F01,"7.0","6.0","7.0","21.0","2.0","14.0",,"39.0","39.0","1.0","12.0","4.0",232479.960017678,2683778.98375096,"2.0","2894.0"
"2905",,"66000",387130000C,(04)23274275,(04)23288582,"2025","2","9","11","3",臺中市,北區,"0","1","0","7.0","3.0","6.0","50.0","4.0","1.0","1.0","5.0","4.0","6.0","6.0","4.0","4.0","10.0","5.0","5.0","2.0","18.0","2.0","9.0","6.0","1.0",F01,"7.0","5.0","7.0","21.0","2.0","12.0",,"84.0","84.0","1.0","12.0","4.0",215939.620917915,2672876.32893753,"2.0","2906.0"
"2929",,"66000",387130000C,(04)23274275,(04)23288582,"2025","2","9","11","54",臺中市,潭子區,"0","1","0","7.0","3.0","6.0","50.0","4.0","2.0","1.0","5.0","4.0","6.0","6.0","1.0","1.0","5.0","5.0","5.0","1.0","17.0","2.0","7.0","2.0","1.0",F02,"7.0","6.0","7.0","21.0","2.0","11.0",,"84.0","84.0","1.0","13.0","4.0",220480.516628988,2677459.80824184,"2.0","2930.0"
"2946",,"66000",387130000C,(04)23274275,(04)23288582,"2025","2","9","12","34",臺中市,北屯區,"0","1","0","7.0","2.0","6.0","50.0","13.0","9.0","1.0","5.0","4.0","6.0","6.0","4.0","4.0","5.0","4.0","5.0","2.0","12.0","2.0","9.0","6.0","1.0",F01,"7.0","9.0","7.0","21.0","2.0","12.0",,"59.0","59.0","1.0","3.0","4.0",226939.925969228,2676931.74752744,"2.0","2947.0"
"3032",,"66000",387130000C,(04)23274275,(04)23288582,"2025","2","9","17","8",臺中市,北屯區,"0","0","0","7.0",,,"50.0",,,,,,,,,,,,,,"17.0",,,,,F02,,,"7.0",,"1.0",,,"84.0","84.0","1.0","13.0","4.0",120.662751,24.188726,"3.0","3033.0"