field_1,序號,縣市別代碼,機關代碼,市話,傳真,年,月,日,時,分,縣市,區,死亡數量,受傷數量,2-30,天候,道路照明設備,道路類別,道路速限,道路型態,事故位置,路面鋪裝,路面狀態,路面缺陷,障礙物,視距,號誌種類,號誌動作,分向設施,快車道或一般車道間,快慢車道間,路面邊線,事故類型及型態,受傷程度,主要傷處,保護裝備,行動電話或功能裝置,當事者區分(類別),車輛用途,當事者行動狀態,駕照狀態,駕照種類,飲酒情形,車輛撞擊部位最初,車輛撞擊部位其他,肇事因素個別,肇事因素主要,肇事逃逸,職業,共享經濟或外送平台,GPS座標X,GPS座標Y,事故類別,﻿序號
"2175",,"66000",387130000C,(04)23274275,(04)23288582,"2025","3","6","12","29",臺中市,霧峰區,"0","1","0","7.0","2.0","6.0","50.0","4.0","2.0","1.0","5.0","4.0","6.0","6.0","3.0","1.0","5.0","5.0","4.0","2.0","16.0","2.0","9.0","4.0","1.0",F01,"7.0","6.0","7.0","21.0","2.0","11.0",,"11.0","11.0","1.0","12.0","4.0",219182.137059479,2662079.19484637,"2.0","2176.0"
"2308",,"66000",387130000C,(04)23274275,(04)23288582,"2025","3","6","17","44",臺中市,東區,"0","0","0","7.0",,,"40.0",,,,,,,,,,,,,,"17.0",,,,,F01,,,"7.0",,"1.0",,,"85.0","85.0","1.0","12.0","4.0",120.703427,24.144381,"3.0","2309.0"
"2363",,"66000",387130000C,(04)23274275,(04)23288582,"2025","3","6","19","17",臺中市,大里區,"0","0","0","7.0",,,"50.0",,,,,,,,,,,,,,"12.0",,,,,F01,,,"7.0",,"1.0",,,"8.0","8.0","1.0","13.0","4.0",120.691828,24.114839,"3.0","2364.0"
"2413",,"66000",387130000C,(04)23274275,(04)23288582,"2025","3","6","22","54",臺中市,梧棲區,"0","0","0","7.0",,,"50.0",,,,,,,,,,,,,,"17.0",,,,,F01,,,"7.0",,"9.0",,,"59.0","59.0","1.0","4.0","4.0",120.54503,24.245057,"3.0","2414.0"
"2433",,"66000",387130000C,(04)23274275,(04)23288582,"2025","3","7","7","16",臺中市,東區,"0","0","0","7.0",,,"50.0",,,,,,,,,,,,,,,,,,,F01,,,"7.0",,"2.0",,,"82.0","82.0","1.0","13.0","4.0",120.694899,24.151082,"3.0","2434.0"
"2456",,"66000",387130000C,(04)23274275,(04)23288582,"2025","3","7","7","42",臺中市,后里區,"0","1","0","6.0","2.0","6.0","50.0","4.0","1.0","1.0","5.0","4.0","6.0","6.0","3.0","1.0","10.0","5.0","5.0","2.0","16.0","2.0","7.0","6.0","1.0",F01,"7.0","6.0","7.0","21.0","2.0","14.0",,"48.0","48.0","1.0","4.0","4.0",222175.507216114,2689281.61076204,"2.0","2457.0"
"2657",,"66000",387130000C,(04)23274275,(04)23288582,"2025","3","7","17","1",臺中市,北屯區,"0","1","0","6.0","2.0","6.0","40.0","3.0","1.0","1.0","5.0","4.0","6.0","6.0","4.0","4.0","5.0","4.0","5.0","2.0","17.0","3.0","10.0","6.0","1.0",F01,"7.0","9.0","7.0","21.0","2.0","11.0",,"58.0","58.0","1.0","12.0","4.0",120.70977,24.18233,"2.0","2658.0"
"2944",,"66000",387130000C,(04)23274275,(04)23288582,"2025","3","8","12","28",臺中市,沙鹿區,"0","1","0","7.0","3.0","6.0","50.0","13.0","8.0","1.0","5.0","4.0","6.0","6.0","4.0","4.0","5.0","4.0","4.0","2.0","18.0","2.0","1.0","6.0","1.0",F01,"7.0","9.0","7.0","21.0","1.0","11.0",,"87.0","87.0","1.0","12.0","4.0",205845.996775435,2680851.28560131,"2.0","2945.0"
"2973",,"66000",387130000C,(04)23274275,(04)23288582,"2025","3","8","13","32",臺中市,大里區,"0","1","0","7.0","2.0","6.0","40.0","4.0","2.0","1.0","5.0","4.0","6.0","6.0","1.0","1.0","10.0","5.0","5.0","1.0","17.0","2.0","9.0","4.0","1.0",F01,"7.0","9.0","7.0","21.0","9.0","12.0",,"43.0","43.0","1.0","3.0","4.0",217093.968281374,2667635.75838597,"2.0","2974.0"
"3019",,"66000",387130000C,(04)23274275,(04)23288582,"2025","3","8","15","20",臺中市,北屯區,"0","1","0","7.0","1.0","6.0","50.0","11.0","9.0","1.0","5.0","4.0","6.0","6.0","4.0","4.0","10.0","5.0","5.0","1.0","17.0","2.0","9.0","1.0","1.0",F01,"7.0","9.0","7.0","21.0","2.0","12.0",,"84.0","84.0","1.0","12.0","4.0",224575.321851424,2673311.24197421,"2.0","3020.0"
"3153",,"66000",387130000C,(04)23274275,(04)23288582,"2025","3","8","21","52",臺中市,東區,"0","2","0","7.0","1.0","6.0","50.0","3.0","1.0","1.0","5.0","4.0","6.0","6.0","1.0","1.0","5.0","3.0","5.0","2.0","17.0","2.0","9.0","4.0","1.0",F01,"7.0","6.0","7.0","21.0","2.0","14.0",,"11.0","11.0","1.0","13.0","1.0",218555.566667301,2669994.65833673,"2.0","3154.0"
"3244",,"66000",387130000C,(04)23274275,(04)23288582,"2025","3","9","11","6",臺中市,烏日區,"0","1","0","7.0","3.0","6.0","40.0","13.0","8.0","1.0","5.0","4.0","6.0","6.0","4.0","4.0","9.0","5.0","4.0","1.0","12.0","2.0","9.0","5.0","2.0",F01,"7.0","9.0","7.0","21.0","1.0","11.0",,"62.0","62.0","1.0","13.0","4.0",212293.153517406,2666752.11512381,"2.0","3245.0"
"3251",,"66000",387130000C,(04)23274275,(04)23288582,"2025","3","9","11","25",臺中市,潭子區,"0","2","0","7.0","3.0","8.0","0.0","13.0","13.0","2.0","5.0","4.0","6.0","6.0","4.0","4.0","10.0","5.0","5.0","1.0","17.0","2.0","8.0","4.0","1.0",F01,"7.0","12.0","7.0","21.0","2.0","11.0",,"41.0","41.0","1.0","13.0","1.0",219988.101151721,2677199.91003361,"2.0","3252.0"
"3283",,"66000",387130000C,(04)23274275,(04)23288582,"2025","3","9","13","3",臺中市,大里區,"0","0","0","7.0",,,"50.0",,,,,,,,,,,,,,"16.0",,,,,F01,,,"7.0",,"2.0",,,"20.0","20.0","1.0","13.0","4.0",120.694223,24.090921,"3.0","3284.0"
"3315",,"66000",387130000C,(04)23274275,(04)23288582,"2025","3","9","14","30",臺中市,神岡區,"0","1","0","7.0","1.0","6.0","40.0","13.0","12.0","1.0","5.0","4.0","6.0","6.0","4.0","4.0","5.0","5.0","4.0","1.0","17.0","2.0","9.0","1.0","1.0",F01,"7.0","12.0","7.0","21.0","1.0","16.0",,"84.0","84.0","1.0","12.0","1.0",215969.792466026,2683632.94167071,"2.0","3316.0"
"3362",,"66000",387130000C,(04)23274275,(04)23288582,"2025","3","9","16","39",臺中市,南屯區,"0","1","0","7.0","3.0","6.0","50.0","13.0","9.0","1.0","5.0","4.0","6.0","6.0","4.0","4.0","8.0","5.0","5.0","2.0","18.0","2.0","1.0","5.0","4.0",F01,"7.0","9.0","7.0","21.0","9.0","15.0",,"84.0","84.0","1.0","13.0","4.0",213633.342574744,2670813.5323997,"2.0","3363.0"
"3444",,"66000",387130000C,(04)23274275,(04)23288582,"2025","3","9","22","19",臺中市,霧峰區,"0","1","0","7.0","1.0","6.0","50.0","3.0","1.0","1.0","5.0","4.0","6.0","6.0","4.0","4.0","10.0","5.0","5.0","2.0","17.0","2.0","8.0","6.0","4.0",F01,"7.0","6.0","7.0","21.0","2.0","14.0",,"84.0","84.0","1.0","13.0","4.0",218088.245616567,2660585.81139132,"2.0","3445.0"
"3705",,"66000",387130000C,(04)23274275,(04)23288582,"2025","3","10","16","48",臺中市,石岡區,"0","2","0","7.0","2.0","6.0","10.0","13.0","13.0","1.0","5.0","4.0","6.0","6.0","4.0","4.0","5.0","5.0","5.0","1.0","11.0","2.0","9.0","6.0","4.0",F02,"7.0","9.0","7.0","21.0","2.0","11.0",,"84.0","84.0","1.0","12.0","4.0",226432.933978662,2685925.27020777,"2.0","3706.0"
"3725",,"66000",387130000C,(04)23274275,(04)23288582,"2025","3","10","17","18",臺中市,南屯區,"0","1","0","7.0","3.0","6.0","50.0","13.0","9.0","1.0","5.0","4.0","6.0","6.0","4.0","4.0","5.0","5.0","5.0","1.0","18.0","2.0","9.0","2.0","1.0",F01,"7.0","9.0","7.0","21.0","2.0","12.0",,"84.0","84.0","1.0","12.0","4.0",208234.108901007,2670488.00705678,"2.0","3726.0"
"3772",,"66000",387130000C,(04)23274275,(04)23288582,"2025","3","10","18","43",臺中市,東區,"0","2","0","7.0","1.0","6.0","50.0","13.0","9.0","1.0","5.0","4.0","6.0","6.0","4.0","4.0","5.0","3.0","5.0","2.0","17.0","2.0","9.0","4.0","1.0",F01,"7.0","15.0","7.0","21.0","2.0","13.0",,"84.0","84.0","1.0","13.0","1.0",219829.229044219,2669587.77435615,"2.0","3773.0"
"3788",,"66000",387130000C,(04)23274275,(04)23288582,"2025","3","10","19","22",臺中市,太平區,"0","1","0","7.0","1.0","6.0","50.0","5.0","1.0","1.0","5.0","4.0","6.0","6.0","1.0","1.0","10.0","5.0","5.0","2.0","17.0","3.0","10.0","4.0","1.0",F01,"7.0","1.0","7.0","21.0","2.0","16.0",,"51.0","51.0","1.0","12.0","2.0",120.706307,24.148609,"2.0","3789.0"
"3855",,"66000",387130000C,(04)23274275,(04)23288582,"2025","3","11","7","13",臺中市,神岡區,"0","1","0","7.0","2.0","6.0","50.0","13.0","9.0","1.0","5.0","4.0","6.0","6.0","4.0","4.0","5.0","5.0","5.0","1.0","18.0","2.0","9.0","6.0","1.0",F01,"7.0","9.0","7.0","21.0","2.0","15.0",,"84.0","84.0","1.0","3.0","4.0",214935.600902447,2684981.22446159,"2.0","3856.0"
"3996",,"66000",387130000C,(04)23274275,(04)23288582,"2025","3","11","11","54",臺中市,太平區,"0","0","0","7.0",,,"50.0",,,,,,,,,,,,,,,,,,,F01,,,"7.0",,"2.0",,,"51.0","51.0","1.0","4.0","1.0",120.720615,24.120658,"3.0","3997.0"
"4061",,"66000",387130000C,(04)23274275,(04)23288582,"2025","3","11","15","1",臺中市,東勢區,"0","1","0","7.0","2.0","6.0","50.0","4.0","1.0","1.0","5.0","4.0","6.0","6.0","1.0","1.0","10.0","5.0","5.0","2.0","15.0","2.0","9.0","6.0","4.0",F02,"7.0","9.0","7.0","21.0","2.0","12.0",,"21.0","21.0","1.0","12.0","4.0",232742.45714506,2683382.17147584,"2.0","4062.0"
"4166",,"66000",387130000C,(04)23274275,(04)23288582,"2025","3","11","17","49",臺中市,西屯區,"0","1","0","7.0","2.0","6.0","50.0","4.0","1.0","1.0","5.0","4.0","6.0","6.0","2.0","1.0","9.0","4.0","4.0","2.0","12.0","2.0","8.0","6.0","1.0",F01,"7.0","6.0","7.0","21.0","2.0","14.0",,"42.0","42.0","1.0","13.0","4.0",213416.634860696,2672818.24726275,"2.0","4167.0"
"4212",,"66000",387130000C,(04)23274275,(04)23288582,"2025","3","11","19","19",臺中市,豐原區,"0","0","0","7.0",,,"30.0",,,,,,,,,,,,,,"13.0",,,,,F01,,,"7.0",,"2.0",,,"7.0","7.0","1.0","13.0","4.0",120.724846,24.240011,"3.0","4213.0"
"4397",,"66000",387130000C,(04)23274275,(04)23288582,"2025","3","12","10","19",臺中市,大甲區,"0","2","0","7.0","2.0","6.0","40.0","3.0","9.0","1.0","5.0","4.0","6.0","6.0","4.0","4.0","9.0","5.0","5.0","2.0","12.0","2.0","9.0","1.0","1.0",F02,"7.0","6.0","7.0","21.0","2.0","14.0",,"84.0","84.0","1.0","12.0","4.0",211205.784610645,2693481.36613428,"2.0","4398.0"
"4519",,"66000",387130000C,(04)23274275,(04)23288582,"2025","3","12","16","11",臺中市,西區,"0","1","0","7.0","2.0","6.0","50.0","5.0","2.0","1.0","5.0","4.0","6.0","6.0","1.0","1.0","10.0","5.0","5.0","2.0","17.0","2.0","9.0","6.0","1.0",F01,"7.0","11.0","7.0","21.0","1.0","12.0",,"84.0","84.0","1.0","3.0","1.0",216740.615055363,2669637.06884538,"2.0","4520.0"
"4550",,"66000",387130000C,(04)23274275,(04)23288582,"2025","3","12","17","7",臺中市,南區,"0","0","0","7.0",,,"50.0",,,,,,,,,,,,,,"12.0",,,,,F01,,,"7.0",,"1.0",,,"84.0","84.0","1.0","13.0","4.0",120.671811,24.119156,"4.0","4551.0"
"4595",,"66000",387130000C,(04)23274275,(04)23288582,"2025","3","12","18","17",臺中市,東區,"0","1","0","7.0","1.0","6.0","40.0","4.0","1.0","1.0","5.0","4.0","6.0","6.0","3.0","1.0","10.0","5.0","5.0","2.0","16.0","3.0","10.0","5.0","4.0",F01,"7.0","6.0","7.0","21.0","2.0","14.0",,"84.0","84.0","1.0","12.0","4.0",120.692469,24.14953,"2.0","4596.0"
"4609",,"66000",387130000C,(04)23274275,(04)23288582,"2025","3","12","18","51",臺中市,神岡區,"0","1","0","7.0","1.0","6.0","50.0","3.0","2.0","1.0","5.0","4.0","6.0","6.0","4.0","4.0","5.0","5.0","5.0","1.0","16.0","2.0","9.0","5.0","4.0",F01,"7.0","6.0","7.0","21.0","7.0","11.0",,"53.0","53.0","1.0","12.0","4.0",219435.229417078,2684198.18143025,"2.0","4610.0"
"4686",,"66000",387130000C,(04)23274275,(04)23288582,"2025","3","13","7","11",臺中市,沙鹿區,"0","1","0","7.0","2.0","6.0","30.0","4.0","2.0","1.0","5.0","4.0","6.0","6.0","4.0","4.0","8.0","3.0","5.0","2.0","17.0","2.0","9.0","5.0","4.0",F01,"7.0","9.0","7.0","21.0","2.0","11.0",,"20.0","20.0","1.0","13.0","4.0",206345.730956171,2680572.30014149,"2.0","4687.0"
"4704",,"66000",387130000C,(04)23274275,(04)23288582,"2025","3","13","7","36",臺中市,清水區,"0","1","0","7.0","2.0","6.0","30.0","3.0","1.0","1.0","5.0","4.0","6.0","6.0","4.0","4.0","9.0","4.0","4.0","2.0","17.0","2.0","9.0","6.0","1.0",F02,"7.0","5.0","7.0","21.0","2.0","11.0",,"14.0","14.0","1.0","12.0","4.0",204068.018942885,2684624.90427469,"2.0","4705.0"
"4956",,"66000",387130000C,(04)23274275,(04)23288582,"2025","3","13","16","34",臺中市,太平區,"0","1","0","5.0","2.0","6.0","30.0","13.0","9.0","1.0","4.0","4.0","6.0","6.0","4.0","4.0","10.0","5.0","5.0","2.0","18.0","2.0","8.0","1.0","1.0",F01,"7.0","9.0","7.0","21.0","2.0","12.0",,"84.0","84.0","1.0","12.0","4.0",221643.683778164,2668815.43953728,"2.0","4957.0"
"5391",,"66000",387130000C,(04)23274275,(04)23288582,"2025","3","14","15","48",臺中市,大肚區,"0","0","0","7.0","2.0","6.0","30.0","13.0","9.0","1.0","5.0","4.0","6.0","6.0","4.0","4.0","10.0","5.0","5.0","2.0","11.0","3.0","10.0","1.0","1.0",F01,"7.0","9.0","7.0","21.0","6.0","14.0",,"41.0","41.0","1.0","6.0","4.0",120.542781,24.150521,"3.0","5392.0"
"5416",,"66000",387130000C,(04)23274275,(04)23288582,"2025","3","14","16","30",臺中市,南區,"0","2","0","7.0","3.0","6.0","50.0","3.0","2.0","1.0","5.0","4.0","6.0","6.0","4.0","4.0","10.0","5.0","5.0","2.0","16.0","2.0","1.0","5.0","4.0",F01,"7.0","6.0","7.0","21.0","2.0","14.0",,"84.0","84.0","1.0","12.0","4.0",217586.496264833,2668894.08574794,"2.0","5417.0"
"5436",,"66000",387130000C,(04)23274275,(04)23288582,"2025","3","14","17","0",臺中市,大雅區,"0","2","0","7.0","1.0","6.0","40.0","4.0","1.0","1.0","5.0","4.0","6.0","6.0","1.0","1.0","5.0","5.0","4.0","1.0","17.0","2.0","9.0","4.0","1.0",F01,"7.0","9.0","7.0","21.0","1.0","12.0","11.0","7.0","7.0","1.0","12.0","4.0",214425.226642716,2679771.02530731,"2.0","5437.0"
"5534",,"66000",387130000C,(04)23274275,(04)23288582,"2025","3","14","19","3",臺中市,中區,"0","2","0","7.0","1.0","6.0","50.0","4.0","1.0","1.0","5.0","4.0","6.0","6.0","4.0","4.0","10.0","5.0","5.0","2.0","17.0","2.0","9.0","1.0","1.0",F02,"7.0","9.0","7.0","21.0","2.0","12.0",,"12.0","12.0","1.0","12.0","4.0",217031.211302723,2671001.73061419,"2.0","5535.0"
"5598",,"66000",387130000C,(04)23274275,(04)23288582,"2025","3","14","22","10",臺中市,西區,"0","1","0","7.0","1.0","6.0","25.0","4.0","2.0","1.0","5.0","4.0","6.0","6.0","1.0","1.0","5.0","4.0","5.0","2.0","18.0","2.0","9.0","1.0","1.0",F02,"7.0","9.0","7.0","21.0","2.0","14.0",,"84.0","84.0","1.0","12.0","4.0",214839.840391225,2671319.84669202,"2.0","5599.0"
"5750",,"66000",387130000C,(04)23274275,(04)23288582,"2025","3","15","12","3",臺中市,豐原區,"0","1","0","5.0","2.0","6.0","50.0","5.0","1.0","1.0","4.0","4.0","6.0","6.0","2.0","1.0","1.0","2.0","4.0","2.0","15.0","2.0","9.0","1.0","1.0",F01,"7.0","9.0","7.0","21.0","2.0","11.0",,"84.0","84.0","1.0","12.0","4.0",223337.828920623,2682852.8519316,"2.0","5751.0"
"5847",,"66000",387130000C,(04)23274275,(04)23288582,"2025","3","15","16","26",臺中市,神岡區,"0","1","0","7.0","3.0","6.0","50.0","13.0","14.0","1.0","5.0","4.0","6.0","6.0","4.0","4.0","5.0","5.0","5.0","1.0","12.0","2.0","9.0","6.0","1.0",F01,"7.0","9.0","7.0","21.0","7.0","11.0",,"8.0","8.0","1.0","13.0","4.0",220118.378973156,2683968.01924972,"2.0","5848.0"
"6000",,"66000",387130000C,(04)23274275,(04)23288582,"2025","3","16","8","48",臺中市,太平區,"0","2","0","7.0","2.0","6.0","50.0","13.0","9.0","1.0","5.0","4.0","6.0","6.0","4.0","4.0","5.0","4.0","5.0","1.0","16.0","2.0","6.0","6.0","1.0",F01,"7.0","11.0","7.0","21.0","2.0","11.0",,"46.0","46.0","1.0","12.0","4.0",221482.50389284,2672584.60149274,"2.0","6001.0"
"6053",,"66000",387130000C,(04)23274275,(04)23288582,"2025","3","16","11","35",臺中市,南屯區,"0","1","0","7.0","3.0","6.0","50.0","13.0","8.0","1.0","5.0","4.0","6.0","6.0","4.0","4.0","1.0","4.0","5.0","2.0","17.0","2.0","9.0","1.0","1.0",F01,"7.0","9.0","7.0","21.0","2.0","11.0",,"59.0","59.0","1.0","12.0","4.0",212730.088046102,2668733.96458499,"2.0","6054.0"
"6114",,"66000",387130000C,(04)23274275,(04)23288582,"2025","3","16","14","31",臺中市,霧峰區,"0","0","0","7.0",,,"50.0",,,,,,,,,,,,,,"17.0",,,,,F01,,,"7.0",,"2.0",,,"7.0","7.0","1.0","13.0","4.0",120.702811,24.070197,"3.0","6115.0"
"6188",,"66000",387130000C,(04)23274275,(04)23288582,"2025","3","16","17","47",臺中市,西區,"0","2","0","7.0","1.0","6.0","40.0","13.0","24.0","1.0","5.0","4.0","6.0","6.0","4.0","4.0","10.0","5.0","5.0","2.0","17.0","2.0","9.0","5.0","4.0",F01,"7.0","9.0","7.0","21.0","2.0","11.0",,"84.0","84.0","1.0","12.0","4.0",215982.422900783,2671312.52935601,"2.0","6189.0"
"6239",,"66000",387130000C,(04)23274275,(04)23288582,"2025","3","16","21","30",臺中市,豐原區,"0","1","0","7.0","1.0","6.0","40.0","4.0","1.0","1.0","5.0","4.0","6.0","6.0","1.0","1.0","5.0","5.0","4.0","2.0","12.0","2.0","9.0","5.0","4.0",F01,"7.0","4.0","7.0","21.0","2.0","14.0",,"1.0","1.0","1.0","13.0","4.0",221818.277931873,2681249.55766981,"2.0","6240.0"
"6286",,"66000",387130000C,(04)23274275,(04)23288582,"2025","3","17","7","16",臺中市,北屯區,"0","1","0","7.0","2.0","6.0","50.0","13.0","7.0","1.0","5.0","4.0","6.0","6.0","4.0","4.0","9.0","4.0","4.0","2.0","16.0","2.0","9.0","4.0","1.0",F01,"7.0","6.0","7.0","21.0","2.0","13.0",,"84.0","84.0","1.0","12.0","4.0",217493.459304207,2673863.91701855,"2.0","6287.0"
"6360",,"66000",387130000C,(04)23274275,(04)23288582,"2025","3","17","9","1",臺中市,北區,"0","1","0","7.0","2.0","6.0","50.0","4.0","1.0","1.0","5.0","4.0","6.0","6.0","4.0","4.0","10.0","5.0","5.0","2.0","18.0","2.0","9.0","6.0","1.0",F01,"7.0","9.0","7.0","21.0","2.0","16.0",,"84.0","84.0","1.0","13.0","4.0",217801.501254177,2672680.50376584,"2.0","6361.0"
"6532",,"66000",387130000C,(04)23274275,(04)23288582,"2025","3","17","17","19",臺中市,東區,"0","0","0","7.0",,,"50.0",,,,,,,,,,,,,,,,,,,F01,,,"7.0",,"2.0",,,"36.0","36.0","1.0","12.0","4.0",120.694323,24.149948,"3.0","6533.0"
"6608",,"66000",387130000C,(04)23274275,(04)23288582,"2025","3","17","18","40",臺中市,烏日區,"0","1","0","7.0","1.0","6.0","50.0","13.0","7.0","1.0","5.0","4.0","6.0","5.0","4.0","4.0","5.0","4.0","4.0","2.0","11.0","2.0","1.0","4.0","1.0",F01,"7.0","11.0","7.0","21.0","2.0","12.0",,"39.0","39.0","1.0","6.0","4.0",211173.911031566,2666804.95634113,"2.0","6609.0"
"6660",,"66000",387130000C,(04)23274275,(04)23288582,"2025","3","17","21","22",臺中市,北區,"0","1","0","6.0","3.0","6.0","50.0","4.0","2.0","1.0","5.0","4.0","6.0","6.0","4.0","4.0","5.0","4.0","5.0","2.0","15.0","2.0","9.0","5.0","4.0",F01,"7.0","9.0","7.0","21.0","2.0","12.0",,"20.0","20.0","1.0","13.0","4.0",218161.41178544,2673080.50205292,"2.0","6661.0"
"6665",,"66000",387130000C,(04)23274275,(04)23288582,"2025","3","17","21","30",臺中市,大里區,"0","0","0","6.0",,,"50.0",,,,,,,,,,,,,,"12.0",,,,,F01,,,"7.0",,"2.0",,,"8.0","8.0","1.0","13.0","4.0",120.678859,24.109501,"3.0","6666.0"
"6728",,"66000",387130000C,(04)23274275,(04)23288582,"2025","3","18","7","7",臺中市,龍井區,"0","0","0","7.0",,,"50.0",,,,,,,,,,,,,,"16.0",,,,,F01,,,"7.0",,"1.0",,,"11.0","11.0","1.0","3.0","4.0",120.581366,24.174772,"3.0","6729.0"
"6729",,"66000",387130000C,(04)23274275,(04)23288582,"2025","3","18","7","12",臺中市,東區,"0","1","0","7.0","3.0","6.0","50.0","13.0","9.0","1.0","4.0","4.0","6.0","6.0","4.0","4.0","9.0","5.0","5.0","2.0","16.0","3.0","10.0","5.0","4.0",F01,"7.0","6.0","7.0","21.0","2.0","15.0",,"84.0","84.0","1.0","12.0","4.0",120.685626,24.128787,"2.0","6730.0"
"6876",,"66000",387130000C,(04)23274275,(04)23288582,"2025","3","18","12","57",臺中市,北區,"0","1","0","7.0","3.0","6.0","50.0","13.0","8.0","1.0","5.0","4.0","6.0","6.0","4.0","4.0","1.0","4.0","4.0","2.0","12.0","2.0","9.0","6.0","1.0",F01,"7.0","9.0","7.0","21.0","2.0","12.0",,"59.0","59.0","1.0","12.0","4.0",216960.715183257,2672942.5863644,"2.0","6877.0"
"6908",,"66000",387130000C,(04)23274275,(04)23288582,"2025","3","18","14","45",臺中市,沙鹿區,"0","2","0","7.0","2.0","6.0","50.0","4.0","1.0","1.0","5.0","4.0","6.0","6.0","1.0","1.0","10.0","5.0","5.0","2.0","16.0","2.0","9.0","4.0","1.0",F01,"7.0","6.0","7.0","21.0","2.0","14.0",,"48.0","48.0","1.0","6.0","4.0",206884.909455312,2680198.96154076,"2.0","6909.0"
"7030",,"66000",387130000C,(04)23274275,(04)23288582,"2025","3","18","18","53",臺中市,北屯區,"0","1","0","7.0","1.0","6.0","30.0","4.0","1.0","1.0","5.0","4.0","6.0","6.0","4.0","4.0","10.0","5.0","5.0","2.0","16.0","2.0","9.0","6.0","1.0",F01,"7.0","6.0","7.0","21.0","2.0","11.0",,"41.0","41.0","1.0","12.0","4.0",218306.893802119,2676529.75018813,"2.0","7031.0"
"7054",,"66000",387130000C,(04)23274275,(04)23288582,"2025","3","18","19","44",臺中市,北屯區,"0","2","0","7.0","1.0","6.0","50.0","3.0","2.0","1.0","5.0","4.0","6.0","6.0","1.0","1.0","10.0","5.0","5.0","2.0","17.0","2.0","9.0","6.0","1.0",F01,"7.0","5.0","7.0","21.0","1.0","13.0",,"22.0","22.0","1.0","12.0","1.0",220345.486394825,2673894.00905641,"2.0","7055.0"
"7069",,"66000",387130000C,(04)23274275,(04)23288582,"2025","3","18","20","58",臺中市,北屯區,"0","0","0","7.0",,,"50.0",,,,,,,,,,,,,,"17.0",,,,,F02,,,"7.0",,"2.0",,,"84.0","84.0","1.0","12.0","4.0",120.685782,24.177459,"4.0","7070.0"
"7092",,"66000",387130000C,(04)23274275,(04)23288582,"2025","3","18","23","18",臺中市,大甲區,"0","1","0","7.0","3.0","6.0","50.0","4.0","1.0","1.0","5.0","4.0","6.0","6.0","4.0","4.0","10.0","5.0","5.0","2.0","18.0","2.0","9.0","1.0","1.0",F01,"7.0","9.0","7.0","21.0","2.0","11.0",,"94.0","94.0","1.0","6.0","4.0",211741.49091564,2693537.0519435,"2.0","7093.0"
"7166",,"66000",387130000C,(04)23274275,(04)23288582,"2025","3","19","8","6",臺中市,大里區,"0","1","0","7.0","2.0","6.0","50.0","13.0","9.0","1.0","5.0","4.0","6.0","6.0","4.0","4.0","5.0","4.0","5.0","1.0","17.0","2.0","9.0","4.0","1.0",F01,"7.0","8.0","7.0","21.0","1.0","14.0",,"40.0","40.0","1.0","4.0","4.0",218467.288568005,2667810.07677015,"2.0","7167.0"
"7420",,"66000",387130000C,(04)23274275,(04)23288582,"2025","3","19","17","0",臺中市,東區,"0","1","0","7.0","2.0","6.0","50.0","13.0","9.0","1.0","5.0","4.0","6.0","6.0","4.0","4.0","5.0","5.0","5.0","2.0","17.0","2.0","9.0","6.0","1.0",F01,"7.0","9.0","7.0","21.0","2.0","11.0",,"84.0","84.0","1.0","12.0","4.0",220351.698317472,2670730.84131316,"2.0","7421.0"
"7537",,"66000",387130000C,(04)23274275,(04)23288582,"2025","3","19","21","46",臺中市,沙鹿區,"0","2","0","7.0","1.0","6.0","30.0","4.0","1.0","1.0","5.0","4.0","6.0","6.0","1.0","1.0","10.0","5.0","5.0","2.0","16.0","2.0","8.0","6.0","1.0",F01,"7.0","6.0","7.0","21.0","2.0","12.0",,"48.0","48.0","1.0","2.0","4.0",207021.176718691,2679953.33975474,"2.0","7538.0"
"7684",,"66000",387130000C,(04)23274275,(04)23288582,"2025","3","20","9","26",臺中市,西屯區,"0","2","0","7.0","2.0","6.0","50.0","13.0","9.0","1.0","5.0","4.0","6.0","6.0","1.0","1.0","5.0","4.0","5.0","2.0","13.0","2.0","6.0","4.0","1.0",F02,"7.0","8.0","7.0","21.0","2.0","16.0",,"40.0","40.0","1.0","12.0","4.0",215257.979139004,2677323.99550066,"2.0","7685.0"
"7774",,"66000",387130000C,(04)23274275,(04)23288582,"2025","3","20","12","40",臺中市,清水區,"0","1","0","7.0","2.0","6.0","50.0","13.0","8.0","1.0","5.0","4.0","6.0","6.0","4.0","4.0","8.0","3.0","4.0","2.0","13.0","2.0","9.0","1.0","1.0",F01,"7.0","9.0","7.0","21.0","2.0","11.0",,"43.0","43.0","1.0","12.0","4.0",210224.667391168,2685006.5281341,"2.0","7775.0"
"7949",,"66000",387130000C,(04)23274275,(04)23288582,"2025","3","20","18","38",臺中市,西屯區,"0","2","0","7.0","1.0","6.0","50.0","13.0","9.0","1.0","5.0","4.0","6.0","6.0","4.0","4.0","10.0","5.0","5.0","2.0","12.0","2.0","9.0","5.0","1.0",F01,"7.0","1.0","7.0","21.0","2.0","12.0",,"51.0","51.0","1.0","12.0","4.0",213522.079856611,2674231.16867171,"2.0","7950.0"
"8038",,"66000",387130000C,(04)23274275,(04)23288582,"2025","3","21","6","56",臺中市,北屯區,"0","2","0","7.0","2.0","6.0","50.0","3.0","1.0","1.0","5.0","4.0","6.0","6.0","4.0","4.0","10.0","5.0","5.0","2.0","16.0","2.0","9.0","4.0","1.0",F01,"7.0","11.0","7.0","21.0","2.0","14.0",,"46.0","46.0","1.0","12.0","1.0",219532.625316752,2675320.32063237,"2.0","8039.0"