field_1,序號,縣市別代碼,機關代碼,市話,傳真,年,月,日,時,分,縣市,區,死亡數量,受傷數量,2-30,天候,道路照明設備,道路類別,道路速限,道路型態,事故位置,路面鋪裝,路面狀態,路面缺陷,障礙物,視距,號誌種類,號誌動作,分向設施,快車道或一般車道間,快慢車道間,路面邊線,事故類型及型態,受傷程度,主要傷處,保護裝備,行動電話或功能裝置,當事者區分(類別),車輛用途,當事者行動狀態,駕照狀態,駕照種類,飲酒情形,車輛撞擊部位最初,車輛撞擊部位其他,肇事因素個別,肇事因素主要,肇事逃逸,職業,共享經濟或外送平台,GPS座標X,GPS座標Y,事故類別,﻿序號
"8050",,"66000",387130000C,(04)23274275,(04)23288582,"2025","3","21","7","21",臺中市,豐原區,"0","1","0","7.0","2.0","6.0","50.0","13.0","8.0","1.0","5.0","4.0","6.0","6.0","4.0","4.0","1.0","4.0","4.0","1.0","13.0","2.0","9.0","1.0","1.0",F01,"7.0","9.0","7.0","21.0","2.0","11.0",,"84.0","84.0","1.0","4.0","4.0",219876.75082256,2683074.75972577,"2.0","8051.0"
"8052",,"66000",387130000C,(04)23274275,(04)23288582,"2025","3","21","7","25",臺中市,外埔區,"0","0","0","7.0",,,"30.0",,,,,,,,,,,,,,,,,,,F02,,,"1.0",,"2.0",,,"14.0","14.0","1.0","12.0","4.0",120.654448,24.327282,"3.0","8053.0"
"8092",,"66000",387130000C,(04)23274275,(04)23288582,"2025","3","21","7","57",臺中市,大里區,"0","2","0","7.0","2.0","6.0","50.0","13.0","9.0","1.0","5.0","4.0","6.0","6.0","4.0","4.0","9.0","5.0","5.0","1.0","13.0","2.0","9.0","2.0","1.0",F01,"7.0","9.0","7.0","21.0","2.0","11.0",,"7.0","7.0","1.0","4.0","4.0",218933.478581662,2665155.36717484,"2.0","8093.0"
"8158",,"66000",387130000C,(04)23274275,(04)23288582,"2025","3","21","9","48",臺中市,大里區,"0","2","0","7.0","2.0","6.0","50.0","13.0","9.0","1.0","5.0","4.0","6.0","6.0","4.0","4.0","5.0","5.0","5.0","2.0","12.0","2.0","9.0","4.0","1.0",F01,"7.0","6.0","7.0","21.0","2.0","11.0",,"39.0","39.0","1.0","12.0","4.0",217953.279086133,2668192.53709691,"2.0","8159.0"
"8269",,"66000",387130000C,(04)23274275,(04)23288582,"2025","3","21","15","1",臺中市,豐原區,"0","1","0","7.0","2.0","6.0","50.0","13.0","9.0","1.0","5.0","4.0","6.0","6.0","4.0","4.0","5.0","5.0","4.0","2.0","12.0","2.0","9.0","6.0","1.0",F01,"7.0","9.0","7.0","21.0","2.0","14.0",,"84.0","84.0","1.0","12.0","4.0",221175.886216472,2682922.20858755,"2.0","8270.0"
"8350",,"66000",387130000C,(04)23274275,(04)23288582,"2025","3","21","17","8",臺中市,豐原區,"0","1","0","7.0","2.0","6.0","50.0","13.0","14.0","1.0","5.0","4.0","6.0","6.0","4.0","4.0","9.0","5.0","5.0","1.0","17.0","2.0","8.0","4.0","1.0",F01,"7.0","9.0","7.0","21.0","2.0","11.0",,"59.0","59.0","1.0","12.0","1.0",222267.077772436,2683233.34769562,"2.0","8351.0"
"8375",,"66000",387130000C,(04)23274275,(04)23288582,"2025","3","21","17","32",臺中市,西區,"0","0","0","7.0",,,"30.0",,,,,,,,,,,,,,,,,,,F01,,,"7.0",,"1.0",,,"84.0","84.0","1.0","13.0","4.0",120.661774,24.136343,"3.0","8376.0"
"8378",,"66000",387130000C,(04)23274275,(04)23288582,"2025","3","21","17","33",臺中市,潭子區,"0","2","0","7.0","2.0","6.0","50.0","3.0","2.0","1.0","5.0","4.0","6.0","6.0","3.0","1.0","5.0","4.0","5.0","2.0","17.0","2.0","8.0","5.0","1.0",F01,"7.0","11.0","7.0","21.0","2.0","11.0",,"46.0","46.0","1.0","13.0","4.0",220595.925317619,2680944.0394521,"2.0","8379.0"
"8482",,"66000",387130000C,(04)23274275,(04)23288582,"2025","3","21","21","3",臺中市,西區,"0","2","0","7.0","1.0","6.0","50.0","3.0","1.0","1.0","5.0","4.0","6.0","6.0","4.0","4.0","10.0","5.0","5.0","2.0","16.0","2.0","8.0","1.0","1.0",F01,"7.0","1.0","7.0","21.0","2.0","13.0",,"51.0","51.0","1.0","3.0","4.0",215727.59180998,2670953.86386397,"2.0","8483.0"
"8497",,"66000",387130000C,(04)23274275,(04)23288582,"2025","3","21","21","49",臺中市,東區,"0","2","0","7.0","1.0","6.0","50.0","4.0","1.0","1.0","5.0","4.0","6.0","6.0","2.0","1.0","1.0","5.0","5.0","2.0","17.0","2.0","9.0","4.0","1.0",F01,"7.0","1.0","7.0","21.0","2.0","14.0",,"28.0","28.0","1.0","6.0","1.0",219148.325442174,2670563.72798734,"2.0","8498.0"
"8559",,"66000",387130000C,(04)23274275,(04)23288582,"2025","3","22","8","15",臺中市,新社區,"0","2","0","7.0","2.0","6.0","50.0","13.0","9.0","1.0","5.0","4.0","6.0","6.0","4.0","4.0","5.0","5.0","5.0","1.0","12.0","2.0","9.0","6.0","4.0",F01,"7.0","8.0","7.0","21.0","2.0","14.0",,"85.0","85.0","1.0","12.0","4.0",230250.354925159,2681263.09944088,"2.0","8560.0"
"8560",,"66000",387130000C,(04)23274275,(04)23288582,"2025","3","22","8","16",臺中市,梧棲區,"0","1","0","7.0","3.0","6.0","30.0","4.0","1.0","1.0","5.0","4.0","6.0","6.0","4.0","4.0","10.0","5.0","5.0","2.0","15.0","2.0","9.0","4.0","1.0",F01,"7.0","9.0","7.0","21.0","2.0","14.0",,"20.0","20.0","1.0","6.0","4.0",203821.870696235,2682623.0444326,"2.0","8561.0"
"8579",,"66000",387130000C,(04)23274275,(04)23288582,"2025","3","22","9","2",臺中市,外埔區,"0","3","0","7.0","3.0","6.0","50.0","3.0","2.0","1.0","5.0","4.0","6.0","6.0","4.0","4.0","9.0","5.0","5.0","1.0","16.0","2.0","9.0","5.0","4.0",F01,"7.0","5.0","7.0","21.0","2.0","15.0",,"42.0","42.0","1.0","12.0","4.0",212530.34618487,2692060.90347514,"2.0","8580.0"
"8600",,"66000",387130000C,(04)23274275,(04)23288582,"2025","3","22","9","45",臺中市,沙鹿區,"0","1","0","7.0","2.0","6.0","50.0","4.0","2.0","1.0","5.0","4.0","3.0","3.0","4.0","4.0","5.0","5.0","5.0","1.0","17.0","2.0","8.0","4.0","1.0",F01,"7.0","1.0","7.0","21.0","1.0","14.0",,"51.0","51.0","1.0","13.0","4.0",205770.537654456,2680037.48131036,"2.0","8601.0"
"8630",,"66000",387130000C,(04)23274275,(04)23288582,"2025","3","22","10","59",臺中市,清水區,"0","2","0","7.0","3.0","6.0","50.0","13.0","9.0","1.0","5.0","4.0","6.0","6.0","4.0","4.0","5.0","5.0","5.0","1.0","16.0","2.0","8.0","5.0","1.0",F01,"7.0","15.0","7.0","21.0","2.0","13.0",,"40.0","40.0","1.0","12.0","4.0",206385.335893107,2684232.37130932,"2.0","8631.0"
"8649",,"66000",387130000C,(04)23274275,(04)23288582,"2025","3","22","11","15",臺中市,東勢區,"0","1","0","7.0","3.0","6.0","50.0","13.0","9.0","1.0","5.0","4.0","3.0","3.0","4.0","4.0","10.0","5.0","5.0","1.0","17.0","2.0","9.0","5.0","4.0",F01,"7.0","9.0","7.0","21.0","2.0","12.0",,"59.0","59.0","1.0","3.0","4.0",232462.741925322,2683977.80387456,"2.0","8650.0"
"8670",,"66000",387130000C,(04)23274275,(04)23288582,"2025","3","22","11","45",臺中市,神岡區,"0","1","0","7.0","2.0","6.0","50.0","13.0","9.0","1.0","5.0","4.0","6.0","6.0","4.0","4.0","5.0","5.0","5.0","1.0","18.0","2.0","9.0","1.0","1.0",F01,"7.0","9.0","7.0","21.0","2.0","16.0",,"59.0","59.0","1.0","12.0","4.0",217854.829877623,2682138.03002814,"2.0","8671.0"
"8727",,"66000",387130000C,(04)23274275,(04)23288582,"2025","3","22","14","25",臺中市,大肚區,"0","1","0","7.0","3.0","6.0","50.0","11.0","9.0","1.0","5.0","4.0","6.0","6.0","4.0","4.0","5.0","5.0","5.0","2.0","18.0","2.0","9.0","2.0","1.0",F01,"7.0","6.0","7.0","21.0","2.0","14.0",,"82.0","82.0","1.0","3.0","4.0",205037.999548087,2672932.96961797,"2.0","8728.0"
"8754",,"66000",387130000C,(04)23274275,(04)23288582,"2025","3","22","15","22",臺中市,大里區,"0","1","0","7.0","3.0","6.0","50.0","4.0","2.0","1.0","5.0","4.0","6.0","6.0","1.0","1.0","5.0","5.0","5.0","1.0","13.0","2.0","1.0","1.0","1.0",F02,"7.0","9.0","7.0","21.0","2.0","11.0",,"59.0","59.0","1.0","12.0","4.0",219661.166921574,2666076.79236723,"2.0","8755.0"
"8806",,"66000",387130000C,(04)23274275,(04)23288582,"2025","3","22","17","28",臺中市,龍井區,"0","0","0","7.0",,,"50.0",,,,,,,,,,,,,,"12.0",,,,,F01,,,"7.0",,"1.0",,,"8.0","8.0","1.0","2.0","4.0",120.523793,24.208294,"3.0","8807.0"
"8855",,"66000",387130000C,(04)23274275,(04)23288582,"2025","3","22","19","40",臺中市,大里區,"0","0","0","7.0",,,"50.0",,,,,,,,,,,,,,"12.0",,,,,F01,,,"7.0",,"1.0",,,"84.0","84.0","1.0","13.0","4.0",120.686042,24.105247,"3.0","8856.0"
"8948",,"66000",387130000C,(04)23274275,(04)23288582,"2025","3","23","9","16",臺中市,大肚區,"0","1","0","7.0","2.0","6.0","50.0","5.0","1.0","1.0","5.0","4.0","6.0","6.0","2.0","1.0","10.0","5.0","5.0","2.0","15.0","2.0","9.0","6.0","1.0",F01,"7.0","9.0","7.0","21.0","2.0","11.0",,"21.0","21.0","1.0","6.0","4.0",207214.862375832,2673782.04007734,"2.0","8949.0"
"9052",,"66000",387130000C,(04)23274275,(04)23288582,"2025","3","23","15","17",臺中市,西區,"0","2","0","7.0","1.0","6.0","50.0","4.0","1.0","1.0","5.0","4.0","6.0","6.0","1.0","1.0","10.0","5.0","5.0","1.0","17.0","2.0","9.0","5.0","4.0",F01,"7.0","9.0","7.0","21.0","2.0","14.0",,"21.0","21.0","1.0","12.0","1.0",214953.152909081,2671937.89187827,"2.0","9053.0"
"9078",,"66000",387130000C,(04)23274275,(04)23288582,"2025","3","23","15","57",臺中市,大里區,"0","0","0","7.0",,,"30.0",,,,,,,,,,,,,,,,,,,F01,,,"1.0",,"2.0",,,"84.0","84.0","1.0","13.0","4.0",120.712105,24.084688,"3.0","9079.0"
"9217",,"66000",387130000C,(04)23274275,(04)23288582,"2025","3","24","7","22",臺中市,北屯區,"0","1","0","7.0","2.0","6.0","50.0","4.0","1.0","1.0","5.0","4.0","6.0","6.0","1.0","1.0","10.0","5.0","5.0","2.0","15.0","2.0","9.0","4.0","1.0",F01,"7.0","9.0","7.0","21.0","2.0","12.0",,"21.0","21.0","1.0","12.0","4.0",218359.776030274,2675003.58742917,"2.0","9218.0"
"9226",,"66000",387130000C,(04)23274275,(04)23288582,"2025","3","24","7","35",臺中市,潭子區,"0","2","0","7.0","2.0","6.0","30.0","13.0","9.0","1.0","5.0","4.0","6.0","6.0","4.0","4.0","10.0","5.0","5.0","2.0","11.0","2.0","9.0","6.0","1.0",F02,"7.0","9.0","7.0","21.0","2.0","14.0",,"41.0","41.0","1.0","12.0","4.0",219699.348367911,2678509.9398813,"2.0","9227.0"
"9282",,"66000",387130000C,(04)23274275,(04)23288582,"2025","3","24","9","3",臺中市,北區,"0","0","0","7.0",,,"50.0",,,,,,,,,,,,,,"17.0",,,,,F01,,,"7.0",,"2.0",,,"84.0","84.0","1.0","13.0","1.0",120.682407,24.163236,"3.0","9283.0"
"9545",,"66000",387130000C,(04)23274275,(04)23288582,"2025","3","24","18","9",臺中市,霧峰區,"0","1","0","7.0","1.0","6.0","30.0","3.0","1.0","1.0","5.0","4.0","6.0","6.0","4.0","4.0","10.0","5.0","5.0","2.0","17.0","2.0","9.0","6.0","1.0",F01,"7.0","9.0","7.0","21.0","2.0","11.0",,"15.0","15.0","1.0","13.0","4.0",221232.447460428,2663380.21367502,"2.0","9546.0"
"9697",,"66000",387130000C,(04)23274275,(04)23288582,"2025","3","25","8","9",臺中市,太平區,"0","2","0","7.0","3.0","6.0","30.0","4.0","1.0","1.0","5.0","4.0","6.0","6.0","4.0","4.0","10.0","5.0","5.0","2.0","15.0","2.0","7.0","6.0","1.0",F01,"7.0","9.0","7.0","21.0","2.0","12.0",,"15.0","15.0","1.0","12.0","4.0",222842.036520096,2667354.30536905,"2.0","9698.0"
"9698",,"66000",387130000C,(04)23274275,(04)23288582,"2025","3","25","8","9",臺中市,烏日區,"0","2","0","7.0","2.0","6.0","50.0","13.0","9.0","1.0","5.0","4.0","6.0","6.0","4.0","4.0","5.0","5.0","5.0","1.0","11.0","2.0","7.0","6.0","4.0",F01,"7.0","9.0","7.0","21.0","2.0","16.0",,"84.0","84.0","1.0","13.0","4.0",210077.170446598,2667194.72802852,"2.0","9699.0"
"9742",,"66000",387130000C,(04)23274275,(04)23288582,"2025","3","25","9","1",臺中市,大里區,"0","1","0","7.0","3.0","6.0","50.0","13.0","9.0","1.0","5.0","4.0","6.0","6.0","4.0","4.0","5.0","4.0","5.0","1.0","12.0","2.0","9.0","5.0","4.0",F01,"7.0","9.0","7.0","21.0","2.0","11.0",,"84.0","84.0","1.0","13.0","1.0",217001.692515628,2667822.58641288,"2.0","9743.0"
"9923",,"66000",387130000C,(04)23274275,(04)23288582,"2025","3","25","16","23",臺中市,北屯區,"0","1","0","7.0","2.0","6.0","50.0","13.0","9.0","1.0","5.0","4.0","6.0","6.0","4.0","4.0","1.0","4.0","5.0","2.0","12.0","2.0","9.0","2.0","1.0",F01,"7.0","9.0","7.0","21.0","2.0","11.0",,"84.0","84.0","1.0","12.0","4.0",222307.647193364,2673735.66535961,"2.0","9924.0"
"9935",,"66000",387130000C,(04)23274275,(04)23288582,"2025","3","25","16","51",臺中市,潭子區,"0","2","0","7.0","3.0","6.0","50.0","13.0","9.0","1.0","5.0","4.0","6.0","6.0","4.0","4.0","5.0","4.0","5.0","1.0","13.0","2.0","7.0","4.0","1.0",F01,"7.0","9.0","7.0","21.0","2.0","11.0",,"59.0","59.0","1.0","13.0","4.0",219605.505030311,2678895.22442046,"2.0","9936.0"
"9955",,"66000",387130000C,(04)23274275,(04)23288582,"2025","3","25","17","19",臺中市,西屯區,"0","0","0","7.0",,,"50.0",,,,,,,,,,,,,,"12.0",,,,,F01,,,"1.0",,"1.0",,,"84.0","84.0","1.0","5.0","4.0",120.650139,24.181996,"3.0","9956.0"
"9983",,"66000",387130000C,(04)23274275,(04)23288582,"2025","3","25","18","4",臺中市,西屯區,"0","1","0","7.0","1.0","6.0","50.0","4.0","1.0","1.0","5.0","4.0","6.0","6.0","2.0","1.0","10.0","5.0","5.0","2.0","16.0","2.0","8.0","4.0","1.0",F01,"7.0","6.0","7.0","21.0","2.0","11.0",,"11.0","11.0","1.0","12.0","4.0",215104.886438788,2673184.80157477,"2.0","9984.0"
"10050",,"66000",387130000C,(04)23274275,(04)23288582,"2025","3","25","21","16",臺中市,南屯區,"0","2","0","7.0","1.0","6.0","50.0","3.0","2.0","1.0","5.0","4.0","6.0","6.0","4.0","4.0","10.0","5.0","5.0","2.0","17.0","2.0","9.0","6.0","1.0",F01,"7.0","6.0","7.0","21.0","2.0","11.0",,"39.0","39.0","1.0","12.0","4.0",214115.585097249,2669967.05512218,"2.0","10051.0"
"10070",,"66000",387130000C,(04)23274275,(04)23288582,"2025","3","25","23","34",臺中市,太平區,"0","2","0","7.0","1.0","6.0","50.0","4.0","1.0","1.0","5.0","4.0","6.0","6.0","2.0","1.0","10.0","5.0","5.0","2.0","16.0","2.0","1.0","4.0","1.0",F01,"7.0","6.0","7.0","21.0","2.0","12.0",,"23.0","23.0","1.0","12.0","1.0",221159.365484812,2669829.22375836,"2.0","10071.0"
"10110",,"66000",387130000C,(04)23274275,(04)23288582,"2025","3","26","7","29",臺中市,大里區,"0","0","0","7.0",,,"30.0",,,,,,,,,,,,,,"16.0",,,,,F01,,,"7.0",,"1.0",,,"84.0","84.0","1.0","3.0","4.0",120.698422,24.090506,"3.0","10111.0"
"10142",,"66000",387130000C,(04)23274275,(04)23288582,"2025","3","26","7","58",臺中市,西屯區,"0","0","0","7.0",,,"30.0",,,,,,,,,,,,,,"13.0",,,,,F02,,,"7.0",,"1.0",,,"59.0","59.0","1.0","13.0","4.0",120.635379,24.187971,"3.0","10143.0"
"10242",,"66000",387130000C,(04)23274275,(04)23288582,"2025","3","26","11","33",臺中市,梧棲區,"0","0","0","7.0",,,"50.0",,,,,,,,,,,,,,"17.0",,,,,F01,,,"7.0",,"1.0",,,"8.0","8.0","1.0","12.0","4.0",120.543535,24.243308,"3.0","10243.0"
"10401",,"66000",387130000C,(04)23274275,(04)23288582,"2025","3","26","17","11",臺中市,北屯區,"0","0","0","7.0",,,"50.0",,,,,,,,,,,,,,"13.0",,,,,F01,,,"7.0",,"1.0",,,"58.0","58.0","1.0","3.0","1.0",120.691894,24.180205,"3.0","10402.0"
"10461",,"66000",387130000C,(04)23274275,(04)23288582,"2025","3","26","18","44",臺中市,梧棲區,"0","1","0","7.0","1.0","6.0","50.0","13.0","9.0","1.0","5.0","4.0","6.0","6.0","4.0","4.0","9.0","4.0","5.0","1.0","18.0","2.0","9.0","5.0","4.0",F02,"7.0","9.0","7.0","21.0","11.0","14.0",,"59.0","59.0","1.0","12.0","4.0",202737.178715561,2681024.11761582,"2.0","10462.0"
"10508",,"66000",387130000C,(04)23274275,(04)23288582,"2025","3","26","22","12",臺中市,中區,"0","1","0","7.0","1.0","6.0","50.0","4.0","1.0","1.0","5.0","4.0","6.0","6.0","2.0","1.0","10.0","5.0","5.0","2.0","18.0","2.0","9.0","6.0","1.0",F01,"7.0","9.0","7.0","21.0","2.0","11.0",,"6.0","6.0","1.0","12.0","4.0",217701.673115351,2670110.31034304,"2.0","10509.0"
"10537",,"66000",387130000C,(04)23274275,(04)23288582,"2025","3","27","6","52",臺中市,北屯區,"0","1","0","7.0","3.0","6.0","50.0","4.0","2.0","1.0","5.0","4.0","6.0","6.0","1.0","1.0","5.0","5.0","5.0","2.0","17.0","2.0","7.0","4.0","1.0",F01,"7.0","6.0","7.0","21.0","2.0","12.0",,"39.0","39.0","1.0","12.0","4.0",219265.319596853,2673017.49297421,"2.0","10538.0"
"10552",,"66000",387130000C,(04)23274275,(04)23288582,"2025","3","27","7","14",臺中市,南屯區,"0","1","0","7.0","2.0","6.0","50.0","13.0","9.0","1.0","5.0","4.0","6.0","6.0","4.0","4.0","9.0","4.0","4.0","2.0","16.0","2.0","8.0","6.0","1.0",F01,"7.0","10.0","7.0","21.0","2.0","11.0",,"26.0","26.0","1.0","12.0","1.0",213112.027362389,2671030.7281671,"2.0","10553.0"
"10574",,"66000",387130000C,(04)23274275,(04)23288582,"2025","3","27","7","40",臺中市,霧峰區,"0","1","0","7.0","2.0","6.0","50.0","3.0","1.0","1.0","5.0","4.0","6.0","6.0","4.0","4.0","10.0","5.0","5.0","2.0","17.0","2.0","8.0","4.0","1.0",F01,"7.0","1.0","7.0","21.0","9.0","11.0",,"51.0","51.0","1.0","13.0","4.0",220362.988767761,2663251.74990655,"2.0","10575.0"
"10744",,"66000",387130000C,(04)23274275,(04)23288582,"2025","3","27","13","55",臺中市,東區,"0","1","0","7.0","2.0","6.0","50.0","4.0","1.0","1.0","5.0","4.0","6.0","6.0","1.0","1.0","10.0","5.0","5.0","2.0","18.0","2.0","9.0","6.0","1.0",F02,"7.0","9.0","7.0","21.0","2.0","14.0",,"84.0","84.0","1.0","12.0","4.0",220357.710145637,2670103.6481902,"2.0","10745.0"
"10800",,"66000",387130000C,(04)23274275,(04)23288582,"2025","3","27","16","15",臺中市,北區,"0","0","0","7.0",,,"50.0",,,,,,,,,,,,,,"12.0",,,,,F01,,,"1.0",,"1.0",,,"8.0","8.0","1.0","13.0","4.0",120.687131,24.148841,"3.0","10801.0"
"11275",,"66000",387130000C,(04)23274275,(04)23288582,"2025","3","28","17","45",臺中市,神岡區,"0","1","0","7.0","3.0","6.0","30.0","4.0","1.0","1.0","5.0","4.0","6.0","6.0","4.0","4.0","10.0","5.0","5.0","2.0","16.0","2.0","9.0","6.0","1.0",F01,"7.0","5.0","7.0","21.0","2.0","11.0",,"14.0","14.0","1.0","13.0","4.0",217921.419510185,2682126.02860904,"2.0","11276.0"
"11307",,"66000",387130000C,(04)23274275,(04)23288582,"2025","3","28","18","29",臺中市,沙鹿區,"0","1","0","7.0","1.0","6.0","50.0","13.0","9.0","1.0","5.0","4.0","6.0","6.0","4.0","4.0","5.0","5.0","5.0","2.0","13.0","2.0","8.0","1.0","1.0",F01,"7.0","9.0","7.0","21.0","2.0","16.0",,"7.0","7.0","1.0","6.0","4.0",204726.200302037,2680728.55803909,"2.0","11308.0"
"11317",,"66000",387130000C,(04)23274275,(04)23288582,"2025","3","28","18","41",臺中市,西區,"0","1","0","7.0","1.0","6.0","50.0","13.0","9.0","1.0","5.0","4.0","6.0","6.0","4.0","4.0","5.0","5.0","5.0","2.0","18.0","2.0","9.0","6.0","1.0",F01,"7.0","9.0","7.0","21.0","2.0","14.0",,"84.0","84.0","1.0","12.0","4.0",215896.3118743,2671426.25537665,"2.0","11318.0"
"11318",,"66000",387130000C,(04)23274275,(04)23288582,"2025","3","28","18","43",臺中市,沙鹿區,"0","1","0","7.0","1.0","6.0","30.0","13.0","9.0","1.0","5.0","4.0","6.0","6.0","4.0","4.0","10.0","5.0","5.0","2.0","18.0","2.0","9.0","6.0","1.0",F01,"7.0","9.0","7.0","21.0","2.0","12.0",,"82.0","82.0","1.0","5.0","1.0",207787.303482334,2677872.97665853,"2.0","11319.0"
"11440",,"66000",387130000C,(04)23274275,(04)23288582,"2025","3","29","8","34",臺中市,南屯區,"0","2","0","7.0","1.0","6.0","50.0","13.0","9.0","1.0","5.0","4.0","6.0","6.0","4.0","4.0","10.0","4.0","5.0","2.0","11.0","2.0","9.0","5.0","4.0",F01,"7.0","9.0","7.0","21.0","2.0","11.0",,"84.0","84.0","1.0","13.0","4.0",211205.915420872,2671911.50915009,"2.0","11441.0"
"11459",,"66000",387130000C,(04)23274275,(04)23288582,"2025","3","29","10","15",臺中市,大雅區,"0","1","0","7.0","2.0","6.0","0.0","3.0","14.0","1.0","5.0","4.0","6.0","6.0","1.0","1.0","1.0","3.0","4.0","1.0","17.0","2.0","9.0","6.0","1.0",F01,"7.0","9.0","7.0","21.0","2.0","11.0",,"84.0","84.0","1.0","13.0","4.0",214995.879181928,2679543.22760546,"2.0","11460.0"
"11499",,"66000",387130000C,(04)23274275,(04)23288582,"2025","3","29","11","45",臺中市,南區,"0","0","0","7.0","1.0","6.0","50.0","4.0","1.0","1.0","5.0","4.0","6.0","6.0","1.0","1.0","10.0","5.0","5.0","2.0","17.0","3.0","10.0","1.0","1.0",F01,"7.0","15.0","7.0","21.0","1.0","1.0",,"84.0","84.0","1.0","12.0","4.0",120.667003,24.117253,"3.0","11500.0"
"11555",,"66000",387130000C,(04)23274275,(04)23288582,"2025","3","29","13","5",臺中市,大肚區,"0","1","0","7.0","2.0","6.0","30.0","4.0","2.0","1.0","5.0","4.0","6.0","6.0","4.0","4.0","10.0","5.0","5.0","2.0","18.0","2.0","9.0","5.0","4.0",F02,"7.0","5.0","7.0","21.0","7.0","15.0",,"59.0","59.0","1.0","12.0","4.0",207181.215748151,2674249.96045862,"2.0","11556.0"
"11770",,"66000",387130000C,(04)23274275,(04)23288582,"2025","3","30","8","50",臺中市,北區,"0","1","0","5.0","3.0","9.0","50.0","18.0","24.0","1.0","4.0","4.0","6.0","6.0","4.0","4.0","10.0","5.0","5.0","2.0","18.0","2.0","9.0","5.0","4.0",F01,"7.0","15.0","7.0","21.0","2.0","14.0",,"59.0","59.0","1.0","13.0","4.0",217920.072290324,2671861.7853889,"2.0","11771.0"
"11794",,"66000",387130000C,(04)23274275,(04)23288582,"2025","3","30","10","13",臺中市,西區,"0","2","0","6.0","2.0","6.0","50.0","4.0","2.0","1.0","4.0","4.0","6.0","6.0","2.0","1.0","5.0","4.0","4.0","2.0","12.0","2.0","9.0","6.0","1.0",F01,"7.0","8.0","7.0","21.0","2.0","14.0",,"40.0","40.0","1.0","12.0","4.0",215983.133591717,2671567.36612795,"2.0","11795.0"
"11820",,"66000",387130000C,(04)23274275,(04)23288582,"2025","3","30","11","22",臺中市,中區,"0","0","0","5.0",,,"50.0",,,,,,,,,,,,,,,,,,,F01,,,"1.0",,"2.0",,,"84.0","84.0","1.0","12.0","4.0",120.681535,24.144834,"3.0","11821.0"
"11858",,"66000",387130000C,(04)23274275,(04)23288582,"2025","3","30","13","38",臺中市,烏日區,"0","2","0","7.0","2.0","6.0","50.0","5.0","1.0","1.0","5.0","4.0","6.0","6.0","1.0","1.0","10.0","5.0","5.0","2.0","17.0","2.0","9.0","4.0","1.0",F02,"7.0","15.0","7.0","21.0","2.0","14.0",,"84.0","84.0","1.0","12.0","4.0",213788.410202045,2664161.10487844,"2.0","11859.0"
"11864",,"66000",387130000C,(04)23274275,(04)23288582,"2025","3","30","13","47",臺中市,南屯區,"0","1","0","6.0","3.0","6.0","50.0","13.0","9.0","1.0","5.0","4.0","6.0","6.0","1.0","1.0","5.0","4.0","5.0","2.0","17.0","2.0","9.0","4.0","1.0",F01,"7.0","9.0","7.0","21.0","1.0","11.0",,"84.0","84.0","1.0","12.0","4.0",212597.673437081,2670061.88748945,"2.0","11865.0"
"11876",,"66000",387130000C,(04)23274275,(04)23288582,"2025","3","30","14","15",臺中市,清水區,"0","1","0","6.0","3.0","6.0","30.0","13.0","9.0","1.0","5.0","4.0","6.0","6.0","4.0","4.0","5.0","5.0","5.0","1.0","17.0","3.0","10.0","6.0","1.0",F01,"7.0","9.0","7.0","21.0","9.0","12.0",,"8.0","8.0","1.0","12.0","4.0",120.616159,24.311798,"2.0","11877.0"
"11913",,"66000",387130000C,(04)23274275,(04)23288582,"2025","3","30","16","12",臺中市,潭子區,"0","1","0","5.0","3.0","6.0","40.0","4.0","1.0","1.0","4.0","4.0","6.0","6.0","4.0","4.0","10.0","5.0","5.0","2.0","15.0","2.0","9.0","1.0","1.0",F01,"7.0","9.0","7.0","21.0","2.0","13.0",,"13.0","13.0","1.0","13.0","4.0",219902.852497051,2678580.38789904,"2.0","11914.0"
"12365",,"66000",387130000C,(04)23274275,(04)23288582,"2025","3","31","17","56",臺中市,烏日區,"0","1","0","7.0","1.0","6.0","50.0","4.0","1.0","1.0","5.0","4.0","6.0","6.0","1.0","1.0","10.0","5.0","5.0","2.0","15.0","2.0","9.0","6.0","1.0",F01,"7.0","9.0","7.0","21.0","2.0","11.0",,"87.0","87.0","1.0","6.0","4.0",213323.388678945,2666675.66831128,"2.0","12366.0"
"12422",,"66000",387130000C,(04)23274275,(04)23288582,"2025","3","31","19","12",臺中市,烏日區,"0","1","0","7.0","1.0","6.0","50.0","13.0","14.0","1.0","5.0","4.0","6.0","6.0","4.0","4.0","1.0","4.0","5.0","1.0","17.0","2.0","8.0","4.0","2.0",F02,"7.0","9.0","7.0","21.0","2.0","11.0",,"62.0","62.0","1.0","4.0","1.0",213223.278750345,2667001.20150166,"2.0","12423.0"
"12436",,"66000",387130000C,(04)23274275,(04)23288582,"2025","3","31","19","39",臺中市,豐原區,"0","0","0","5.0",,,"0.0",,,,,,,,,,,,,,"17.0",,,,,F01,,,"7.0",,"2.0",,,"84.0","84.0","1.0","12.0","4.0",120.721012,24.252529,"3.0","12437.0"